entry_thresh,exit_thresh,entry_confirm_bars,exit_confirm_bars,timed_exit_bars,total_oos_pips,total_trades,avg_oos_pips,losing_years
0.2,0.0,0,0,77,527576.7,119474,4.4158,0
0.2,0.0,0,0,78,528994.7,119804,4.4155,0
0.2,0.0,0,0,79,531491.4,120103,4.4253,0
0.2,0.0,0,0,80,533993.2,120167,4.4438,0
0.2,0.0,0,0,81,534287.9,120364,4.4389,0
0.2,0.0,0,0,82,536332.6,120500,4.4509,0
0.2,0.0,0,0,83,536855.1,120412,4.4585,0
0.2,0.0,0,0,84,537433.1,120521,4.4592,0
0.2,0.0,0,0,85,539652.4,120670,4.4721,0
0.2,0.0,0,0,86,541261.5,120597,4.4882,0
0.2,0.0,0,0,87,542484.4,120444,4.504,0
0.2,0.0,0,0,88,543165.0,120328,4.514,0
0.2,0.0,0,0,89,544826.0,120666,4.5152,0
0.2,0.0,0,0,90,546371.6,121042,4.5139,0
0.2,0.0,0,0,91,548653.7,121240,4.5254,0
0.2,0.0,0,0,92,551013.5,121081,4.5508,0
0.2,0.0,0,0,94,551754.8,120757,4.5691,0
0.2,0.0,0,0,93,552171.2,120949,4.5653,0
0.2,0.0,0,0,95,552681.3,121121,4.5631,0
0.2,0.0,0,0,96,553634.9,121123,4.5708,0
0.2,0.0,0,0,97,556679.2,121382,4.5862,0
0.2,0.0,0,0,98,557987.6,121483,4.5931,0
0.2,0.0,0,0,99,559020.1,121452,4.6028,0
0.2,0.0,0,0,100,560134.3,121194,4.6218,0
0.2,0.0,0,0,101,561077.6,121061,4.6347,0
0.2,0.0,0,0,102,562183.0,121137,4.6409,0
0.2,0.0,0,0,103,563710.2,121050,4.6568,0
0.2,0.0,0,0,104,565329.4,120977,4.673,0
0.2,0.0,0,0,105,567198.3,121082,4.6844,0
0.2,0.0,0,0,106,568126.4,121182,4.6882,0
0.2,0.0,0,0,108,568877.1,120779,4.7101,0
0.2,0.0,0,0,107,569271.3,121301,4.693,0
0.2,0.0,0,0,109,572637.6,121312,4.7204,0
0.2,0.0,0,0,112,572957.4,120889,4.7395,0
0.2,0.0,0,0,110,573319.5,121134,4.7329,0
0.2,0.0,0,0,111,573671.1,121398,4.7255,0
0.2,0.0,0,0,113,574017.4,121091,4.7404,0
0.2,0.0,0,0,114,574636.1,121060,4.7467,0
0.2,0.0,0,0,115,576269.7,121153,4.7565,0
0.2,0.0,0,0,116,577396.6,121677,4.7453,0
0.2,0.0,0,0,117,578248.0,121286,4.7676,0
0.2,0.0,0,0,120,579883.1,121441,4.775,0
0.2,0.0,0,0,118,580549.8,121782,4.7671,0
0.2,0.0,0,0,121,581530.3,121734,4.7771,0
0.2,0.0,0,0,122,581988.3,121651,4.7841,0
0.2,0.0,0,0,123,581991.6,121311,4.7975,0
0.2,0.0,0,0,119,582244.7,122165,4.7661,0
0.2,0.0,0,0,124,584222.8,121661,4.8021,0
0.2,0.0,0,0,126,584471.3,121220,4.8216,0
0.2,0.0,0,0,125,584569.7,121226,4.8221,0
0.2,0.0,0,0,127,585228.3,120917,4.8399,0
0.2,0.0,0,0,129,585887.3,121156,4.8358,0
0.2,0.0,0,0,128,586303.7,121300,4.8335,0
0.2,0.0,0,0,130,586839.3,121343,4.8362,0
0.2,0.0,0,0,131,588527.3,121531,4.8426,0
0.2,0.0,0,0,132,588562.8,121825,4.8312,0
0.2,0.0,0,0,133,588798.6,121750,4.8361,0
0.2,0.0,0,0,136,589998.2,121538,4.8544,0
0.2,0.0,0,0,134,590072.9,121599,4.8526,0
0.2,0.0,0,0,135,590455.5,121674,4.8528,0
0.2,0.0,0,0,137,591394.7,121692,4.8598,0
0.2,0.0,0,0,138,591558.5,121662,4.8623,0
0.2,0.0,0,0,139,591700.8,121678,4.8628,0
0.2,0.0,0,0,140,592581.3,121550,4.8752,0
0.2,0.0,0,0,141,593244.5,121887,4.8672,0
0.2,0.0,0,0,142,594757.6,122088,4.8715,0
0.2,0.0,0,0,143,595069.7,121913,4.8811,0
0.2,0.0,0,0,144,596136.5,122301,4.8743,0
0.2,0.0,0,0,146,596298.7,121707,4.8995,0
0.2,0.0,0,0,145,596327.4,121865,4.8933,0
0.2,0.0,0,0,147,597146.4,121729,4.9055,0
0.2,0.0,0,0,148,597487.2,121913,4.9009,0
0.2,0.0,0,0,149,598439.0,121845,4.9115,0
0.2,0.0,0,0,153,598786.1,122076,4.905,0
0.2,0.0,0,0,150,598921.1,122069,4.9064,0
0.2,0.0,0,0,152,599143.7,121991,4.9114,0
0.2,0.0,0,0,151,599353.1,121978,4.9136,0
0.2,0.0,0,0,155,599885.8,122153,4.9109,0
0.2,0.0,0,0,154,600116.4,122219,4.9102,0
0.2,0.0,0,0,156,600448.4,122208,4.9133,0
0.2,0.0,0,0,157,601285.1,122508,4.9081,0
0.2,0.0,0,0,158,602529.5,122424,4.9217,0
0.2,0.0,0,0,159,602952.4,122410,4.9257,0
0.2,0.0,0,0,162,603148.2,122145,4.938,0
0.2,0.0,0,0,161,603280.3,122194,4.9371,0
0.2,0.0,0,0,160,603654.6,122516,4.9271,0
0.2,0.0,0,0,163,603929.6,122184,4.9428,0
0.2,0.0,0,0,164,604516.2,122187,4.9475,0
0.2,0.0,0,0,165,604680.7,122368,4.9415,0
0.2,0.0,0,0,166,605137.5,122099,4.9561,0
0.2,0.0,0,0,167,605431.3,122078,4.9594,0
0.2,0.0,0,0,168,605654.9,122186,4.9568,0
0.2,0.0,0,0,170,606114.0,122053,4.966,0
0.2,0.0,0,0,169,606191.4,121977,4.9697,0
0.2,0.0,0,0,171,606428.0,122008,4.9704,0
0.2,0.0,0,0,175,607748.9,121947,4.9837,0
0.2,0.0,0,0,172,607884.4,122510,4.9619,0
0.2,0.0,0,0,173,608185.6,122409,4.9685,0
0.2,0.0,0,0,174,608203.2,122296,4.9732,0
0.2,0.0,0,0,177,608378.8,122506,4.9661,0
0.2,0.0,0,0,178,608426.8,122506,4.9665,0
0.2,0.0,0,0,176,608778.3,122401,4.9736,0
0.2,0.0,0,0,179,609009.9,122415,4.975,0
0.2,0.0,0,0,180,609743.4,122502,4.9774,0
0.2,0.0,0,0,181,610332.6,122415,4.9858,0
0.2,0.0,0,0,182,610753.2,122488,4.9862,0
0.2,0.0,0,0,183,610952.0,122472,4.9885,0
0.2,0.0,0,0,184,612280.6,122496,4.9984,0
0.2,0.0,0,0,185,612703.5,122668,4.9948,0
0.2,0.0,0,0,186,613295.3,122453,5.0084,0
0.2,0.0,0,0,187,613708.0,122558,5.0075,0
0.2,0.0,0,0,188,614096.6,122667,5.0062,0
0.2,0.0,0,0,189,614582.8,122667,5.0102,0
0.2,0.0,0,0,190,615090.6,122561,5.0186,0
0.2,0.0,0,0,194,615489.4,122729,5.015,0
0.2,0.0,0,0,192,615628.4,122593,5.0217,0
0.2,0.0,0,0,191,615662.1,122558,5.0234,0
0.2,0.0,0,0,195,615750.1,123077,5.003,0
0.2,0.0,0,0,196,615820.7,122931,5.0095,0
0.2,0.0,0,0,193,616047.5,122593,5.0251,0
0.2,0.0,0,0,198,616063.5,122717,5.0202,0
0.2,0.0,0,0,197,616126.1,122731,5.0201,0
0.2,0.0,0,0,200,616226.7,122822,5.0172,0
0.2,0.0,0,0,199,616353.9,122741,5.0216,0
0.2,0.0,0,0,201,616358.7,122867,5.0165,0
0.2,0.0,0,0,204,617074.4,122517,5.0366,0
0.2,0.0,0,0,205,617130.9,122321,5.0452,0
0.2,0.0,0,0,202,617172.1,122778,5.0267,0
0.2,0.0,0,0,206,617275.7,122321,5.0464,0
0.2,0.0,0,0,203,617301.2,122569,5.0364,0
0.2,0.0,0,0,207,617543.6,122297,5.0495,0
0.2,0.0,0,0,208,617871.5,122426,5.0469,0
0.2,0.0,0,0,209,618025.5,122517,5.0444,0
0.2,0.0,0,0,210,618149.6,122321,5.0535,0
0.2,0.0,0,0,212,618442.8,122397,5.0528,0
0.2,0.0,0,0,211,618514.0,122410,5.0528,0
0.2,0.0,0,0,213,618863.4,122484,5.0526,0
0.2,0.0,0,0,215,619071.8,122397,5.0579,0
0.2,0.0,0,0,214,619161.3,122397,5.0586,0
0.2,0.0,0,0,216,619294.3,122488,5.056,0
0.2,0.0,0,0,217,619842.2,122395,5.0643,0
0.2,0.0,0,0,218,619861.1,122395,5.0644,0
0.2,0.0,0,0,219,620108.5,122395,5.0665,0
0.2,0.0,0,0,220,620260.7,122304,5.0715,0
0.2,0.0,0,0,260,625599.3,122285,5.1159,0
0.2,0.0,0,0,259,625702.1,122309,5.1157,0
0.2,0.0,0,0,258,625333.4,122309,5.1127,0
0.2,0.0,0,0,257,625095.4,122309,5.1108,0
0.2,0.0,0,0,256,624921.3,122309,5.1094,0
0.2,0.0,0,0,287,628102.2,122130,5.1429,0
0.2,0.0,0,0,254,624744.1,122309,5.1079,0
0.2,0.0,0,0,253,624745.2,122309,5.1079,0
0.2,0.0,0,0,252,624631.6,122455,5.1009,0
0.2,0.0,0,0,251,624341.8,122455,5.0985,0
0.2,0.0,0,0,250,624519.6,122455,5.1,0
0.2,0.0,0,0,249,624514.9,122455,5.1,0
0.2,0.0,0,0,280,626441.7,122130,5.1293,0
0.2,0.0,0,0,247,623968.2,122596,5.0896,0
0.2,0.0,0,0,246,623951.1,122596,5.0895,0
0.2,0.0,0,0,245,623756.1,122596,5.0879,0
0.2,0.0,0,0,276,626135.7,122261,5.1213,0
0.2,0.0,0,0,275,625767.1,122154,5.1228,0
0.2,0.0,0,0,274,625815.4,122261,5.1187,0
0.2,0.0,0,0,273,625588.1,122261,5.1168,0
0.2,0.0,0,0,272,625412.2,122154,5.1199,0
0.2,0.0,0,0,303,629358.7,122130,5.1532,0
0.2,0.0,0,0,270,625409.6,122018,5.1256,0
0.2,0.0,0,0,269,625462.7,122018,5.126,0
0.2,0.0,0,0,268,625193.7,122018,5.1238,0
0.2,0.0,0,0,267,625033.9,122101,5.119,0
0.2,0.0,0,0,266,625568.6,122256,5.1169,0
0.2,0.0,0,0,265,625583.1,122256,5.117,0
0.2,0.0,0,0,296,629202.1,122130,5.1519,0
0.2,0.0,0,0,263,625289.7,122285,5.1134,0
0.2,0.0,0,0,262,625267.6,122285,5.1132,0
0.2,0.0,0,0,261,625375.0,122416,5.1086,0
0.2,0.0,0,0,292,628783.6,122130,5.1485,0
0.2,0.0,0,0,291,628403.0,122130,5.1454,0
0.2,0.0,0,0,290,628454.7,122130,5.1458,0
0.2,0.0,0,0,289,628601.4,122130,5.147,0
0.2,0.0,0,0,288,628178.2,122130,5.1435,0
0.2,0.0,0,0,319,629556.7,122130,5.1548,0
0.2,0.0,0,0,286,627969.1,122130,5.1418,0
0.2,0.0,0,0,285,627662.1,122130,5.1393,0
0.2,0.0,0,0,284,627502.3,122130,5.138,0
0.2,0.0,0,0,283,626941.9,122130,5.1334,0
0.2,0.0,0,0,282,626786.7,122130,5.1321,0
0.2,0.0,0,0,281,626817.8,122130,5.1324,0
0.2,0.0,0,0,312,630084.9,122285,5.1526,0
0.2,0.0,0,0,279,626465.2,122237,5.125,0
0.2,0.0,0,0,278,626128.0,122261,5.1212,0
0.2,0.0,0,0,277,626107.3,122237,5.1221,0
0.2,0.0,0,0,301,628982.4,122130,5.1501,0
0.2,0.0,0,0,300,629220.9,122130,5.1521,0
0.2,0.0,0,0,299,629410.5,122130,5.1536,0
0.2,0.0,0,0,298,629311.9,122130,5.1528,0
0.2,0.0,0,0,297,629294.9,122130,5.1527,0
0.2,0.0,0,0,369,630568.2,122237,5.1586,0
0.2,0.0,0,0,368,630561.8,122237,5.1585,0
0.2,0.0,0,0,366,630523.8,122237,5.1582,0
0.2,0.0,0,0,365,630476.9,122237,5.1578,0
0.2,0.0,0,0,364,630497.5,122237,5.158,0
0.2,0.0,0,0,363,630457.4,122237,5.1577,0
0.2,0.0,0,0,362,630466.6,122237,5.1577,0
0.2,0.0,0,0,361,630518.8,122237,5.1582,0
0.2,0.0,0,0,295,629021.4,122130,5.1504,0
0.2,0.0,0,0,294,629204.0,122130,5.1519,0
0.2,0.0,0,0,293,629355.6,122130,5.1532,0
0.2,0.0,0,0,367,630565.2,122237,5.1585,0
0.2,0.0,0,0,334,629999.7,122130,5.1584,0
0.2,0.0,0,0,331,629986.1,122130,5.1583,0
0.2,0.0,0,0,330,630026.0,122130,5.1587,0
0.2,0.0,0,0,329,630027.1,122130,5.1587,0
0.2,0.0,0,0,360,630578.3,122237,5.1587,0
0.2,0.0,0,0,311,630044.2,122285,5.1523,0
0.2,0.0,0,0,310,629285.4,122130,5.1526,0
0.2,0.0,0,0,309,629313.8,122130,5.1528,0
0.2,0.0,0,0,308,629361.6,122130,5.1532,0
0.2,0.0,0,0,307,629365.7,122130,5.1532,0
0.2,0.0,0,0,306,629278.4,122130,5.1525,0
0.2,0.0,0,0,305,629336.0,122130,5.153,0
0.2,0.0,0,0,304,629453.7,122130,5.154,0
0.2,0.0,0,0,335,630184.1,122130,5.1599,0
0.2,0.0,0,0,302,629202.6,122130,5.1519,0
0.2,0.0,0,0,327,630038.8,122130,5.1588,0
0.2,0.0,0,0,326,629965.0,122130,5.1582,0
0.2,0.0,0,0,325,629923.1,122130,5.1578,0
0.2,0.0,0,0,324,629968.7,122130,5.1582,0
0.2,0.0,0,0,323,629867.1,122130,5.1573,0
0.2,0.0,0,0,322,629704.9,122130,5.156,0
0.2,0.0,0,0,321,629728.2,122130,5.1562,0
0.2,0.0,0,0,320,629628.8,122130,5.1554,0
0.2,0.0,0,0,318,629590.7,122130,5.1551,0
0.2,0.0,0,0,317,629524.4,122130,5.1545,0
0.2,0.0,0,0,316,629474.2,122130,5.1541,0
0.2,0.0,0,0,315,629369.4,122130,5.1533,0
0.2,0.0,0,0,314,629221.5,122130,5.1521,0
0.2,0.0,0,0,313,629242.0,122130,5.1522,0
0.2,0.0,0,0,338,630389.5,122130,5.1616,0
0.2,0.0,0,0,336,630210.0,122130,5.1602,0
0.2,0.0,0,0,244,623524.7,122596,5.086,0
0.2,0.0,0,0,243,622960.1,122502,5.0853,0
0.2,0.0,0,0,242,623063.7,122502,5.0862,0
0.2,0.0,0,0,241,623441.4,122596,5.0853,0
0.2,0.0,0,0,240,623491.3,122701,5.0814,0
0.2,0.0,0,0,271,625353.0,122154,5.1194,0
0.2,0.0,0,0,238,623067.6,122607,5.0818,0
0.2,0.0,0,0,237,622728.2,122607,5.0791,0
0.2,0.0,0,0,236,622908.8,122696,5.0768,0
0.2,0.0,0,0,235,622737.3,122591,5.0798,0
0.2,0.0,0,0,234,622478.2,122591,5.0777,0
0.2,0.0,0,0,233,622141.9,122450,5.0808,0
0.2,0.0,0,0,264,625255.8,122280,5.1133,0
0.2,0.0,0,0,231,621578.3,122591,5.0703,0
0.2,0.0,0,0,230,621559.5,122696,5.0658,0
0.2,0.0,0,0,229,621524.7,122591,5.0699,0
0.2,0.0,0,0,228,621056.9,122591,5.0661,0
0.2,0.0,0,0,227,621058.4,122591,5.0661,0
0.2,0.0,0,0,226,620871.5,122591,5.0646,0
0.2,0.0,0,0,225,620878.1,122450,5.0705,0
0.2,0.0,0,0,224,620879.0,122450,5.0705,0
0.2,0.0,0,0,255,624869.8,122309,5.1089,0
0.2,0.0,0,0,222,620446.6,122304,5.073,0
0.2,0.0,0,0,221,620504.2,122304,5.0735,0
0.2,0.0,0,0,248,624164.9,122596,5.0912,0
0.2,0.0,0,0,239,623229.2,122607,5.0831,0
0.2,0.0,0,0,232,622031.9,122591,5.074,0
0.2,0.0,0,0,223,620793.4,122304,5.0758,0
0.2,0.0,0,0,351,631263.0,122392,5.1577,0
0.2,0.0,0,0,344,631119.2,122285,5.1611,0
0.2,0.0,0,0,343,631001.1,122285,5.1601,0
0.2,0.0,0,0,342,631051.7,122285,5.1605,0
0.2,0.0,0,0,341,631153.4,122285,5.1613,0
0.2,0.0,0,0,340,631081.8,122285,5.1607,0
0.2,0.0,0,0,339,630974.6,122285,5.1599,0
0.2,0.0,0,0,337,630879.1,122285,5.1591,0
0.2,0.0,0,0,333,630641.2,122285,5.1571,0
0.2,0.0,0,0,332,630699.2,122285,5.1576,0
0.2,0.0,0,0,328,630761.6,122285,5.1581,0
0.2,0.0,0,0,359,630784.8,122237,5.1603,0
0.2,0.0,0,0,358,630748.1,122237,5.16,0
0.2,0.0,0,0,357,630709.7,122237,5.1597,0
0.2,0.0,0,0,356,631181.9,122392,5.1571,0
0.2,0.0,0,0,355,631225.3,122392,5.1574,0
0.2,0.0,0,0,354,631263.2,122392,5.1577,0
0.2,0.0,0,0,353,631342.1,122392,5.1584,0
0.2,0.0,0,0,352,631228.3,122392,5.1574,0
0.2,0.0,0,0,383,631310.7,122237,5.1646,0
0.2,0.0,0,0,350,631159.1,122285,5.1614,0
0.2,0.0,0,0,349,631096.0,122285,5.1609,0
0.2,0.0,0,0,348,631076.3,122285,5.1607,0
0.2,0.0,0,0,347,631115.8,122392,5.1565,0
0.2,0.0,0,0,346,631053.6,122285,5.1605,0
0.2,0.0,0,0,345,631019.2,122285,5.1602,0
0.2,0.0,0,0,376,631196.1,122237,5.1637,0
0.2,0.0,0,0,375,631128.9,122237,5.1632,0
0.2,0.0,0,0,374,631074.2,122237,5.1627,0
0.2,0.0,0,0,373,630969.0,122237,5.1618,0
0.2,0.0,0,0,372,630875.6,122237,5.1611,0
0.2,0.0,0,0,371,630848.1,122237,5.1609,0
0.2,0.0,0,0,370,630685.3,122237,5.1595,0
0.2,0.0,0,0,399,631458.9,122237,5.1659,0
0.2,0.0,0,0,392,631546.1,122237,5.1666,0
0.2,0.0,0,0,391,631588.7,122237,5.1669,0
0.2,0.0,0,0,390,631568.9,122237,5.1668,0
0.2,0.0,0,0,389,631536.6,122237,5.1665,0
0.2,0.0,0,0,388,631479.5,122237,5.166,0
0.2,0.0,0,0,387,631449.7,122237,5.1658,0
0.2,0.0,0,0,386,631399.8,122237,5.1654,0
0.2,0.0,0,0,385,631359.7,122237,5.165,0
0.2,0.0,0,0,384,631365.2,122237,5.1651,0
0.2,0.0,0,0,415,631497.2,122237,5.1662,0
0.2,0.0,0,0,382,631294.0,122237,5.1645,0
0.2,0.0,0,0,381,631283.2,122237,5.1644,0
0.2,0.0,0,0,380,631282.9,122237,5.1644,0
0.2,0.0,0,0,379,631269.5,122237,5.1643,0
0.2,0.0,0,0,378,631361.0,122237,5.1651,0
0.2,0.0,0,0,377,631302.1,122237,5.1646,0
0.2,0.0,0,0,408,631473.1,122237,5.166,0
0.2,0.0,0,0,407,631335.7,122237,5.1648,0
0.2,0.0,0,0,406,631307.5,122237,5.1646,0
0.2,0.0,0,0,405,631396.0,122237,5.1653,0
0.2,0.0,0,0,404,631293.8,122237,5.1645,0
0.2,0.0,0,0,403,631380.0,122237,5.1652,0
0.2,0.0,0,0,402,631388.3,122237,5.1653,0
0.2,0.0,0,0,401,631393.1,122237,5.1653,0
0.2,0.0,0,0,400,631449.6,122237,5.1658,0
0.2,0.0,0,0,431,631579.0,122237,5.1668,0
0.2,0.0,0,0,398,631512.4,122237,5.1663,0
0.2,0.0,0,0,397,631469.2,122237,5.1659,0
0.2,0.0,0,0,396,631472.5,122237,5.166,0
0.2,0.0,0,0,395,631473.5,122237,5.166,0
0.2,0.0,0,0,394,631514.5,122237,5.1663,0
0.2,0.0,0,0,393,631512.9,122237,5.1663,0
0.2,0.0,0,0,424,631611.9,122237,5.1671,0
0.2,0.0,0,0,423,631614.5,122237,5.1671,0
0.2,0.0,0,0,422,631610.1,122237,5.1671,0
0.2,0.0,0,0,421,631634.4,122237,5.1673,0
0.2,0.0,0,0,420,631554.7,122237,5.1666,0
0.2,0.0,0,0,419,631559.4,122237,5.1667,0
0.2,0.0,0,0,418,631526.4,122237,5.1664,0
0.2,0.0,0,0,417,631512.8,122237,5.1663,0
0.2,0.0,0,0,416,631574.3,122237,5.1668,0
0.2,0.0,0,0,447,631468.2,122307,5.163,0
0.2,0.0,0,0,414,631449.5,122237,5.1658,0
0.2,0.0,0,0,413,631483.6,122237,5.1661,0
0.2,0.0,0,0,412,631464.7,122237,5.1659,0
0.2,0.0,0,0,411,631458.2,122237,5.1659,0
0.2,0.0,0,0,410,631457.0,122237,5.1658,0
0.2,0.0,0,0,409,631482.8,122237,5.1661,0
0.2,0.0,0,0,440,631494.3,122237,5.1661,0
0.2,0.0,0,0,439,631448.4,122237,5.1658,0
0.2,0.0,0,0,438,631433.4,122237,5.1656,0
0.2,0.0,0,0,437,631665.4,122237,5.1675,0
0.2,0.0,0,0,436,631646.1,122237,5.1674,0
0.2,0.0,0,0,435,631643.1,122237,5.1674,0
0.2,0.0,0,0,434,631620.1,122237,5.1672,0
0.2,0.0,0,0,433,631595.7,122237,5.167,0
0.2,0.0,0,0,432,631609.2,122237,5.1671,0
0.2,0.0,0,0,463,631561.7,122307,5.1637,0
0.2,0.0,0,0,430,631563.8,122237,5.1667,0
0.2,0.0,0,0,429,631543.9,122237,5.1666,0
0.2,0.0,0,0,428,631592.9,122237,5.167,0
0.2,0.0,0,0,427,631570.9,122237,5.1668,0
0.2,0.0,0,0,426,631550.1,122237,5.1666,0
0.2,0.0,0,0,425,631586.1,122237,5.1669,0
0.2,0.0,0,0,456,631578.9,122307,5.1639,0
0.2,0.0,0,0,455,631581.1,122307,5.1639,0
0.2,0.0,0,0,454,631577.6,122307,5.1639,0
0.2,0.0,0,0,453,631576.1,122307,5.1639,0
0.2,0.0,0,0,452,631565.3,122307,5.1638,0
0.2,0.0,0,0,451,631538.1,122307,5.1635,0
0.2,0.0,0,0,450,631516.2,122307,5.1634,0
0.2,0.0,0,0,449,631471.3,122307,5.163,0
0.2,0.0,0,0,448,631449.5,122307,5.1628,0
0.2,0.0,0,0,479,631707.3,122307,5.1649,0
0.2,0.0,0,0,446,631493.5,122307,5.1632,0
0.2,0.0,0,0,445,631461.4,122307,5.1629,0
0.2,0.0,0,0,444,631484.6,122307,5.1631,0
0.2,0.0,0,0,443,631457.9,122307,5.1629,0
0.2,0.0,0,0,442,631483.7,122307,5.1631,0
0.2,0.0,0,0,441,631525.4,122307,5.1634,0
0.2,0.0,0,0,472,631707.4,122237,5.1679,0
0.2,0.0,0,0,471,631690.8,122307,5.1648,0
0.2,0.0,0,0,470,631671.1,122237,5.1676,0
0.2,0.0,0,0,469,631646.1,122237,5.1674,0
0.2,0.0,0,0,468,631667.6,122307,5.1646,0
0.2,0.0,0,0,467,631627.9,122237,5.1672,0
0.2,0.0,0,0,466,631587.2,122237,5.1669,0
0.2,0.0,0,0,465,631567.4,122307,5.1638,0
0.2,0.0,0,0,464,631587.1,122307,5.1639,0
0.2,0.0,0,0,495,631754.2,122307,5.1653,0
0.2,0.0,0,0,462,631592.5,122307,5.164,0
0.2,0.0,0,0,461,631594.2,122307,5.164,0
0.2,0.0,0,0,460,631596.2,122307,5.164,0
0.2,0.0,0,0,459,631589.5,122307,5.164,0
0.2,0.0,0,0,458,631564.8,122307,5.1638,0
0.2,0.0,0,0,457,631526.2,122307,5.1635,0
0.2,0.0,0,0,488,631784.0,122307,5.1656,0
0.2,0.0,0,0,487,631779.2,122307,5.1655,0
0.2,0.0,0,0,486,631767.0,122307,5.1654,0
0.2,0.0,0,0,485,631738.3,122307,5.1652,0
0.2,0.0,0,0,484,631744.0,122307,5.1652,0
0.2,0.0,0,0,483,631706.5,122237,5.1679,0
0.2,0.0,0,0,482,631699.6,122307,5.1649,0
0.2,0.0,0,0,481,631705.2,122237,5.1679,0
0.2,0.0,0,0,480,631703.4,122237,5.1679,0
0.2,0.0,0,0,511,631687.0,122307,5.1648,0
0.2,0.0,0,0,478,631693.1,122307,5.1648,0
0.2,0.0,0,0,477,631671.3,122307,5.1646,0
0.2,0.0,0,0,476,631644.5,122307,5.1644,0
0.2,0.0,0,0,475,631675.1,122307,5.1647,0
0.2,0.0,0,0,474,631681.5,122307,5.1647,0
0.2,0.0,0,0,473,631690.5,122307,5.1648,0
0.2,0.0,0,0,504,631714.1,122307,5.165,0
0.2,0.0,0,0,503,631717.2,122307,5.165,0
0.2,0.0,0,0,502,631709.5,122307,5.1649,0
0.2,0.0,0,0,501,631685.7,122237,5.1677,0
0.2,0.0,0,0,500,631671.5,122237,5.1676,0
0.2,0.0,0,0,499,631668.0,122307,5.1646,0
0.2,0.0,0,0,498,631683.2,122237,5.1677,0
0.2,0.0,0,0,497,631718.7,122237,5.168,0
0.2,0.0,0,0,496,631717.9,122237,5.168,0
0.2,0.0,0,0,527,631868.1,122307,5.1662,0
0.2,0.0,0,0,494,631772.8,122237,5.1684,0
0.2,0.0,0,0,493,631775.3,122307,5.1655,0
0.2,0.0,0,0,492,631741.5,122307,5.1652,0
0.2,0.0,0,0,491,631775.9,122307,5.1655,0
0.2,0.0,0,0,490,631768.4,122307,5.1654,0
0.2,0.0,0,0,489,631799.4,122307,5.1657,0
0.2,0.0,0,0,520,631783.3,122307,5.1656,0
0.2,0.0,0,0,519,631771.6,122307,5.1655,0
0.2,0.0,0,0,518,631762.6,122307,5.1654,0
0.2,0.0,0,0,517,631767.3,122237,5.1684,0
0.2,0.0,0,0,516,631777.7,122237,5.1685,0
0.2,0.0,0,0,515,631751.5,122237,5.1683,0
0.2,0.0,0,0,514,631745.6,122237,5.1682,0
0.2,0.0,0,0,513,631734.3,122307,5.1652,0
0.2,0.0,0,0,512,631716.7,122307,5.165,0
0.2,0.0,0,0,543,631985.0,122307,5.1672,0
0.2,0.0,0,0,510,631713.4,122307,5.165,0
0.2,0.0,0,0,509,631703.6,122307,5.1649,0
0.2,0.0,0,0,508,631701.6,122307,5.1649,0
0.2,0.0,0,0,507,631733.1,122307,5.1651,0
0.2,0.0,0,0,506,631721.9,122307,5.1651,0
0.2,0.0,0,0,505,631702.7,122307,5.1649,0
0.2,0.0,0,0,536,631907.0,122307,5.1666,0
0.2,0.0,0,0,535,631916.7,122307,5.1666,0
0.2,0.0,0,0,534,631903.5,122307,5.1665,0
0.2,0.0,0,0,533,631908.6,122307,5.1666,0
0.2,0.0,0,0,532,631891.2,122307,5.1664,0
0.2,0.0,0,0,531,631875.2,122307,5.1663,0
0.2,0.0,0,0,530,631857.7,122307,5.1662,0
0.2,0.0,0,0,529,631838.4,122307,5.166,0
0.2,0.0,0,0,528,631832.2,122237,5.1689,0
0.2,0.0,0,0,559,632025.7,122307,5.1675,0
0.2,0.0,0,0,526,631886.0,122307,5.1664,0
0.2,0.0,0,0,525,631874.3,122307,5.1663,0
0.2,0.0,0,0,524,631850.6,122307,5.1661,0
0.2,0.0,0,0,523,631822.9,122307,5.1659,0
0.2,0.0,0,0,522,631812.6,122307,5.1658,0
0.2,0.0,0,0,521,631807.1,122307,5.1657,0
0.2,0.0,0,0,552,632046.6,122307,5.1677,0
0.2,0.0,0,0,551,631998.6,122307,5.1673,0
0.2,0.0,0,0,550,631990.6,122237,5.1702,0
0.2,0.0,0,0,549,631973.6,122307,5.1671,0
0.2,0.0,0,0,548,631994.8,122307,5.1673,0
0.2,0.0,0,0,547,631989.3,122307,5.1672,0
0.2,0.0,0,0,546,631995.7,122307,5.1673,0
0.2,0.0,0,0,545,631988.0,122307,5.1672,0
0.2,0.0,0,0,544,632012.0,122237,5.1704,0
0.2,0.0,0,0,575,632025.4,122307,5.1675,0
0.2,0.0,0,0,542,631962.4,122307,5.167,0
0.2,0.0,0,0,541,631950.4,122307,5.1669,0
0.2,0.0,0,0,540,631969.7,122307,5.1671,0
0.2,0.0,0,0,539,631960.5,122307,5.167,0
0.2,0.0,0,0,538,631947.8,122307,5.1669,0
0.2,0.0,0,0,537,631918.2,122307,5.1667,0
0.2,0.0,0,0,570,632054.2,122307,5.1678,0
0.2,0.0,0,0,569,632067.0,122307,5.1679,0
0.2,0.0,0,0,568,632075.5,122307,5.1679,0
0.2,0.0,0,0,567,632076.5,122307,5.168,0
0.2,0.0,0,0,566,632086.8,122307,5.168,0
0.2,0.0,0,0,565,632079.7,122307,5.168,0
0.2,0.0,0,0,564,632081.0,122307,5.168,0
0.2,0.0,0,0,563,632045.2,122307,5.1677,0
0.2,0.0,0,0,560,632056.9,122307,5.1678,0
0.2,0.0,0,0,562,632062.6,122307,5.1678,0
0.2,0.0,0,0,561,632047.2,122307,5.1677,0
0.2,0.0,0,0,558,632047.4,122307,5.1677,0
0.2,0.0,0,0,557,632052.4,122307,5.1678,0
0.2,0.0,0,0,556,632053.7,122307,5.1678,0
0.2,0.0,0,0,555,632065.5,122307,5.1679,0
0.2,0.0,0,0,554,632057.3,122307,5.1678,0
0.2,0.0,0,0,553,632059.6,122307,5.1678,0
0.2,0.0,0,0,574,632035.6,122307,5.1676,0
0.2,0.0,0,0,573,632059.7,122307,5.1678,0
0.2,0.0,0,0,572,632068.8,122307,5.1679,0
0.2,0.0,0,0,571,632062.7,122307,5.1678,0
0.2,0.0,0,0,576,632025.2,122307,5.1675,0
0.2,0.1,0,1,569,620427.3,193457,3.2071,0
0.2,0.1,0,1,565,620435.3,193457,3.2071,0
0.2,0.1,0,1,567,620436.9,193457,3.2071,0
0.2,0.1,0,1,561,620439.1,193457,3.2071,0
0.2,0.1,0,1,564,620441.6,193457,3.2071,0
0.2,0.1,0,1,562,620441.8,193457,3.2071,0
0.2,0.1,0,1,568,620442.3,193457,3.2071,0
0.2,0.1,0,1,566,620445.7,193457,3.2072,0
0.2,0.1,0,0,85,622442.9,198730,3.1321,0
0.2,0.1,0,0,86,624382.5,199120,3.1357,0
0.2,0.1,0,0,88,625235.7,198992,3.142,0
0.2,0.1,0,0,87,626505.8,200079,3.1313,0
0.2,0.1,0,0,89,627166.9,199420,3.145,0
0.2,0.1,0,0,90,629000.5,200499,3.1372,0
0.2,0.1,0,0,91,631448.1,200543,3.1487,0
0.2,0.1,0,0,92,634259.8,200970,3.156,0
0.2,0.1,0,0,93,634734.1,200891,3.1596,0
0.2,0.1,0,0,94,637362.9,201188,3.168,0
0.2,0.1,0,0,95,637831.2,200919,3.1746,0
0.2,0.1,0,0,96,638819.1,200649,3.1838,0
0.2,0.1,0,0,97,641208.0,201060,3.1891,0
0.2,0.1,0,0,98,642448.3,202315,3.1755,0
0.2,0.1,0,0,99,643624.1,202558,3.1775,0
0.2,0.1,0,0,101,644774.5,202726,3.1805,0
0.2,0.1,0,0,100,644806.0,202611,3.1825,0
0.2,0.1,0,0,103,645579.4,203584,3.1711,0
0.2,0.1,0,0,102,645634.6,203511,3.1725,0
0.2,0.1,0,0,104,646300.9,203301,3.179,0
0.2,0.1,0,0,105,648545.9,203865,3.1813,0
0.2,0.1,0,0,107,650691.9,203907,3.1911,0
0.2,0.1,0,0,108,652191.7,205492,3.1738,0
0.2,0.1,0,0,106,652195.2,204348,3.1916,0
0.2,0.1,0,0,109,655477.4,205203,3.1943,0
0.2,0.1,0,0,110,656802.3,205760,3.1921,0
0.2,0.1,0,0,112,656830.3,205223,3.2006,0
0.2,0.1,0,0,113,658605.0,205573,3.2038,0
0.2,0.1,0,0,111,658792.4,205488,3.206,0
0.2,0.1,0,0,114,659045.6,204129,3.2286,0
0.2,0.1,0,0,115,661788.3,204928,3.2294,0
0.2,0.1,0,0,116,661967.5,204486,3.2372,0
0.2,0.1,0,0,117,663479.0,204785,3.2399,0
0.2,0.1,0,0,118,664168.7,204041,3.2551,0
0.2,0.1,0,0,123,664994.8,204224,3.2562,0
0.2,0.1,0,0,120,665208.2,205004,3.2449,0
0.2,0.1,0,0,121,665455.7,204716,3.2506,0
0.2,0.1,0,0,119,665547.5,204540,3.2539,0
0.2,0.1,0,0,122,665823.9,205495,3.2401,0
0.2,0.1,0,0,124,666220.4,204284,3.2612,0
0.2,0.1,0,0,125,666934.0,204517,3.261,0
0.2,0.1,0,0,126,666988.9,204375,3.2636,0
0.2,0.1,0,0,127,667647.9,204317,3.2677,0
0.2,0.1,0,0,128,669137.2,204036,3.2795,0
0.2,0.1,0,0,129,669833.3,204718,3.272,0
0.2,0.1,0,0,130,670653.1,203939,3.2885,0
0.2,0.1,0,0,133,671993.4,204404,3.2876,0
0.2,0.1,0,0,131,672143.7,203713,3.2995,0
0.2,0.1,0,0,132,672243.8,204583,3.2859,0
0.2,0.1,0,0,134,673624.7,204221,3.2985,0
0.2,0.1,0,0,135,673809.9,204005,3.3029,0
0.2,0.1,0,0,138,675623.6,204344,3.3063,0
0.2,0.1,0,0,136,675908.1,204462,3.3058,0
0.2,0.1,0,0,137,675953.7,204455,3.3061,0
0.2,0.1,0,0,139,676175.4,204296,3.3098,0
0.2,0.1,0,0,140,676788.9,204362,3.3117,0
0.2,0.1,0,0,141,677353.7,204302,3.3155,0
0.2,0.1,0,0,143,678478.9,204281,3.3213,0
0.2,0.1,0,0,142,678849.4,204475,3.32,0
0.2,0.1,0,0,144,679190.4,205009,3.313,0
0.2,0.1,0,0,145,679547.6,205308,3.3099,0
0.2,0.1,0,0,146,680509.6,205650,3.3091,0
0.2,0.1,0,0,148,680512.6,205180,3.3167,0
0.2,0.1,0,0,147,680641.7,205209,3.3168,0
0.2,0.1,0,0,153,680790.8,205089,3.3195,0
0.2,0.1,0,0,150,681191.1,205035,3.3223,0
0.2,0.1,0,0,149,681354.4,205680,3.3127,0
0.2,0.1,0,0,151,682054.5,205228,3.3234,0
0.2,0.1,0,0,152,682164.4,205343,3.3221,0
0.2,0.1,0,0,155,682583.8,205280,3.3251,0
0.2,0.1,0,0,154,682690.9,205683,3.3191,0
0.2,0.1,0,0,156,683036.9,205060,3.3309,0
0.2,0.1,0,0,157,684105.5,205000,3.3371,0
0.2,0.1,0,0,158,685231.8,205301,3.3377,0
0.2,0.1,0,0,159,685741.9,205315,3.34,0
0.2,0.1,0,0,160,686445.0,205488,3.3406,0
0.2,0.1,0,0,161,686839.5,205623,3.3403,0
0.2,0.1,0,0,162,687324.0,205705,3.3413,0
0.2,0.1,0,0,163,688329.5,205705,3.3462,0
0.2,0.1,0,0,165,688475.7,205712,3.3468,0
0.2,0.1,0,0,164,688695.8,205705,3.348,0
0.2,0.1,0,0,166,689108.8,205901,3.3468,0
0.2,0.1,0,0,167,690057.2,205912,3.3512,0
0.2,0.1,0,0,170,690161.9,205484,3.3587,0
0.2,0.1,0,0,168,690482.3,205897,3.3535,0
0.2,0.1,0,0,171,690663.3,206174,3.3499,0
0.2,0.1,0,0,169,690858.6,205555,3.3609,0
0.2,0.1,0,0,172,691065.5,205290,3.3663,0
0.2,0.1,0,0,173,691477.2,205290,3.3683,0
0.2,0.1,0,0,174,692160.9,206179,3.3571,0
0.2,0.1,0,0,180,692683.8,205738,3.3668,0
0.2,0.1,0,0,177,692770.4,205928,3.3641,0
0.2,0.1,0,0,181,692864.6,205825,3.3663,0
0.2,0.1,0,0,175,692909.2,205972,3.3641,0
0.2,0.1,0,0,178,692948.0,205730,3.3682,0
0.2,0.1,0,0,176,693245.6,206159,3.3627,0
0.2,0.1,0,0,179,693368.9,205944,3.3668,0
0.2,0.1,0,0,182,693770.1,205880,3.3698,0
0.2,0.1,0,0,183,694381.4,206161,3.3682,0
0.2,0.1,0,0,185,694747.8,205869,3.3747,0
0.2,0.1,0,0,186,694975.8,205479,3.3822,0
0.2,0.1,0,0,187,695459.8,205677,3.3813,0
0.2,0.1,0,0,184,695698.2,206592,3.3675,0
0.2,0.1,0,0,188,696547.9,205748,3.3854,0
0.2,0.1,0,0,189,697548.4,206493,3.3781,0
0.2,0.1,0,0,190,697939.0,206723,3.3762,0
0.2,0.1,0,0,191,698736.4,206578,3.3824,0
0.2,0.1,0,0,194,699260.4,206186,3.3914,0
0.2,0.1,0,0,193,699296.4,207138,3.376,0
0.2,0.1,0,0,192,699827.6,206861,3.3831,0
0.2,0.1,0,0,196,699943.9,206445,3.3905,0
0.2,0.1,0,0,197,700341.9,206445,3.3924,0
0.2,0.1,0,0,195,700619.9,206408,3.3943,0
0.2,0.1,0,0,198,700622.7,206480,3.3932,0
0.2,0.1,0,0,200,700987.4,206687,3.3915,0
0.2,0.1,0,0,201,701292.8,206465,3.3967,0
0.2,0.1,0,0,202,701698.0,206465,3.3986,0
0.2,0.1,0,0,203,701816.0,206044,3.4061,0
0.2,0.1,0,0,199,701961.7,207150,3.3887,0
0.2,0.1,0,0,205,702504.3,205691,3.4153,0
0.2,0.1,0,0,204,702760.9,206083,3.4101,0
0.2,0.1,0,0,206,702838.2,206306,3.4068,0
0.2,0.1,0,0,207,703163.2,206302,3.4084,0
0.2,0.1,0,0,208,704091.5,206381,3.4116,0
0.2,0.1,0,0,209,705225.2,206589,3.4137,0
0.2,0.1,0,0,210,705311.8,206187,3.4207,0
0.2,0.1,0,0,211,705507.9,206812,3.4113,0
0.2,0.1,0,0,212,705777.9,206755,3.4136,0
0.2,0.1,0,0,213,705863.7,206563,3.4172,0
0.2,0.1,0,0,215,706096.6,206538,3.4187,0
0.2,0.1,0,0,217,706147.7,206485,3.4198,0
0.2,0.1,0,0,216,706186.9,206538,3.4192,0
0.2,0.1,0,0,218,706351.7,206735,3.4167,0
0.2,0.1,0,0,219,706353.3,206278,3.4243,0
0.2,0.1,0,0,214,706381.7,206538,3.4201,0
0.2,0.1,0,0,220,706444.9,206679,3.4181,0
0.2,0.1,0,0,221,706584.0,206492,3.4218,0
0.2,0.1,0,0,222,707298.4,206904,3.4185,0
0.2,0.1,0,0,224,707387.2,206872,3.4194,0
0.2,0.1,0,0,225,707539.9,206699,3.423,0
0.2,0.1,0,0,223,707552.3,206915,3.4195,0
0.2,0.1,0,0,227,707570.3,206703,3.4231,0
0.2,0.1,0,0,226,707763.8,206699,3.4241,0
0.2,0.1,0,0,228,708065.4,206872,3.4227,0
0.2,0.1,0,0,231,708202.1,206414,3.431,0
0.2,0.1,0,0,229,708373.3,206872,3.4242,0
0.2,0.1,0,0,230,708588.1,206872,3.4252,0
0.2,0.1,0,0,232,708916.4,206665,3.4303,0
0.2,0.1,0,0,233,709066.7,206665,3.431,0
0.2,0.1,0,0,241,709329.3,206644,3.4326,0
0.2,0.1,0,0,245,709459.7,206463,3.4363,0
0.2,0.1,0,0,234,709530.1,206665,3.4332,0
0.2,0.1,0,0,239,709539.2,206437,3.4371,0
0.2,0.1,0,0,238,709695.6,206414,3.4382,0
0.2,0.1,0,0,235,709765.0,206665,3.4344,0
0.2,0.1,0,0,237,709818.0,206665,3.4346,0
0.2,0.1,0,0,236,709904.1,206665,3.435,0
0.2,0.1,0,0,243,709973.4,206872,3.4319,0
0.2,0.1,0,0,242,710069.4,206872,3.4324,0
0.2,0.1,0,0,240,710123.8,206872,3.4327,0
0.2,0.1,0,0,244,710168.4,206665,3.4363,0
0.2,0.1,0,0,246,710583.9,206665,3.4383,0
0.2,0.1,0,0,247,710659.8,206499,3.4415,0
0.2,0.1,0,0,248,711035.6,206665,3.4405,0
0.2,0.1,0,0,376,719990.6,207025,3.4778,0
0.2,0.1,0,0,343,719250.7,207203,3.4712,0
0.2,0.1,0,0,342,719289.6,207203,3.4714,0
0.2,0.1,0,0,405,720082.3,207025,3.4782,0
0.2,0.1,0,0,404,720013.3,207025,3.4779,0
0.2,0.1,0,0,403,720070.7,207025,3.4782,0
0.2,0.1,0,0,370,719554.6,207025,3.4757,0
0.2,0.1,0,0,369,719485.6,207025,3.4754,0
0.2,0.1,0,0,400,720095.6,207025,3.4783,0
0.2,0.1,0,0,399,720147.7,207025,3.4786,0
0.2,0.1,0,0,398,720211.4,207025,3.4789,0
0.2,0.1,0,0,397,720161.7,207025,3.4786,0
0.2,0.1,0,0,396,720142.5,207025,3.4785,0
0.2,0.1,0,0,395,720201.2,207025,3.4788,0
0.2,0.1,0,0,394,720187.5,207025,3.4787,0
0.2,0.1,0,0,393,720106.2,207025,3.4784,0
0.2,0.1,0,0,360,719269.6,207025,3.4743,0
0.2,0.1,0,0,327,718191.0,207060,3.4685,0
0.2,0.1,0,0,326,718194.6,206844,3.4722,0
0.2,0.1,0,0,389,720176.7,207025,3.4787,0
0.2,0.1,0,0,388,720151.4,207025,3.4786,0
0.2,0.1,0,0,387,720114.5,207025,3.4784,0
0.2,0.1,0,0,354,719541.4,207203,3.4726,0
0.2,0.1,0,0,353,719693.3,207203,3.4734,0
0.2,0.1,0,0,384,720066.9,207025,3.4782,0
0.2,0.1,0,0,383,720036.8,207025,3.478,0
0.2,0.1,0,0,382,719997.4,207025,3.4778,0
0.2,0.1,0,0,381,720019.6,207025,3.4779,0
0.2,0.1,0,0,380,720016.0,207025,3.4779,0
0.2,0.1,0,0,379,720067.4,207025,3.4782,0
0.2,0.1,0,0,378,720078.3,207025,3.4782,0
0.2,0.1,0,0,377,720030.8,207025,3.478,0
0.2,0.1,0,0,344,719319.7,207203,3.4716,0
0.2,0.1,0,0,311,717485.1,207055,3.4652,0
0.2,0.1,0,0,310,717428.2,207271,3.4613,0
0.2,0.1,0,0,373,719890.8,207025,3.4773,0
0.2,0.1,0,0,372,719752.5,207025,3.4766,0
0.2,0.1,0,0,371,719732.2,207025,3.4765,0
0.2,0.1,0,0,338,719226.7,207203,3.4711,0
0.2,0.1,0,0,337,719048.8,207025,3.4732,0
0.2,0.1,0,0,368,719473.4,207025,3.4753,0
0.2,0.1,0,0,367,719451.1,207025,3.4752,0
0.2,0.1,0,0,366,719445.3,207025,3.4752,0
0.2,0.1,0,0,365,719369.9,207025,3.4748,0
0.2,0.1,0,0,364,719435.1,207025,3.4751,0
0.2,0.1,0,0,363,719320.4,207025,3.4746,0
0.2,0.1,0,0,362,719318.2,207025,3.4745,0
0.2,0.1,0,0,361,719234.1,207025,3.4741,0
0.2,0.1,0,0,328,718259.1,206844,3.4725,0
0.2,0.1,0,0,295,716815.7,206618,3.4693,0
0.2,0.1,0,0,294,716871.3,206618,3.4695,0
0.2,0.1,0,0,357,719522.7,207025,3.4755,0
0.2,0.1,0,0,356,719402.2,207025,3.475,0
0.2,0.1,0,0,355,719387.9,207025,3.4749,0
0.2,0.1,0,0,322,718172.7,206844,3.472,0
0.2,0.1,0,0,321,718140.8,206844,3.4719,0
0.2,0.1,0,0,352,719625.2,207203,3.473,0
0.2,0.1,0,0,351,719692.5,207203,3.4734,0
0.2,0.1,0,0,350,719600.2,207203,3.4729,0
0.2,0.1,0,0,349,719364.1,207025,3.4748,0
0.2,0.1,0,0,348,719356.2,207203,3.4717,0
0.2,0.1,0,0,347,719391.5,207203,3.4719,0
0.2,0.1,0,0,346,719346.2,207203,3.4717,0
0.2,0.1,0,0,345,719228.4,207203,3.4711,0
0.2,0.1,0,0,312,717542.7,207055,3.4655,0
0.2,0.1,0,0,279,714402.8,206618,3.4576,0
0.2,0.1,0,0,278,714206.5,206618,3.4567,0
0.2,0.1,0,0,341,719331.5,207203,3.4716,0
0.2,0.1,0,0,340,719266.7,207203,3.4713,0
0.2,0.1,0,0,339,719118.6,207025,3.4736,0
0.2,0.1,0,0,306,716739.9,206829,3.4654,0
0.2,0.1,0,0,305,716699.3,206829,3.4652,0
0.2,0.1,0,0,336,718989.1,207025,3.473,0
0.2,0.1,0,0,335,718954.5,207025,3.4728,0
0.2,0.1,0,0,334,718793.5,207025,3.472,0
0.2,0.1,0,0,333,718718.3,207025,3.4716,0
0.2,0.1,0,0,332,718676.5,207025,3.4714,0
0.2,0.1,0,0,331,718590.0,207025,3.471,0
0.2,0.1,0,0,330,718573.6,207025,3.471,0
0.2,0.1,0,0,329,718595.3,207025,3.4711,0
0.2,0.1,0,0,296,716905.0,206618,3.4697,0
0.2,0.1,0,0,263,712631.2,206872,3.4448,0
0.2,0.1,0,0,262,712568.7,207088,3.4409,0
0.2,0.1,0,0,325,718157.2,206844,3.472,0
0.2,0.1,0,0,324,718168.5,207060,3.4684,0
0.2,0.1,0,0,323,718248.7,207060,3.4688,0
0.2,0.1,0,0,290,716257.7,206618,3.4666,0
0.2,0.1,0,0,289,716239.3,206618,3.4665,0
0.2,0.1,0,0,320,717964.0,207060,3.4674,0
0.2,0.1,0,0,319,717932.6,206844,3.4709,0
0.2,0.1,0,0,318,717961.3,206844,3.471,0
0.2,0.1,0,0,317,717816.0,206844,3.4703,0
0.2,0.1,0,0,316,717666.2,206844,3.4696,0
0.2,0.1,0,0,315,717557.3,206844,3.4691,0
0.2,0.1,0,0,314,717533.5,206844,3.469,0
0.2,0.1,0,0,313,717460.9,207060,3.465,0
0.2,0.1,0,0,280,714372.5,206618,3.4575,0
0.2,0.1,0,0,309,717459.6,207271,3.4615,0
0.2,0.1,0,0,308,717329.2,207271,3.4608,0
0.2,0.1,0,0,307,716845.2,207045,3.4623,0
0.2,0.1,0,0,274,714032.5,206618,3.4558,0
0.2,0.1,0,0,273,713921.3,206618,3.4553,0
0.2,0.1,0,0,304,716868.6,206829,3.466,0
0.2,0.1,0,0,303,716857.6,206829,3.4659,0
0.2,0.1,0,0,302,716804.0,206829,3.4657,0
0.2,0.1,0,0,301,716672.7,206829,3.465,0
0.2,0.1,0,0,300,716961.7,206829,3.4664,0
0.2,0.1,0,0,299,717166.3,206618,3.471,0
0.2,0.1,0,0,298,717142.5,206618,3.4709,0
0.2,0.1,0,0,297,716901.8,206618,3.4697,0
0.2,0.1,0,0,264,712742.2,206872,3.4453,0
0.2,0.1,0,0,293,717035.5,206618,3.4703,0
0.2,0.1,0,0,292,716467.4,206618,3.4676,0
0.2,0.1,0,0,291,716312.7,206618,3.4668,0
0.2,0.1,0,0,258,712452.9,207304,3.4368,0
0.2,0.1,0,0,257,712326.8,207088,3.4397,0
0.2,0.1,0,0,288,715810.9,206618,3.4644,0
0.2,0.1,0,0,287,715663.7,206618,3.4637,0
0.2,0.1,0,0,286,715548.1,206618,3.4631,0
0.2,0.1,0,0,285,715750.8,206844,3.4603,0
0.2,0.1,0,0,284,715834.8,206844,3.4607,0
0.2,0.1,0,0,283,715438.2,206844,3.4588,0
0.2,0.1,0,0,282,715364.2,206844,3.4585,0
0.2,0.1,0,0,281,715349.5,206844,3.4584,0
0.2,0.1,0,0,392,720215.4,207025,3.4789,0
0.2,0.1,0,0,359,719521.8,207025,3.4755,0
0.2,0.1,0,0,358,719481.3,207025,3.4753,0
0.2,0.1,0,0,421,720497.1,207025,3.4802,0
0.2,0.1,0,0,420,720426.0,207025,3.4799,0
0.2,0.1,0,0,419,720405.4,207025,3.4798,0
0.2,0.1,0,0,386,720091.3,207025,3.4783,0
0.2,0.1,0,0,385,720075.1,207025,3.4782,0
0.2,0.1,0,0,416,720435.8,207025,3.4799,0
0.2,0.1,0,0,415,720353.6,207025,3.4795,0
0.2,0.1,0,0,414,720288.0,207025,3.4792,0
0.2,0.1,0,0,413,720323.9,207025,3.4794,0
0.2,0.1,0,0,412,720306.3,207025,3.4793,0
0.2,0.1,0,0,411,720311.0,207025,3.4793,0
0.2,0.1,0,0,410,720292.9,207025,3.4793,0
0.2,0.1,0,0,409,720320.0,207025,3.4794,0
0.2,0.1,0,0,277,714253.9,206618,3.4569,0
0.2,0.1,0,0,276,714174.3,206618,3.4565,0
0.2,0.1,0,0,275,713913.9,206618,3.4552,0
0.2,0.1,0,0,272,713831.4,206618,3.4548,0
0.2,0.1,0,0,271,713690.2,206618,3.4542,0
0.2,0.1,0,0,270,713638.9,206618,3.4539,0
0.2,0.1,0,0,269,713428.0,206618,3.4529,0
0.2,0.1,0,0,268,713266.6,206618,3.4521,0
0.2,0.1,0,0,267,713018.4,206618,3.4509,0
0.2,0.1,0,0,266,712886.9,206618,3.4503,0
0.2,0.1,0,0,265,713020.2,206618,3.4509,0
0.2,0.1,0,0,261,712741.4,207088,3.4417,0
0.2,0.1,0,0,260,712759.0,207304,3.4382,0
0.2,0.1,0,0,259,712583.0,207304,3.4374,0
0.2,0.1,0,0,256,712138.0,207088,3.4388,0
0.2,0.1,0,0,255,712059.2,207088,3.4384,0
0.2,0.1,0,0,254,711856.2,207088,3.4375,0
0.2,0.1,0,0,253,711799.5,207088,3.4372,0
0.2,0.1,0,0,252,711406.3,206872,3.4389,0
0.2,0.1,0,0,251,711396.9,206876,3.4388,0
0.2,0.1,0,0,250,711335.3,206876,3.4385,0
0.2,0.1,0,0,249,711473.6,206881,3.439,0
0.2,0.1,0,0,408,720337.7,207025,3.4795,0
0.2,0.1,0,0,375,719848.8,207025,3.4771,0
0.2,0.1,0,0,374,719955.9,207025,3.4776,0
0.2,0.1,0,0,437,720594.3,207025,3.4807,0
0.2,0.1,0,0,436,720575.6,207025,3.4806,0
0.2,0.1,0,0,435,720588.9,207025,3.4807,0
0.2,0.1,0,0,402,720130.9,207025,3.4785,0
0.2,0.1,0,0,401,720072.8,207025,3.4782,0
0.2,0.1,0,0,432,720573.0,207025,3.4806,0
0.2,0.1,0,0,431,720583.0,207025,3.4807,0
0.2,0.1,0,0,430,720539.1,207025,3.4804,0
0.2,0.1,0,0,429,720523.8,207025,3.4804,0
0.2,0.1,0,0,428,720547.2,207025,3.4805,0
0.2,0.1,0,0,427,720506.4,207025,3.4803,0
0.2,0.1,0,0,426,720464.6,207025,3.4801,0
0.2,0.1,0,0,425,720507.7,207025,3.4803,0
0.2,0.1,0,0,424,720520.4,207025,3.4804,0
0.2,0.1,0,0,391,720266.2,207025,3.4791,0
0.2,0.1,0,0,390,720233.1,207025,3.479,0
0.2,0.1,0,0,453,720422.1,207025,3.4799,0
0.2,0.1,0,0,452,720419.1,207025,3.4799,0
0.2,0.1,0,0,451,720400.4,207025,3.4798,0
0.2,0.1,0,0,418,720406.0,207025,3.4798,0
0.2,0.1,0,0,417,720385.4,207025,3.4797,0
0.2,0.1,0,0,448,720356.0,207025,3.4796,0
0.2,0.1,0,0,447,720331.8,207025,3.4794,0
0.2,0.1,0,0,446,720321.3,207025,3.4794,0
0.2,0.1,0,0,445,720285.6,207025,3.4792,0
0.2,0.1,0,0,444,720284.4,207025,3.4792,0
0.2,0.1,0,0,443,720313.1,207025,3.4794,0
0.2,0.1,0,0,442,720369.1,207025,3.4796,0
0.2,0.1,0,0,441,720414.4,207025,3.4798,0
0.2,0.1,0,0,440,720410.7,207025,3.4798,0
0.2,0.1,0,0,407,720131.4,207025,3.4785,0
0.2,0.1,0,0,406,720069.1,207025,3.4782,0
0.2,0.1,0,0,469,720490.6,207025,3.4802,0
0.2,0.1,0,0,468,720476.0,207025,3.4801,0
0.2,0.1,0,0,467,720432.6,207025,3.4799,0
0.2,0.1,0,0,434,720620.2,207025,3.4808,0
0.2,0.1,0,0,433,720562.2,207025,3.4806,0
0.2,0.1,0,0,464,720432.2,207025,3.4799,0
0.2,0.1,0,0,463,720418.0,207025,3.4799,0
0.2,0.1,0,0,462,720464.8,207025,3.4801,0
0.2,0.1,0,0,461,720464.2,207025,3.4801,0
0.2,0.1,0,0,460,720462.4,207025,3.4801,0
0.2,0.1,0,0,459,720438.9,207025,3.48,0
0.2,0.1,0,0,458,720433.4,207025,3.4799,0
0.2,0.1,0,0,457,720385.4,207025,3.4797,0
0.2,0.1,0,0,456,720425.5,207025,3.4799,0
0.2,0.1,0,0,423,720544.0,207025,3.4805,0
0.2,0.1,0,0,422,720511.4,207025,3.4803,0
0.2,0.1,0,0,485,720632.5,207025,3.4809,0
0.2,0.1,0,0,484,720624.8,207025,3.4809,0
0.2,0.1,0,0,483,720586.9,207025,3.4807,0
0.2,0.1,0,0,450,720388.9,207025,3.4797,0
0.2,0.1,0,0,449,720374.3,207025,3.4796,0
0.2,0.1,0,0,480,720588.7,207025,3.4807,0
0.2,0.1,0,0,479,720592.6,207025,3.4807,0
0.2,0.1,0,0,478,720608.7,207025,3.4808,0
0.2,0.1,0,0,477,720566.9,207025,3.4806,0
0.2,0.1,0,0,476,720535.9,207025,3.4804,0
0.2,0.1,0,0,475,720565.3,207025,3.4806,0
0.2,0.1,0,0,474,720561.0,207025,3.4806,0
0.2,0.1,0,0,473,720534.7,207025,3.4804,0
0.2,0.1,0,0,472,720526.0,207025,3.4804,0
0.2,0.1,0,0,439,720348.4,207025,3.4795,0
0.2,0.1,0,0,438,720334.7,207025,3.4795,0
0.2,0.1,0,0,501,720542.2,207025,3.4805,0
0.2,0.1,0,0,500,720549.3,207025,3.4805,0
0.2,0.1,0,0,499,720553.9,207025,3.4805,0
0.2,0.1,0,0,466,720435.8,207025,3.4799,0
0.2,0.1,0,0,465,720426.2,207025,3.4799,0
0.2,0.1,0,0,496,720529.7,207025,3.4804,0
0.2,0.1,0,0,495,720552.8,207025,3.4805,0
0.2,0.1,0,0,494,720566.2,207025,3.4806,0
0.2,0.1,0,0,493,720571.2,207025,3.4806,0
0.2,0.1,0,0,492,720575.6,207025,3.4806,0
0.2,0.1,0,0,491,720626.3,207025,3.4809,0
0.2,0.1,0,0,490,720625.9,207025,3.4809,0
0.2,0.1,0,0,489,720636.6,207025,3.4809,0
0.2,0.1,0,0,488,720642.4,207025,3.4809,0
0.2,0.1,0,0,455,720446.5,207025,3.48,0
0.2,0.1,0,0,454,720399.6,207025,3.4798,0
0.2,0.1,0,0,517,720670.3,207025,3.4811,0
0.2,0.1,0,0,516,720662.7,207025,3.481,0
0.2,0.1,0,0,515,720629.0,207025,3.4809,0
0.2,0.1,0,0,482,720585.5,207025,3.4807,0
0.2,0.1,0,0,481,720596.8,207025,3.4807,0
0.2,0.1,0,0,512,720577.8,207025,3.4806,0
0.2,0.1,0,0,511,720564.1,207025,3.4806,0
0.2,0.1,0,0,510,720573.1,207025,3.4806,0
0.2,0.1,0,0,509,720600.8,207025,3.4807,0
0.2,0.1,0,0,508,720605.2,207025,3.4808,0
0.2,0.1,0,0,507,720595.7,207025,3.4807,0
0.2,0.1,0,0,506,720575.9,207025,3.4806,0
0.2,0.1,0,0,505,720580.9,207025,3.4806,0
0.2,0.1,0,0,504,720599.0,207025,3.4807,0
0.2,0.1,0,0,471,720527.9,207025,3.4804,0
0.2,0.1,0,0,470,720510.5,207025,3.4803,0
0.2,0.1,0,0,533,720722.3,207025,3.4813,0
0.2,0.1,0,0,532,720719.4,207025,3.4813,0
0.2,0.1,0,0,531,720712.3,207025,3.4813,0
0.2,0.1,0,0,498,720533.2,207025,3.4804,0
0.2,0.1,0,0,497,720547.6,207025,3.4805,0
0.2,0.1,0,0,528,720708.9,207025,3.4813,0
0.2,0.1,0,0,527,720733.4,207025,3.4814,0
0.2,0.1,0,0,526,720739.5,207025,3.4814,0
0.2,0.1,0,0,525,720726.7,207025,3.4814,0
0.2,0.1,0,0,524,720736.2,207025,3.4814,0
0.2,0.1,0,0,523,720707.5,207025,3.4813,0
0.2,0.1,0,0,522,720726.1,207025,3.4813,0
0.2,0.1,0,0,521,720727.2,207025,3.4814,0
0.2,0.1,0,0,520,720734.3,207025,3.4814,0
0.2,0.1,0,0,487,720641.9,207025,3.4809,0
0.2,0.1,0,0,486,720652.8,207025,3.481,0
0.2,0.1,0,0,549,720813.3,207025,3.4818,0
0.2,0.1,0,0,548,720827.2,207025,3.4818,0
0.2,0.1,0,0,547,720806.6,207025,3.4817,0
0.2,0.1,0,0,514,720590.2,207025,3.4807,0
0.2,0.1,0,0,513,720585.2,207025,3.4807,0
0.2,0.1,0,0,544,720808.0,207025,3.4817,0
0.2,0.1,0,0,543,720794.1,207025,3.4817,0
0.2,0.1,0,0,542,720791.5,207025,3.4817,0
0.2,0.1,0,0,541,720758.8,207025,3.4815,0
0.2,0.1,0,0,540,720753.3,207025,3.4815,0
0.2,0.1,0,0,539,720758.3,207025,3.4815,0
0.2,0.1,0,0,538,720771.4,207025,3.4816,0
0.2,0.1,0,0,537,720751.6,207025,3.4815,0
0.2,0.1,0,0,536,720713.0,207025,3.4813,0
0.2,0.1,0,0,503,720576.1,207025,3.4806,0
0.2,0.1,0,0,502,720551.0,207025,3.4805,0
0.2,0.1,0,0,565,720901.1,207025,3.4822,0
0.2,0.1,0,0,564,720907.4,207025,3.4822,0
0.2,0.1,0,0,563,720883.3,207025,3.4821,0
0.2,0.1,0,0,530,720714.6,207025,3.4813,0
0.2,0.1,0,0,529,720711.6,207025,3.4813,0
0.2,0.1,0,0,560,720889.6,207025,3.4821,0
0.2,0.1,0,0,559,720858.1,207025,3.482,0
0.2,0.1,0,0,558,720860.8,207025,3.482,0
0.2,0.1,0,0,557,720849.1,207025,3.4819,0
0.2,0.1,0,0,556,720839.6,207025,3.4819,0
0.2,0.1,0,0,555,720838.9,207025,3.4819,0
0.2,0.1,0,0,554,720858.5,207025,3.482,0
0.2,0.1,0,0,553,720851.1,207025,3.482,0
0.2,0.1,0,0,552,720843.5,207025,3.4819,0
0.2,0.1,0,0,519,720698.5,207025,3.4812,0
0.2,0.1,0,0,518,720663.3,207025,3.481,0
0.2,0.1,0,0,562,720907.6,207025,3.4822,0
0.2,0.1,0,0,561,720904.9,207025,3.4822,0
0.2,0.1,0,0,546,720800.5,207025,3.4817,0
0.2,0.1,0,0,545,720796.3,207025,3.4817,0
0.2,0.1,0,0,576,720876.7,207025,3.4821,0
0.2,0.1,0,0,575,720881.1,207025,3.4821,0
0.2,0.1,0,0,574,720862.2,207025,3.482,0
0.2,0.1,0,0,573,720867.8,207025,3.482,0
0.2,0.1,0,0,572,720866.6,207025,3.482,0
0.2,0.1,0,0,571,720867.4,207025,3.482,0
0.2,0.1,0,0,570,720864.5,207025,3.482,0
0.2,0.1,0,0,569,720893.1,207025,3.4822,0
0.2,0.1,0,0,568,720908.1,207025,3.4822,0
0.2,0.1,0,0,567,720902.7,207025,3.4822,0
0.2,0.1,0,0,535,720716.4,207025,3.4813,0
0.2,0.1,0,0,534,720730.0,207025,3.4814,0
0.2,0.1,0,0,566,720911.5,207025,3.4822,0
0.2,0.1,0,0,551,720806.6,207025,3.4817,0
0.2,0.1,0,0,550,720811.4,207025,3.4818,0
0.2,0.2,0,1,576,680797.8,216155,3.1496,0
0.2,0.2,0,1,563,680801.4,216155,3.1496,0
0.2,0.2,0,1,575,680802.2,216155,3.1496,0
0.2,0.2,0,1,560,680810.6,216155,3.1496,0
0.2,0.2,0,1,569,680812.3,216155,3.1496,0
0.2,0.2,0,1,565,680815.8,216155,3.1497,0
0.2,0.2,0,1,567,680822.7,216155,3.1497,0
0.2,0.2,0,1,564,680824.0,216155,3.1497,0
0.2,0.2,0,1,561,680825.5,216155,3.1497,0
0.2,0.2,0,1,562,680826.8,216155,3.1497,0
0.2,0.2,0,1,568,680828.9,216155,3.1497,0
0.2,0.2,0,1,566,680830.2,216155,3.1497,0
0.2,0.2,0,1,446,680936.9,216116,3.1508,0
0.2,0.2,0,1,439,680989.4,216116,3.151,0
0.2,0.2,0,1,454,681006.0,216116,3.1511,0
0.2,0.2,0,1,440,681036.0,216116,3.1513,0
0.2,0.2,0,1,455,681036.6,216116,3.1513,0
0.2,0.2,0,1,453,681041.4,216116,3.1513,0
0.2,0.2,0,0,95,681101.9,223334,3.0497,0
0.2,0.2,0,0,96,682089.0,223828,3.0474,0
0.2,0.2,0,0,98,683885.4,224670,3.044,0
0.2,0.2,0,0,97,684317.5,224202,3.0522,0
0.2,0.2,0,0,99,686125.0,225390,3.0442,0
0.2,0.2,0,0,100,686479.2,225394,3.0457,0
0.2,0.2,0,0,101,687862.1,226148,3.0416,0
0.2,0.2,0,0,102,688496.5,225877,3.0481,0
0.2,0.2,0,0,103,689214.7,226593,3.0416,0
0.2,0.2,0,0,104,689500.9,226152,3.0488,0
0.2,0.2,0,0,105,691287.0,226025,3.0585,0
0.2,0.2,0,0,106,692149.3,225747,3.066,0
0.2,0.2,0,0,107,693666.8,226495,3.0626,0
0.2,0.2,0,0,108,693760.4,225485,3.0767,0
0.2,0.2,0,0,109,695184.4,225085,3.0885,0
0.2,0.2,0,0,111,697243.0,225144,3.0969,0
0.2,0.2,0,0,112,698143.5,225278,3.099,0
0.2,0.2,0,0,110,698523.6,226607,3.0825,0
0.2,0.2,0,0,113,699087.8,226259,3.0898,0
0.2,0.2,0,0,114,701675.9,227320,3.0867,0
0.2,0.2,0,0,115,702924.2,227420,3.0909,0
0.2,0.2,0,0,116,703588.9,227501,3.0927,0
0.2,0.2,0,0,117,706691.4,228057,3.0987,0
0.2,0.2,0,0,123,707748.7,226230,3.1284,0
0.2,0.2,0,0,118,708838.2,228937,3.0962,0
0.2,0.2,0,0,122,708932.3,226233,3.1336,0
0.2,0.2,0,0,124,709312.4,227307,3.1205,0
0.2,0.2,0,0,120,709519.9,228751,3.1017,0
0.2,0.2,0,0,119,710012.9,229189,3.0979,0
0.2,0.2,0,0,121,710460.0,228039,3.1155,0
0.2,0.2,0,0,125,711150.3,227321,3.1284,0
0.2,0.2,0,0,126,712101.7,227275,3.1332,0
0.2,0.2,0,0,127,712254.1,227620,3.1291,0
0.2,0.2,0,0,128,714245.7,227706,3.1367,0
0.2,0.2,0,0,134,716420.2,227811,3.1448,0
0.2,0.2,0,0,129,716633.5,228666,3.134,0
0.2,0.2,0,0,130,718078.8,228483,3.1428,0
0.2,0.2,0,0,135,718139.7,228220,3.1467,0
0.2,0.2,0,0,133,718205.4,228809,3.1389,0
0.2,0.2,0,0,132,718941.3,229103,3.1381,0
0.2,0.2,0,0,131,718970.8,228697,3.1438,0
0.2,0.2,0,0,136,720242.2,228893,3.1466,0
0.2,0.2,0,0,137,723256.6,230260,3.141,0
0.2,0.2,0,0,138,723377.8,230318,3.1408,0
0.2,0.2,0,0,139,724431.9,230024,3.1494,0
0.2,0.2,0,0,140,725640.5,230671,3.1458,0
0.2,0.2,0,0,144,725950.2,229552,3.1625,0
0.2,0.2,0,0,141,725988.2,229784,3.1594,0
0.2,0.2,0,0,142,726492.4,229961,3.1592,0
0.2,0.2,0,0,143,726834.1,229633,3.1652,0
0.2,0.2,0,0,146,727447.5,229429,3.1707,0
0.2,0.2,0,0,145,728447.5,230324,3.1627,0
0.2,0.2,0,0,147,729401.8,230309,3.1671,0
0.2,0.2,0,0,149,729540.6,230100,3.1705,0
0.2,0.2,0,0,148,729818.3,230087,3.1719,0
0.2,0.2,0,0,150,730142.8,229814,3.1771,0
0.2,0.2,0,0,153,730422.6,229144,3.1876,0
0.2,0.2,0,0,151,730845.3,230084,3.1764,0
0.2,0.2,0,0,154,731109.9,229521,3.1854,0
0.2,0.2,0,0,152,731280.8,229832,3.1818,0
0.2,0.2,0,0,155,731691.6,229707,3.1853,0
0.2,0.2,0,0,156,733169.3,229691,3.192,0
0.2,0.2,0,0,157,733327.2,229757,3.1918,0
0.2,0.2,0,0,158,734586.7,229807,3.1965,0
0.2,0.2,0,0,159,735277.1,229923,3.1979,0
0.2,0.2,0,0,160,735852.7,229303,3.2091,0
0.2,0.2,0,0,161,736969.6,230354,3.1993,0
0.2,0.2,0,0,162,737314.0,230462,3.1993,0
0.2,0.2,0,0,163,737864.2,229936,3.209,0
0.2,0.2,0,0,165,738015.8,229782,3.2118,0
0.2,0.2,0,0,164,738264.6,229449,3.2176,0
0.2,0.2,0,0,166,738608.9,229964,3.2118,0
0.2,0.2,0,0,167,738961.7,229697,3.2171,0
0.2,0.2,0,0,168,740155.6,229678,3.2226,0
0.2,0.2,0,0,169,740177.6,230071,3.2172,0
0.2,0.2,0,0,170,740559.0,229879,3.2215,0
0.2,0.2,0,0,171,741290.6,230550,3.2153,0
0.2,0.2,0,0,172,742169.4,230550,3.2191,0
0.2,0.2,0,0,173,742532.4,230459,3.222,0
0.2,0.2,0,0,174,742950.6,230790,3.2192,0
0.2,0.2,0,0,175,743749.0,230999,3.2197,0
0.2,0.2,0,0,177,744022.2,230775,3.224,0
0.2,0.2,0,0,176,744570.0,230699,3.2275,0
0.2,0.2,0,0,178,744584.3,230674,3.2279,0
0.2,0.2,0,0,180,744905.1,230656,3.2295,0
0.2,0.2,0,0,179,744993.4,230475,3.2324,0
0.2,0.2,0,0,181,745615.9,230447,3.2355,0
0.2,0.2,0,0,182,746030.0,231573,3.2216,0
0.2,0.2,0,0,183,746223.0,230691,3.2347,0
0.2,0.2,0,0,184,746611.1,229820,3.2487,0
0.2,0.2,0,0,185,746861.2,230568,3.2392,0
0.2,0.2,0,0,186,747051.6,230788,3.237,0
0.2,0.2,0,0,187,747579.7,230521,3.243,0
0.2,0.2,0,0,188,748067.2,230577,3.2443,0
0.2,0.2,0,0,189,748947.1,231556,3.2344,0
0.2,0.2,0,0,190,749480.0,231117,3.2429,0
0.2,0.2,0,0,192,749774.8,231271,3.242,0
0.2,0.2,0,0,191,750012.9,231041,3.2462,0
0.2,0.2,0,0,193,750198.9,231271,3.2438,0
0.2,0.2,0,0,194,750291.9,231001,3.248,0
0.2,0.2,0,0,195,750909.0,230804,3.2534,0
0.2,0.2,0,0,196,751508.6,231030,3.2529,0
0.2,0.2,0,0,197,751877.3,231622,3.2461,0
0.2,0.2,0,0,200,752679.4,231225,3.2552,0
0.2,0.2,0,0,198,752738.0,231888,3.2461,0
0.2,0.2,0,0,201,752874.2,231225,3.256,0
0.2,0.2,0,0,199,753183.8,231728,3.2503,0
0.2,0.2,0,0,202,753858.5,231651,3.2543,0
0.2,0.2,0,0,203,754087.7,231728,3.2542,0
0.2,0.2,0,0,204,754359.2,231467,3.259,0
0.2,0.2,0,0,205,754559.7,231399,3.2609,0
0.2,0.2,0,0,206,754755.9,231888,3.2548,0
0.2,0.2,0,0,207,755276.9,232424,3.2496,0
0.2,0.2,0,0,208,755835.3,232157,3.2557,0
0.2,0.2,0,0,209,756553.3,231920,3.2621,0
0.2,0.2,0,0,210,756752.6,232187,3.2592,0
0.2,0.2,0,0,211,757051.5,232424,3.2572,0
0.2,0.2,0,0,215,757346.9,231912,3.2657,0
0.2,0.2,0,0,212,757594.6,232187,3.2629,0
0.2,0.2,0,0,213,757749.1,232424,3.2602,0
0.2,0.2,0,0,218,758105.8,231866,3.2696,0
0.2,0.2,0,0,217,758146.5,231961,3.2684,0
0.2,0.2,0,0,216,758228.9,231920,3.2694,0
0.2,0.2,0,0,214,758344.0,232627,3.2599,0
0.2,0.2,0,0,219,758433.3,231866,3.271,0
0.2,0.2,0,0,220,758591.2,231866,3.2717,0
0.2,0.2,0,0,221,758685.6,231866,3.2721,0
0.2,0.2,0,0,222,759663.4,232359,3.2694,0
0.2,0.2,0,0,223,760159.3,232540,3.2689,0
0.2,0.2,0,0,224,760274.9,232139,3.2751,0
0.2,0.2,0,0,225,760435.1,232401,3.2721,0
0.2,0.2,0,0,226,760679.3,232401,3.2731,0
0.2,0.2,0,0,227,760909.8,232149,3.2777,0
0.2,0.2,0,0,228,761035.7,232149,3.2782,0
0.2,0.2,0,0,229,761241.5,232124,3.2795,0
0.2,0.2,0,0,230,761554.1,232124,3.2808,0
0.2,0.2,0,0,231,761682.0,232376,3.2778,0
0.2,0.2,0,0,232,761922.6,232376,3.2788,0
0.2,0.2,0,0,233,762176.4,232376,3.2799,0
0.2,0.2,0,0,263,766982.8,232394,3.3004,0
0.2,0.2,0,0,262,766791.3,232394,3.2995,0
0.2,0.2,0,0,261,766753.2,232394,3.2994,0
0.2,0.2,0,0,257,766412.9,232394,3.2979,0
0.2,0.2,0,0,288,771009.6,232809,3.3118,0
0.2,0.2,0,0,340,774230.8,232557,3.3292,0
0.2,0.2,0,0,339,774159.0,232557,3.3289,0
0.2,0.2,0,0,338,774176.0,232557,3.329,0
0.2,0.2,0,0,255,766227.9,232394,3.2971,0
0.2,0.2,0,0,254,765966.9,232394,3.296,0
0.2,0.2,0,0,285,770360.9,232575,3.3123,0
0.2,0.2,0,0,284,770400.4,232575,3.3125,0
0.2,0.2,0,0,283,769873.7,232575,3.3102,0
0.2,0.2,0,0,243,763717.4,232376,3.2866,0
0.2,0.2,0,0,242,763506.6,232376,3.2857,0
0.2,0.2,0,0,273,768601.4,232575,3.3047,0
0.2,0.2,0,0,304,772393.8,232809,3.3177,0
0.2,0.2,0,0,324,773278.9,233070,3.3178,0
0.2,0.2,0,0,323,773419.0,233070,3.3184,0
0.2,0.2,0,0,322,773343.4,233070,3.3181,0
0.2,0.2,0,0,353,774694.0,232557,3.3312,0
0.2,0.2,0,0,271,768278.6,232575,3.3034,0
0.2,0.2,0,0,270,768193.4,232575,3.303,0
0.2,0.2,0,0,301,771999.7,232809,3.316,0
0.2,0.2,0,0,300,772252.7,232809,3.3171,0
0.2,0.2,0,0,299,772413.2,232809,3.3178,0
0.2,0.2,0,0,298,772371.7,232809,3.3176,0
0.2,0.2,0,0,297,772170.6,232809,3.3168,0
0.2,0.2,0,0,264,767038.2,232394,3.3006,0
0.2,0.2,0,0,308,772386.0,232809,3.3177,0
0.2,0.2,0,0,307,772416.6,232809,3.3178,0
0.2,0.2,0,0,306,772417.8,232809,3.3178,0
0.2,0.2,0,0,337,773974.4,232557,3.3281,0
0.2,0.2,0,0,287,770827.4,232575,3.3143,0
0.2,0.2,0,0,286,770644.5,232575,3.3135,0
0.2,0.2,0,0,317,772974.4,233070,3.3165,0
0.2,0.2,0,0,316,772815.3,233070,3.3158,0
0.2,0.2,0,0,315,772701.3,233070,3.3153,0
0.2,0.2,0,0,314,772669.6,233070,3.3152,0
0.2,0.2,0,0,313,772554.0,233070,3.3147,0
0.2,0.2,0,0,280,769236.0,232827,3.3039,0
0.2,0.2,0,0,279,769240.9,232827,3.3039,0
0.2,0.2,0,0,278,769078.3,232827,3.3032,0
0.2,0.2,0,0,277,769066.5,232575,3.3067,0
0.2,0.2,0,0,244,763880.6,232376,3.2873,0
0.2,0.2,0,0,335,773861.0,232557,3.3276,0
0.2,0.2,0,0,334,773700.7,232557,3.3269,0
0.2,0.2,0,0,328,773442.1,232809,3.3222,0
0.2,0.2,0,0,327,773340.9,232809,3.3218,0
0.2,0.2,0,0,326,773360.2,232809,3.3219,0
0.2,0.2,0,0,325,773285.6,232809,3.3215,0
0.2,0.2,0,0,292,771681.8,232557,3.3182,0
0.2,0.2,0,0,291,771494.0,232557,3.3174,0
0.2,0.2,0,0,290,771422.0,232557,3.3171,0
0.2,0.2,0,0,321,773429.7,233070,3.3184,0
0.2,0.2,0,0,352,774693.8,232557,3.3312,0
0.2,0.2,0,0,350,774589.2,232557,3.3307,0
0.2,0.2,0,0,344,774276.5,232557,3.3294,0
0.2,0.2,0,0,343,774209.9,232557,3.3291,0
0.2,0.2,0,0,342,774249.6,232557,3.3293,0
0.2,0.2,0,0,341,774343.5,232557,3.3297,0
0.2,0.2,0,0,319,773120.6,233070,3.3171,0
0.2,0.2,0,0,318,773103.7,233070,3.317,0
0.2,0.2,0,0,349,774471.8,232557,3.3302,0
0.2,0.2,0,0,348,774363.6,232557,3.3298,0
0.2,0.2,0,0,347,774415.6,232557,3.33,0
0.2,0.2,0,0,346,774309.9,232557,3.3295,0
0.2,0.2,0,0,345,774157.1,232557,3.3289,0
0.2,0.2,0,0,312,772541.8,232628,3.3209,0
0.2,0.2,0,0,311,772445.6,232628,3.3205,0
0.2,0.2,0,0,310,772416.4,232628,3.3204,0
0.2,0.2,0,0,309,772529.2,232809,3.3183,0
0.2,0.2,0,0,276,768884.3,232575,3.306,0
0.2,0.2,0,0,275,768728.0,232575,3.3053,0
0.2,0.2,0,0,274,768779.8,232575,3.3055,0
0.2,0.2,0,0,305,772286.6,232809,3.3173,0
0.2,0.2,0,0,336,773960.5,232557,3.328,0
0.2,0.2,0,0,303,772297.7,232809,3.3173,0
0.2,0.2,0,0,302,772129.1,232809,3.3166,0
0.2,0.2,0,0,333,773650.2,232557,3.3267,0
0.2,0.2,0,0,332,773568.2,232557,3.3264,0
0.2,0.2,0,0,331,773481.6,232557,3.326,0
0.2,0.2,0,0,330,773538.3,232557,3.3262,0
0.2,0.2,0,0,329,773481.5,232809,3.3224,0
0.2,0.2,0,0,296,772005.6,232628,3.3186,0
0.2,0.2,0,0,295,771976.8,232628,3.3185,0
0.2,0.2,0,0,294,771969.1,232628,3.3185,0
0.2,0.2,0,0,293,772197.5,232376,3.3231,0
0.2,0.2,0,0,260,766892.9,232394,3.3,0
0.2,0.2,0,0,259,766658.6,232394,3.299,0
0.2,0.2,0,0,258,766626.4,232394,3.2988,0
0.2,0.2,0,0,289,771422.4,232557,3.3171,0
0.2,0.2,0,0,320,773278.0,233070,3.3178,0
0.2,0.2,0,0,282,769761.0,232575,3.3097,0
0.2,0.2,0,0,281,769643.5,232575,3.3092,0
0.2,0.2,0,0,248,764955.5,232376,3.2919,0
0.2,0.2,0,0,247,764496.2,232376,3.2899,0
0.2,0.2,0,0,246,764393.8,232376,3.2895,0
0.2,0.2,0,0,245,764170.4,232376,3.2885,0
0.2,0.2,0,0,241,763648.9,232376,3.2863,0
0.2,0.2,0,0,272,768411.5,232575,3.3039,0
0.2,0.2,0,0,356,774614.0,232557,3.3309,0
0.2,0.2,0,0,355,774538.2,232557,3.3305,0
0.2,0.2,0,0,354,774564.6,232557,3.3306,0
0.2,0.2,0,0,239,763640.6,232376,3.2862,0
0.2,0.2,0,0,238,763387.0,232376,3.2851,0
0.2,0.2,0,0,269,767996.1,232575,3.3021,0
0.2,0.2,0,0,268,767721.1,232394,3.3035,0
0.2,0.2,0,0,267,767636.3,232394,3.3032,0
0.2,0.2,0,0,266,767370.8,232376,3.3023,0
0.2,0.2,0,0,265,767331.3,232394,3.3019,0
0.2,0.2,0,0,256,766232.0,232394,3.2971,0
0.2,0.2,0,0,253,765973.6,232394,3.296,0
0.2,0.2,0,0,252,765446.1,232394,3.2937,0
0.2,0.2,0,0,251,765514.7,232376,3.2943,0
0.2,0.2,0,0,250,765401.8,232394,3.2936,0
0.2,0.2,0,0,249,765440.7,232376,3.294,0
0.2,0.2,0,0,240,763530.2,232376,3.2858,0
0.2,0.2,0,0,237,763081.5,232376,3.2838,0
0.2,0.2,0,0,236,763077.4,232376,3.2838,0
0.2,0.2,0,0,235,762889.8,232376,3.283,0
0.2,0.2,0,0,234,762586.6,232376,3.2817,0
0.2,0.2,0,0,365,774734.4,232557,3.3314,0
0.2,0.2,0,0,364,774829.4,232557,3.3318,0
0.2,0.2,0,0,363,774720.5,232557,3.3313,0
0.2,0.2,0,0,362,774757.2,232557,3.3315,0
0.2,0.2,0,0,361,774699.8,232557,3.3312,0
0.2,0.2,0,0,351,774697.6,232557,3.3312,0
0.2,0.2,0,0,381,775269.9,232557,3.3337,0
0.2,0.2,0,0,380,775249.6,232557,3.3336,0
0.2,0.2,0,0,379,775312.6,232557,3.3339,0
0.2,0.2,0,0,378,775298.7,232557,3.3338,0
0.2,0.2,0,0,377,775280.1,232557,3.3337,0
0.2,0.2,0,0,368,774791.2,232557,3.3316,0
0.2,0.2,0,0,367,774829.3,232557,3.3318,0
0.2,0.2,0,0,366,774782.8,232557,3.3316,0
0.2,0.2,0,0,397,775580.5,232557,3.335,0
0.2,0.2,0,0,396,775536.7,232557,3.3348,0
0.2,0.2,0,0,395,775549.5,232557,3.3349,0
0.2,0.2,0,0,394,775526.1,232557,3.3348,0
0.2,0.2,0,0,393,775460.4,232557,3.3345,0
0.2,0.2,0,0,360,774725.6,232557,3.3313,0
0.2,0.2,0,0,359,774855.8,232557,3.3319,0
0.2,0.2,0,0,358,774766.2,232557,3.3315,0
0.2,0.2,0,0,357,774807.6,232557,3.3317,0
0.2,0.2,0,0,384,775307.5,232557,3.3338,0
0.2,0.2,0,0,383,775279.2,232557,3.3337,0
0.2,0.2,0,0,382,775264.6,232557,3.3337,0
0.2,0.2,0,0,413,775603.4,232557,3.3351,0
0.2,0.2,0,0,412,775599.0,232557,3.3351,0
0.2,0.2,0,0,411,775629.7,232557,3.3352,0
0.2,0.2,0,0,410,775640.0,232557,3.3353,0
0.2,0.2,0,0,409,775637.9,232557,3.3353,0
0.2,0.2,0,0,376,775274.5,232557,3.3337,0
0.2,0.2,0,0,375,775146.1,232557,3.3331,0
0.2,0.2,0,0,374,775227.2,232557,3.3335,0
0.2,0.2,0,0,373,775112.5,232557,3.333,0
0.2,0.2,0,0,369,774793.4,232557,3.3316,0
0.2,0.2,0,0,400,775579.9,232557,3.335,0
0.2,0.2,0,0,399,775646.7,232557,3.3353,0
0.2,0.2,0,0,398,775645.2,232557,3.3353,0
0.2,0.2,0,0,429,775643.3,232557,3.3353,0
0.2,0.2,0,0,428,775786.2,232557,3.3359,0
0.2,0.2,0,0,427,775719.5,232557,3.3356,0
0.2,0.2,0,0,426,775781.3,232557,3.3359,0
0.2,0.2,0,0,425,775805.2,232557,3.336,0
0.2,0.2,0,0,392,775527.6,232557,3.3348,0
0.2,0.2,0,0,391,775588.8,232557,3.335,0
0.2,0.2,0,0,390,775534.2,232557,3.3348,0
0.2,0.2,0,0,389,775470.3,232557,3.3345,0
0.2,0.2,0,0,385,775317.6,232557,3.3339,0
0.2,0.2,0,0,416,775694.9,232557,3.3355,0
0.2,0.2,0,0,415,775621.9,232557,3.3352,0
0.2,0.2,0,0,414,775547.3,232557,3.3349,0
0.2,0.2,0,0,445,775609.5,232557,3.3351,0
0.2,0.2,0,0,444,775607.8,232557,3.3351,0
0.2,0.2,0,0,443,775603.2,232557,3.3351,0
0.2,0.2,0,0,442,775625.7,232557,3.3352,0
0.2,0.2,0,0,441,775649.8,232557,3.3353,0
0.2,0.2,0,0,408,775604.9,232557,3.3351,0
0.2,0.2,0,0,407,775539.3,232557,3.3348,0
0.2,0.2,0,0,406,775532.5,232557,3.3348,0
0.2,0.2,0,0,405,775542.1,232557,3.3348,0
0.2,0.2,0,0,372,775018.0,232557,3.3326,0
0.2,0.2,0,0,371,775033.2,232557,3.3327,0
0.2,0.2,0,0,370,774869.8,232557,3.332,0
0.2,0.2,0,0,401,775518.9,232557,3.3347,0
0.2,0.2,0,0,432,775701.5,232557,3.3355,0
0.2,0.2,0,0,431,775726.2,232557,3.3356,0
0.2,0.2,0,0,430,775672.6,232557,3.3354,0
0.2,0.2,0,0,461,775779.2,232557,3.3359,0
0.2,0.2,0,0,460,775792.4,232557,3.3359,0
0.2,0.2,0,0,459,775772.8,232557,3.3358,0
0.2,0.2,0,0,458,775770.9,232557,3.3358,0
0.2,0.2,0,0,457,775725.9,232557,3.3356,0
0.2,0.2,0,0,424,775793.5,232557,3.3359,0
0.2,0.2,0,0,423,775828.6,232557,3.3361,0
0.2,0.2,0,0,422,775804.0,232557,3.336,0
0.2,0.2,0,0,421,775810.7,232557,3.336,0
0.2,0.2,0,0,388,775434.0,232557,3.3344,0
0.2,0.2,0,0,387,775380.4,232557,3.3342,0
0.2,0.2,0,0,386,775381.3,232557,3.3342,0
0.2,0.2,0,0,417,775639.7,232557,3.3353,0
0.2,0.2,0,0,448,775677.9,232557,3.3354,0
0.2,0.2,0,0,447,775656.3,232557,3.3353,0
0.2,0.2,0,0,446,775661.8,232557,3.3354,0
0.2,0.2,0,0,477,775896.5,232557,3.3364,0
0.2,0.2,0,0,476,775858.8,232557,3.3362,0
0.2,0.2,0,0,475,775885.5,232557,3.3363,0
0.2,0.2,0,0,474,775893.2,232557,3.3364,0
0.2,0.2,0,0,473,775871.6,232557,3.3363,0
0.2,0.2,0,0,440,775685.4,232557,3.3355,0
0.2,0.2,0,0,439,775643.3,232557,3.3353,0
0.2,0.2,0,0,438,775649.4,232557,3.3353,0
0.2,0.2,0,0,437,775701.2,232557,3.3355,0
0.2,0.2,0,0,404,775438.7,232557,3.3344,0
0.2,0.2,0,0,403,775535.9,232557,3.3348,0
0.2,0.2,0,0,402,775554.0,232557,3.3349,0
0.2,0.2,0,0,433,775707.5,232557,3.3356,0
0.2,0.2,0,0,464,775734.2,232557,3.3357,0
0.2,0.2,0,0,463,775716.4,232557,3.3356,0
0.2,0.2,0,0,462,775779.9,232557,3.3359,0
0.2,0.2,0,0,493,775902.0,232557,3.3364,0
0.2,0.2,0,0,492,775905.1,232557,3.3364,0
0.2,0.2,0,0,491,775957.4,232557,3.3366,0
0.2,0.2,0,0,490,775955.4,232557,3.3366,0
0.2,0.2,0,0,489,775970.9,232557,3.3367,0
0.2,0.2,0,0,456,775740.3,232557,3.3357,0
0.2,0.2,0,0,455,775762.0,232557,3.3358,0
0.2,0.2,0,0,454,775721.0,232557,3.3356,0
0.2,0.2,0,0,453,775754.9,232557,3.3358,0
0.2,0.2,0,0,420,775732.4,232557,3.3357,0
0.2,0.2,0,0,419,775715.2,232557,3.3356,0
0.2,0.2,0,0,418,775662.9,232557,3.3354,0
0.2,0.2,0,0,449,775671.7,232557,3.3354,0
0.2,0.2,0,0,480,775914.1,232557,3.3364,0
0.2,0.2,0,0,479,775915.0,232557,3.3365,0
0.2,0.2,0,0,478,775937.9,232557,3.3365,0
0.2,0.2,0,0,509,775947.4,232557,3.3366,0
0.2,0.2,0,0,508,775948.6,232557,3.3366,0
0.2,0.2,0,0,507,775944.1,232557,3.3366,0
0.2,0.2,0,0,506,775925.0,232557,3.3365,0
0.2,0.2,0,0,505,775927.5,232557,3.3365,0
0.2,0.2,0,0,472,775861.9,232557,3.3362,0
0.2,0.2,0,0,471,775860.7,232557,3.3362,0
0.2,0.2,0,0,470,775850.3,232557,3.3362,0
0.2,0.2,0,0,469,775828.5,232557,3.3361,0
0.2,0.2,0,0,436,775695.5,232557,3.3355,0
0.2,0.2,0,0,435,775719.8,232557,3.3356,0
0.2,0.2,0,0,434,775760.4,232557,3.3358,0
0.2,0.2,0,0,465,775738.8,232557,3.3357,0
0.2,0.2,0,0,496,775857.6,232557,3.3362,0
0.2,0.2,0,0,495,775880.1,232557,3.3363,0
0.2,0.2,0,0,494,775897.1,232557,3.3364,0
0.2,0.2,0,0,525,776053.5,232557,3.337,0
0.2,0.2,0,0,524,776066.2,232557,3.3371,0
0.2,0.2,0,0,523,776040.8,232557,3.337,0
0.2,0.2,0,0,522,776063.0,232557,3.3371,0
0.2,0.2,0,0,521,776066.5,232557,3.3371,0
0.2,0.2,0,0,488,775975.0,232557,3.3367,0
0.2,0.2,0,0,487,775975.8,232557,3.3367,0
0.2,0.2,0,0,486,775982.7,232557,3.3367,0
0.2,0.2,0,0,485,775960.4,232557,3.3366,0
0.2,0.2,0,0,452,775733.1,232557,3.3357,0
0.2,0.2,0,0,451,775713.0,232557,3.3356,0
0.2,0.2,0,0,450,775702.5,232557,3.3355,0
0.2,0.2,0,0,481,775924.8,232557,3.3365,0
0.2,0.2,0,0,512,775920.5,232557,3.3365,0
0.2,0.2,0,0,511,775911.0,232557,3.3364,0
0.2,0.2,0,0,510,775918.8,232557,3.3365,0
0.2,0.2,0,0,541,776089.1,232557,3.3372,0
0.2,0.2,0,0,540,776081.0,232557,3.3372,0
0.2,0.2,0,0,539,776087.3,232557,3.3372,0
0.2,0.2,0,0,538,776092.8,232557,3.3372,0
0.2,0.2,0,0,537,776072.6,232557,3.3371,0
0.2,0.2,0,0,504,775948.0,232557,3.3366,0
0.2,0.2,0,0,503,775918.0,232557,3.3365,0
0.2,0.2,0,0,502,775887.0,232557,3.3363,0
0.2,0.2,0,0,501,775876.8,232557,3.3363,0
0.2,0.2,0,0,468,775807.1,232557,3.336,0
0.2,0.2,0,0,467,775758.5,232557,3.3358,0
0.2,0.2,0,0,466,775755.6,232557,3.3358,0
0.2,0.2,0,0,497,775873.8,232557,3.3363,0
0.2,0.2,0,0,528,776033.6,232557,3.337,0
0.2,0.2,0,0,527,776058.5,232557,3.3371,0
0.2,0.2,0,0,526,776064.6,232557,3.3371,0
0.2,0.2,0,0,557,776183.7,232557,3.3376,0
0.2,0.2,0,0,556,776174.3,232557,3.3376,0
0.2,0.2,0,0,555,776174.9,232557,3.3376,0
0.2,0.2,0,0,554,776193.3,232557,3.3376,0
0.2,0.2,0,0,553,776186.0,232557,3.3376,0
0.2,0.2,0,0,520,776075.7,232557,3.3371,0
0.2,0.2,0,0,519,776041.2,232557,3.337,0
0.2,0.2,0,0,518,776005.2,232557,3.3368,0
0.2,0.2,0,0,517,776010.2,232557,3.3369,0
0.2,0.2,0,0,484,775949.0,232557,3.3366,0
0.2,0.2,0,0,483,775912.3,232557,3.3364,0
0.2,0.2,0,0,482,775910.9,232557,3.3364,0
0.2,0.2,0,0,513,775931.2,232557,3.3365,0
0.2,0.2,0,0,544,776147.7,232557,3.3375,0
0.2,0.2,0,0,543,776128.1,232557,3.3374,0
0.2,0.2,0,0,542,776120.9,232557,3.3373,0
0.2,0.2,0,0,573,776202.6,232557,3.3377,0
0.2,0.2,0,0,572,776202.7,232557,3.3377,0
0.2,0.2,0,0,571,776203.6,232557,3.3377,0
0.2,0.2,0,0,570,776202.0,232557,3.3377,0
0.2,0.2,0,0,569,776231.6,232557,3.3378,0
0.2,0.2,0,0,536,776035.5,232557,3.337,0
0.2,0.2,0,0,535,776039.0,232557,3.337,0
0.2,0.2,0,0,534,776053.1,232557,3.337,0
0.2,0.2,0,0,533,776047.7,232557,3.337,0
0.2,0.2,0,0,500,775877.3,232557,3.3363,0
0.2,0.2,0,0,499,775879.2,232557,3.3363,0
0.2,0.2,0,0,498,775857.5,232557,3.3362,0
0.2,0.2,0,0,529,776035.2,232557,3.337,0
0.2,0.2,0,0,560,776220.5,232557,3.3378,0
0.2,0.2,0,0,559,776193.2,232557,3.3376,0
0.2,0.2,0,0,558,776195.2,232557,3.3377,0
0.2,0.2,0,0,565,776232.2,232557,3.3378,0
0.2,0.2,0,0,564,776239.8,232557,3.3378,0
0.2,0.2,0,0,563,776216.5,232557,3.3377,0
0.2,0.2,0,0,562,776239.2,232557,3.3378,0
0.2,0.2,0,0,561,776236.5,232557,3.3378,0
0.2,0.2,0,0,552,776180.5,232557,3.3376,0
0.2,0.2,0,0,551,776145.2,232557,3.3374,0
0.2,0.2,0,0,550,776151.4,232557,3.3375,0
0.2,0.2,0,0,549,776152.0,232557,3.3375,0
0.2,0.2,0,0,516,776004.1,232557,3.3368,0
0.2,0.2,0,0,515,775969.4,232557,3.3367,0
0.2,0.2,0,0,514,775934.6,232557,3.3365,0
0.2,0.2,0,0,545,776132.2,232557,3.3374,0
0.2,0.2,0,0,576,776213.5,232557,3.3377,0
0.2,0.2,0,0,575,776217.9,232557,3.3378,0
0.2,0.2,0,0,574,776199.1,232557,3.3377,0
0.2,0.2,0,0,548,776163.6,232557,3.3375,0
0.2,0.2,0,0,547,776139.6,232557,3.3374,0
0.2,0.2,0,0,546,776135.6,232557,3.3374,0
0.2,0.2,0,0,532,776042.1,232557,3.337,0
0.2,0.2,0,0,531,776036.7,232557,3.337,0
0.2,0.2,0,0,530,776038.9,232557,3.337,0
0.2,0.2,0,0,568,776247.5,232557,3.3379,0
0.2,0.2,0,0,567,776241.3,232557,3.3379,0
0.2,0.2,0,0,566,776247.8,232557,3.3379,0
0.3,0.0,1,0,563,636893.5,127014,5.0144,0
0.3,0.0,1,0,564,636895.1,127014,5.0144,0
0.3,0.0,1,0,565,636903.0,127014,5.0144,0
0.3,0.0,0,0,80,638909.9,134190,4.7612,0
0.3,0.0,0,0,81,640573.3,134407,4.7659,0
0.3,0.0,0,0,82,642790.0,134680,4.7727,0
0.3,0.0,0,0,84,644430.7,135115,4.7695,0
0.3,0.0,0,0,83,645628.2,135276,4.7727,0
0.3,0.0,0,0,85,648021.4,134974,4.8011,0
0.3,0.0,0,0,86,649994.1,134961,4.8162,0
0.3,0.0,0,0,87,652942.7,135126,4.8321,0
0.3,0.0,0,0,88,655186.1,135231,4.8449,0
0.3,0.0,0,0,89,655866.9,134962,4.8596,0
0.3,0.0,0,0,90,658202.9,135132,4.8708,0
0.3,0.0,0,0,91,661133.6,135132,4.8925,0
0.3,0.0,0,0,92,662174.0,135160,4.8992,0
0.3,0.0,0,0,94,664426.9,134774,4.9299,0
0.3,0.0,0,0,93,664976.0,134984,4.9263,0
0.3,0.0,0,0,95,666465.8,135022,4.936,0
0.3,0.0,0,0,96,668108.6,134877,4.9535,0
0.3,0.0,0,0,97,670451.0,135046,4.9646,0
0.3,0.0,0,0,99,670496.3,134593,4.9817,0
0.3,0.0,0,0,98,671236.8,134928,4.9748,0
0.3,0.0,0,0,100,672481.5,134455,5.0015,0
0.3,0.0,0,0,101,674628.6,134866,5.0022,0
0.3,0.0,0,0,102,676523.9,135272,5.0012,0
0.3,0.0,0,0,103,679469.2,135439,5.0168,0
0.3,0.0,0,0,104,681263.1,135271,5.0363,0
0.3,0.0,0,0,105,682204.6,135565,5.0323,0
0.3,0.0,0,0,106,684956.8,135557,5.0529,0
0.3,0.0,0,0,107,687217.2,135876,5.0577,0
0.3,0.0,0,0,108,688837.1,135709,5.0758,0
0.3,0.0,0,0,109,689501.4,135726,5.0801,0
0.3,0.0,0,0,110,691572.9,135622,5.0993,0
0.3,0.0,0,0,111,691889.1,136030,5.0863,0
0.3,0.0,0,0,112,693533.6,136058,5.0973,0
0.3,0.0,0,0,113,694397.5,135707,5.1169,0
0.3,0.0,0,0,114,696070.2,135559,5.1348,0
0.3,0.0,0,0,115,696773.0,135583,5.1391,0
0.3,0.0,0,0,116,698477.7,135781,5.1441,0
0.3,0.0,0,0,117,700585.9,136047,5.1496,0
0.3,0.0,0,0,118,702184.1,136183,5.1562,0
0.3,0.0,0,0,120,703307.3,136052,5.1694,0
0.3,0.0,0,0,119,703562.8,136165,5.167,0
0.3,0.0,0,0,121,704285.3,135925,5.1814,0
0.3,0.0,0,0,123,706698.2,136134,5.1912,0
0.3,0.0,0,0,122,706791.7,136362,5.1832,0
0.3,0.0,0,0,124,709709.3,136339,5.2055,0
0.3,0.0,0,0,125,710358.5,136476,5.205,0
0.3,0.0,0,0,126,712143.9,136598,5.2134,0
0.3,0.0,0,0,127,713234.5,136258,5.2344,0
0.3,0.0,0,0,128,714023.6,136448,5.2329,0
0.3,0.0,0,0,129,714275.4,136570,5.2301,0
0.3,0.0,0,0,132,715138.5,136750,5.2295,0
0.3,0.0,0,0,130,715479.9,136723,5.2331,0
0.3,0.0,0,0,131,716644.2,136541,5.2486,0
0.3,0.0,0,0,133,717940.7,136997,5.2406,0
0.3,0.0,0,0,134,718044.1,136772,5.2499,0
0.3,0.0,0,0,135,718304.3,136729,5.2535,0
0.3,0.0,0,0,136,719443.3,136574,5.2678,0
0.3,0.0,0,0,137,720331.3,136741,5.2679,0
0.3,0.0,0,0,138,721828.2,136776,5.2774,0
0.3,0.0,0,0,139,722007.1,136775,5.2788,0
0.3,0.0,0,0,140,723856.3,136987,5.2841,0
0.3,0.0,0,0,141,723967.7,136779,5.293,0
0.3,0.0,0,0,142,725032.7,136850,5.298,0
0.3,0.0,0,0,143,725467.5,136574,5.3119,0
0.3,0.0,0,0,144,725865.6,136868,5.3034,0
0.3,0.0,0,0,145,727268.5,137076,5.3056,0
0.3,0.0,0,0,146,727994.9,136955,5.3156,0
0.3,0.0,0,0,147,728673.7,137215,5.3105,0
0.3,0.0,0,0,148,729472.2,137395,5.3093,0
0.3,0.0,0,0,150,731190.4,137655,5.3118,0
0.3,0.0,0,0,149,732242.1,137500,5.3254,0
0.3,0.0,0,0,151,732607.0,137676,5.3212,0
0.3,0.0,0,0,155,732841.7,137510,5.3294,0
0.3,0.0,0,0,152,733060.6,138012,5.3116,0
0.3,0.0,0,0,156,733454.1,137492,5.3345,0
0.3,0.0,0,0,154,733523.7,137812,5.3226,0
0.3,0.0,0,0,153,734086.8,138026,5.3185,0
0.3,0.0,0,0,157,734663.1,137567,5.3404,0
0.3,0.0,0,0,158,735890.8,137468,5.3532,0
0.3,0.0,0,0,159,736927.0,137579,5.3564,0
0.3,0.0,0,0,162,737322.9,137214,5.3735,0
0.3,0.0,0,0,160,737444.6,137681,5.3562,0
0.3,0.0,0,0,161,737716.0,137249,5.375,0
0.3,0.0,0,0,163,738497.0,137331,5.3775,0
0.3,0.0,0,0,164,738888.1,137384,5.3783,0
0.3,0.0,0,0,166,738944.5,136851,5.3996,0
0.3,0.0,0,0,165,738955.0,137206,5.3857,0
0.3,0.0,0,0,167,739808.0,136773,5.409,0
0.3,0.0,0,0,168,740018.1,137101,5.3976,0
0.3,0.0,0,0,169,741251.4,137466,5.3923,0
0.3,0.0,0,0,171,742195.8,137461,5.3993,0
0.3,0.0,0,0,170,742242.8,137664,5.3917,0
0.3,0.0,0,0,172,743087.2,137445,5.4064,0
0.3,0.0,0,0,173,743159.3,137245,5.4148,0
0.3,0.0,0,0,174,743432.0,137302,5.4146,0
0.3,0.0,0,0,175,743614.4,137330,5.4148,0
0.3,0.0,0,0,176,743769.8,137100,5.425,0
0.3,0.0,0,0,177,744072.4,137372,5.4165,0
0.3,0.0,0,0,178,744650.2,137475,5.4166,0
0.3,0.0,0,0,179,745260.0,137564,5.4176,0
0.3,0.0,0,0,180,745706.3,137689,5.4159,0
0.3,0.0,0,0,181,745907.4,137511,5.4243,0
0.3,0.0,0,0,182,746627.5,137546,5.4282,0
0.3,0.0,0,0,183,747281.9,137546,5.433,0
0.3,0.0,0,0,184,747743.4,137445,5.4403,0
0.3,0.0,0,0,185,748245.7,137445,5.444,0
0.3,0.0,0,0,186,748801.3,137445,5.448,0
0.3,0.0,0,0,187,749217.4,137445,5.451,0
0.3,0.0,0,0,188,749723.9,137322,5.4596,0
0.3,0.0,0,0,189,750280.8,137292,5.4649,0
0.3,0.0,0,0,190,750966.2,137290,5.4699,0
0.3,0.0,0,0,191,751379.2,137400,5.4686,0
0.3,0.0,0,0,192,751672.9,137409,5.4703,0
0.3,0.0,0,0,193,752089.8,137374,5.4748,0
0.3,0.0,0,0,194,752294.1,137490,5.4716,0
0.3,0.0,0,0,196,752779.3,137503,5.4746,0
0.3,0.0,0,0,195,752824.2,137365,5.4805,0
0.3,0.0,0,0,197,753382.7,137667,5.4725,0
0.3,0.0,0,0,198,753683.2,137667,5.4747,0
0.3,0.0,0,0,199,753713.5,137654,5.4754,0
0.3,0.0,0,0,200,754037.8,137851,5.4699,0
0.3,0.0,0,0,201,754396.9,137748,5.4766,0
0.3,0.0,0,0,202,754637.5,137713,5.4798,0
0.3,0.0,0,0,203,754821.2,137713,5.4811,0
0.3,0.0,0,0,205,754888.9,137305,5.4979,0
0.3,0.0,0,0,204,754997.0,137584,5.4875,0
0.3,0.0,0,0,206,755155.2,137854,5.4779,0
0.3,0.0,0,0,207,755437.8,137843,5.4804,0
0.3,0.0,0,0,208,756087.1,137854,5.4847,0
0.3,0.0,0,0,209,756415.2,137597,5.4973,0
0.3,0.0,0,0,210,756723.0,137402,5.5074,0
0.3,0.0,0,0,299,772007.7,137825,5.6014,0
0.3,0.0,0,0,236,763207.8,137477,5.5515,0
0.3,0.0,0,0,237,763528.2,137588,5.5494,0
0.3,0.0,0,0,238,763603.5,137477,5.5544,0
0.3,0.0,0,0,239,763742.0,137477,5.5554,0
0.3,0.0,0,0,240,763659.0,137488,5.5544,0
0.3,0.0,0,0,241,763597.4,137488,5.5539,0
0.3,0.0,0,0,242,763665.3,137488,5.5544,0
0.3,0.0,0,0,243,763807.1,137488,5.5554,0
0.3,0.0,0,0,276,768752.9,137725,5.5818,0
0.3,0.0,0,0,277,768634.5,137816,5.5773,0
0.3,0.0,0,0,246,764444.8,137488,5.5601,0
0.3,0.0,0,0,247,764660.2,137488,5.5617,0
0.3,0.0,0,0,248,765417.1,137576,5.5636,0
0.3,0.0,0,0,249,765644.7,137576,5.5652,0
0.3,0.0,0,0,250,765316.4,137488,5.5664,0
0.3,0.0,0,0,315,772527.5,137926,5.601,0
0.3,0.0,0,0,252,765315.7,137488,5.5664,0
0.3,0.0,0,0,253,765860.5,137637,5.5644,0
0.3,0.0,0,0,254,765853.6,137488,5.5703,0
0.3,0.0,0,0,255,765845.4,137363,5.5753,0
0.3,0.0,0,0,256,765714.9,137488,5.5693,0
0.3,0.0,0,0,257,765949.2,137488,5.571,0
0.3,0.0,0,0,258,766234.3,137488,5.5731,0
0.3,0.0,0,0,259,766538.3,137488,5.5753,0
0.3,0.0,0,0,292,772075.2,137816,5.6022,0
0.3,0.0,0,0,293,772140.0,137963,5.5967,0
0.3,0.0,0,0,262,766742.7,137576,5.5732,0
0.3,0.0,0,0,263,766821.2,137576,5.5738,0
0.3,0.0,0,0,264,766866.5,137576,5.5741,0
0.3,0.0,0,0,265,766948.1,137576,5.5747,0
0.3,0.0,0,0,266,767277.6,137714,5.5715,0
0.3,0.0,0,0,275,768523.8,137667,5.5825,0
0.3,0.0,0,0,308,772413.3,137734,5.608,0
0.3,0.0,0,0,309,772274.2,137734,5.607,0
0.3,0.0,0,0,364,773577.2,138027,5.6045,0
0.3,0.0,0,0,365,773573.2,138027,5.6045,0
0.3,0.0,0,0,366,773612.5,137926,5.6089,0
0.3,0.0,0,0,367,773560.2,137926,5.6085,0
0.3,0.0,0,0,368,773636.0,137926,5.6091,0
0.3,0.0,0,0,369,773549.6,138027,5.6043,0
0.3,0.0,0,0,370,773689.4,138027,5.6053,0
0.3,0.0,0,0,371,773781.3,138027,5.606,0
0.3,0.0,0,0,278,768764.2,137816,5.5782,0
0.3,0.0,0,0,279,769218.7,137816,5.5815,0
0.3,0.0,0,0,280,769125.6,137816,5.5808,0
0.3,0.0,0,0,281,769463.1,137816,5.5833,0
0.3,0.0,0,0,282,769808.4,137725,5.5895,0
0.3,0.0,0,0,352,773878.2,137926,5.6108,0
0.3,0.0,0,0,354,773756.4,137926,5.6099,0
0.3,0.0,0,0,355,773724.5,137926,5.6097,0
0.3,0.0,0,0,294,771949.7,137963,5.5953,0
0.3,0.0,0,0,295,771844.7,137825,5.6002,0
0.3,0.0,0,0,296,772074.9,137825,5.6018,0
0.3,0.0,0,0,297,772295.8,137825,5.6035,0
0.3,0.0,0,0,298,771920.2,137825,5.6007,0
0.3,0.0,0,0,331,773012.4,137926,5.6045,0
0.3,0.0,0,0,268,767657.7,137576,5.5799,0
0.3,0.0,0,0,269,767846.9,137576,5.5813,0
0.3,0.0,0,0,270,767669.8,137488,5.5835,0
0.3,0.0,0,0,271,767692.9,137488,5.5837,0
0.3,0.0,0,0,272,768089.8,137725,5.577,0
0.3,0.0,0,0,273,768289.6,137725,5.5784,0
0.3,0.0,0,0,274,768425.3,137816,5.5757,0
0.3,0.0,0,0,359,773853.8,137926,5.6106,0
0.3,0.0,0,0,360,773536.7,137926,5.6083,0
0.3,0.0,0,0,361,773465.1,137926,5.6078,0
0.3,0.0,0,0,362,773473.0,137926,5.6079,0
0.3,0.0,0,0,332,773032.8,137926,5.6047,0
0.3,0.0,0,0,333,772994.6,137926,5.6044,0
0.3,0.0,0,0,334,773066.4,137926,5.6049,0
0.3,0.0,0,0,335,773267.6,137777,5.6125,0
0.3,0.0,0,0,336,773296.8,137926,5.6066,0
0.3,0.0,0,0,337,773345.3,137926,5.607,0
0.3,0.0,0,0,338,773560.5,137926,5.6085,0
0.3,0.0,0,0,339,773519.5,137926,5.6082,0
0.3,0.0,0,0,348,773627.9,137926,5.609,0
0.3,0.0,0,0,349,773722.2,137926,5.6097,0
0.3,0.0,0,0,350,773773.9,137926,5.6101,0
0.3,0.0,0,0,351,773778.1,137926,5.6101,0
0.3,0.0,0,0,342,773490.7,137926,5.608,0
0.3,0.0,0,0,343,773356.9,137926,5.607,0
0.3,0.0,0,0,344,773460.3,137926,5.6078,0
0.3,0.0,0,0,345,773377.8,137926,5.6072,0
0.3,0.0,0,0,346,773580.1,137926,5.6087,0
0.3,0.0,0,0,316,772437.7,137926,5.6004,0
0.3,0.0,0,0,317,772696.7,137926,5.6023,0
0.3,0.0,0,0,318,772859.5,137926,5.6034,0
0.3,0.0,0,0,319,772762.8,137926,5.6027,0
0.3,0.0,0,0,320,772855.4,137926,5.6034,0
0.3,0.0,0,0,321,772906.3,137926,5.6038,0
0.3,0.0,0,0,322,772871.7,137926,5.6035,0
0.3,0.0,0,0,323,772778.5,137926,5.6028,0
0.3,0.0,0,0,356,773791.0,137926,5.6102,0
0.3,0.0,0,0,357,773879.0,137926,5.6108,0
0.3,0.0,0,0,358,773913.2,137926,5.6111,0
0.3,0.0,0,0,326,773029.1,137926,5.6047,0
0.3,0.0,0,0,327,772988.8,137926,5.6044,0
0.3,0.0,0,0,328,772986.2,137926,5.6044,0
0.3,0.0,0,0,329,772993.7,137926,5.6044,0
0.3,0.0,0,0,330,773034.1,137926,5.6047,0
0.3,0.0,0,0,363,773532.6,138027,5.6042,0
0.3,0.0,0,0,300,771774.0,137825,5.5997,0
0.3,0.0,0,0,301,771829.2,137734,5.6038,0
0.3,0.0,0,0,302,772209.8,137825,5.6028,0
0.3,0.0,0,0,303,772365.7,137734,5.6077,0
0.3,0.0,0,0,304,772315.0,137825,5.6036,0
0.3,0.0,0,0,305,772344.3,137926,5.5997,0
0.3,0.0,0,0,306,772495.3,137926,5.6008,0
0.3,0.0,0,0,307,772473.9,137926,5.6006,0
0.3,0.0,0,0,340,773549.7,137926,5.6084,0
0.3,0.0,0,0,341,773585.5,137926,5.6087,0
0.3,0.0,0,0,310,772241.1,137835,5.6026,0
0.3,0.0,0,0,311,772262.4,137926,5.5991,0
0.3,0.0,0,0,312,772330.3,137835,5.6033,0
0.3,0.0,0,0,313,772435.2,137926,5.6004,0
0.3,0.0,0,0,314,772329.4,137926,5.5996,0
0.3,0.0,0,0,347,773659.3,137926,5.6092,0
0.3,0.0,0,0,284,770167.6,137667,5.5944,0
0.3,0.0,0,0,285,770383.7,137667,5.596,0
0.3,0.0,0,0,286,770721.4,137667,5.5984,0
0.3,0.0,0,0,287,771189.3,137954,5.5902,0
0.3,0.0,0,0,288,771157.0,137816,5.5956,0
0.3,0.0,0,0,289,771322.5,137816,5.5968,0
0.3,0.0,0,0,290,771096.0,137816,5.5951,0
0.3,0.0,0,0,291,771204.7,137816,5.5959,0
0.3,0.0,0,0,324,773068.3,137926,5.6049,0
0.3,0.0,0,0,325,773093.0,137926,5.6051,0
0.3,0.0,0,0,283,769802.9,137667,5.5918,0
0.3,0.0,0,0,220,759185.4,137586,5.5179,0
0.3,0.0,0,0,221,759502.1,137595,5.5198,0
0.3,0.0,0,0,222,759628.7,137696,5.5167,0
0.3,0.0,0,0,223,759863.4,137562,5.5238,0
0.3,0.0,0,0,224,759935.8,137562,5.5243,0
0.3,0.0,0,0,225,760169.9,137461,5.5301,0
0.3,0.0,0,0,226,760412.0,137450,5.5323,0
0.3,0.0,0,0,227,760437.5,137703,5.5223,0
0.3,0.0,0,0,260,766876.4,137451,5.5793,0
0.3,0.0,0,0,261,766798.4,137451,5.5787,0
0.3,0.0,0,0,230,761492.3,137594,5.5343,0
0.3,0.0,0,0,231,761774.9,137594,5.5364,0
0.3,0.0,0,0,232,762303.6,137491,5.5444,0
0.3,0.0,0,0,233,762555.6,137616,5.5412,0
0.3,0.0,0,0,234,762661.2,137488,5.5471,0
0.3,0.0,0,0,267,767479.6,137714,5.573,0
0.3,0.0,0,0,211,756842.2,137290,5.5127,0
0.3,0.0,0,0,244,764240.6,137488,5.5586,0
0.3,0.0,0,0,245,764431.6,137488,5.56,0
0.3,0.0,0,0,214,758180.0,137630,5.5088,0
0.3,0.0,0,0,215,758039.5,137711,5.5046,0
0.3,0.0,0,0,216,758323.9,137711,5.5066,0
0.3,0.0,0,0,217,758466.2,137587,5.5126,0
0.3,0.0,0,0,218,758705.5,137472,5.519,0
0.3,0.0,0,0,251,765248.4,137488,5.5659,0
0.3,0.0,0,0,228,761174.8,137719,5.527,0
0.3,0.0,0,0,229,761506.6,137868,5.5234,0
0.3,0.0,0,0,235,762868.7,137488,5.5486,0
0.3,0.0,0,0,212,757178.6,137510,5.5064,0
0.3,0.0,0,0,213,757901.0,137630,5.5068,0
0.3,0.0,0,0,219,758901.5,137472,5.5204,0
0.3,0.0,0,0,379,774510.8,137926,5.6154,0
0.3,0.0,0,0,395,774792.8,138027,5.6133,0
0.3,0.0,0,0,372,773930.4,138027,5.6071,0
0.3,0.0,0,0,373,774073.1,137926,5.6122,0
0.3,0.0,0,0,374,774147.4,137926,5.6128,0
0.3,0.0,0,0,375,774255.2,137926,5.6136,0
0.3,0.0,0,0,376,774280.6,137926,5.6137,0
0.3,0.0,0,0,377,774345.1,137926,5.6142,0
0.3,0.0,0,0,378,774479.8,137926,5.6152,0
0.3,0.0,0,0,411,774770.8,138027,5.6132,0
0.3,0.0,0,0,353,773949.8,137926,5.6113,0
0.3,0.0,0,0,388,774697.4,137926,5.6168,0
0.3,0.0,0,0,389,774778.0,137926,5.6173,0
0.3,0.0,0,0,390,774925.8,137926,5.6184,0
0.3,0.0,0,0,391,774861.0,138027,5.6138,0
0.3,0.0,0,0,392,774774.8,138027,5.6132,0
0.3,0.0,0,0,393,774774.6,138027,5.6132,0
0.3,0.0,0,0,394,774821.2,137926,5.6177,0
0.3,0.0,0,0,427,774907.7,138027,5.6142,0
0.3,0.0,0,0,404,774522.0,137926,5.6155,0
0.3,0.0,0,0,405,774623.5,137926,5.6162,0
0.3,0.0,0,0,406,774575.9,138027,5.6118,0
0.3,0.0,0,0,407,774648.4,138027,5.6123,0
0.3,0.0,0,0,408,774781.4,138027,5.6133,0
0.3,0.0,0,0,409,774784.9,138027,5.6133,0
0.3,0.0,0,0,410,774753.5,138027,5.6131,0
0.3,0.0,0,0,443,774925.7,137926,5.6184,0
0.3,0.0,0,0,380,774551.5,137926,5.6157,0
0.3,0.0,0,0,381,774514.9,137926,5.6154,0
0.3,0.0,0,0,382,774530.3,137926,5.6155,0
0.3,0.0,0,0,383,774614.4,138027,5.612,0
0.3,0.0,0,0,384,774588.0,137926,5.616,0
0.3,0.0,0,0,385,774638.3,138027,5.6122,0
0.3,0.0,0,0,386,774694.0,137926,5.6167,0
0.3,0.0,0,0,387,774708.6,137926,5.6168,0
0.3,0.0,0,0,420,774865.3,137926,5.618,0
0.3,0.0,0,0,421,774876.5,138027,5.6139,0
0.3,0.0,0,0,422,774941.7,138027,5.6144,0
0.3,0.0,0,0,423,774948.0,138027,5.6145,0
0.3,0.0,0,0,424,774987.3,138027,5.6148,0
0.3,0.0,0,0,425,774943.8,138027,5.6144,0
0.3,0.0,0,0,426,774925.2,137926,5.6184,0
0.3,0.0,0,0,459,775202.4,137926,5.6204,0
0.3,0.0,0,0,396,774694.6,137926,5.6167,0
0.3,0.0,0,0,397,774711.7,137926,5.6169,0
0.3,0.0,0,0,398,774755.7,137926,5.6172,0
0.3,0.0,0,0,399,774720.4,137926,5.6169,0
0.3,0.0,0,0,400,774685.3,137926,5.6167,0
0.3,0.0,0,0,401,774608.0,137926,5.6161,0
0.3,0.0,0,0,402,774621.5,137926,5.6162,0
0.3,0.0,0,0,403,774510.3,137926,5.6154,0
0.3,0.0,0,0,436,775150.6,138027,5.6159,0
0.3,0.0,0,0,437,775156.1,137926,5.6201,0
0.3,0.0,0,0,438,774943.8,137926,5.6185,0
0.3,0.0,0,0,439,774995.1,137926,5.6189,0
0.3,0.0,0,0,440,774982.0,137926,5.6188,0
0.3,0.0,0,0,441,774941.7,137926,5.6185,0
0.3,0.0,0,0,442,774954.5,137926,5.6186,0
0.3,0.0,0,0,475,775705.4,137926,5.6241,0
0.3,0.0,0,0,412,774763.4,138027,5.6131,0
0.3,0.0,0,0,413,774751.5,138027,5.613,0
0.3,0.0,0,0,414,774771.9,138027,5.6132,0
0.3,0.0,0,0,415,774688.6,138027,5.6126,0
0.3,0.0,0,0,416,774831.0,138027,5.6136,0
0.3,0.0,0,0,417,774793.9,138027,5.6134,0
0.3,0.0,0,0,418,774772.3,137926,5.6173,0
0.3,0.0,0,0,419,774787.5,138027,5.6133,0
0.3,0.0,0,0,452,775099.7,137926,5.6197,0
0.3,0.0,0,0,453,775133.4,137926,5.6199,0
0.3,0.0,0,0,454,775119.0,137926,5.6198,0
0.3,0.0,0,0,455,775176.5,137926,5.6202,0
0.3,0.0,0,0,456,775188.5,137926,5.6203,0
0.3,0.0,0,0,457,775153.8,137926,5.6201,0
0.3,0.0,0,0,458,775175.3,137926,5.6202,0
0.3,0.0,0,0,491,775796.9,137926,5.6247,0
0.3,0.0,0,0,428,774967.5,138027,5.6146,0
0.3,0.0,0,0,429,774955.4,138027,5.6145,0
0.3,0.0,0,0,430,774974.5,138027,5.6147,0
0.3,0.0,0,0,431,775020.4,138027,5.615,0
0.3,0.0,0,0,432,775046.6,138027,5.6152,0
0.3,0.0,0,0,433,775056.6,138027,5.6153,0
0.3,0.0,0,0,434,775147.9,138027,5.6159,0
0.3,0.0,0,0,435,775152.8,138027,5.616,0
0.3,0.0,0,0,468,775582.5,137926,5.6232,0
0.3,0.0,0,0,469,775546.0,137926,5.6229,0
0.3,0.0,0,0,470,775575.9,137926,5.6231,0
0.3,0.0,0,0,471,775546.8,137926,5.6229,0
0.3,0.0,0,0,472,775570.5,137926,5.6231,0
0.3,0.0,0,0,473,775585.7,137926,5.6232,0
0.3,0.0,0,0,474,775611.9,137926,5.6234,0
0.3,0.0,0,0,507,775720.2,137926,5.6242,0
0.3,0.0,0,0,444,774916.8,137926,5.6184,0
0.3,0.0,0,0,445,774965.5,137926,5.6187,0
0.3,0.0,0,0,446,775014.8,137926,5.6191,0
0.3,0.0,0,0,447,774962.1,137926,5.6187,0
0.3,0.0,0,0,448,774977.9,137926,5.6188,0
0.3,0.0,0,0,449,774980.5,137926,5.6188,0
0.3,0.0,0,0,450,775048.0,137926,5.6193,0
0.3,0.0,0,0,451,775090.0,137926,5.6196,0
0.3,0.0,0,0,484,775680.4,137926,5.6239,0
0.3,0.0,0,0,485,775735.2,137926,5.6243,0
0.3,0.0,0,0,486,775804.1,137926,5.6248,0
0.3,0.0,0,0,487,775806.2,137926,5.6248,0
0.3,0.0,0,0,488,775821.1,137926,5.6249,0
0.3,0.0,0,0,489,775815.1,137926,5.6249,0
0.3,0.0,0,0,490,775807.7,137926,5.6248,0
0.3,0.0,0,0,523,775792.3,137926,5.6247,0
0.3,0.0,0,0,460,775237.2,137926,5.6207,0
0.3,0.0,0,0,461,775248.3,137926,5.6208,0
0.3,0.0,0,0,462,775249.6,137926,5.6208,0
0.3,0.0,0,0,463,775312.8,137926,5.6212,0
0.3,0.0,0,0,464,775337.1,137926,5.6214,0
0.3,0.0,0,0,465,775429.5,137926,5.6221,0
0.3,0.0,0,0,466,775474.5,137926,5.6224,0
0.3,0.0,0,0,467,775520.8,137926,5.6227,0
0.3,0.0,0,0,500,775651.4,137926,5.6237,0
0.3,0.0,0,0,501,775705.4,137926,5.6241,0
0.3,0.0,0,0,502,775744.6,137926,5.6244,0
0.3,0.0,0,0,503,775745.3,137926,5.6244,0
0.3,0.0,0,0,504,775720.4,137926,5.6242,0
0.3,0.0,0,0,505,775683.8,137926,5.6239,0
0.3,0.0,0,0,506,775716.0,137926,5.6241,0
0.3,0.0,0,0,539,775842.2,137926,5.6251,0
0.3,0.0,0,0,476,775663.2,137926,5.6238,0
0.3,0.0,0,0,477,775764.8,137926,5.6245,0
0.3,0.0,0,0,478,775761.5,137926,5.6245,0
0.3,0.0,0,0,479,775757.4,137926,5.6244,0
0.3,0.0,0,0,480,775725.4,137926,5.6242,0
0.3,0.0,0,0,481,775703.7,137926,5.6241,0
0.3,0.0,0,0,482,775722.7,137926,5.6242,0
0.3,0.0,0,0,483,775665.3,137926,5.6238,0
0.3,0.0,0,0,516,775749.0,137926,5.6244,0
0.3,0.0,0,0,517,775749.1,137926,5.6244,0
0.3,0.0,0,0,518,775769.7,137926,5.6245,0
0.3,0.0,0,0,519,775758.8,137926,5.6245,0
0.3,0.0,0,0,520,775766.2,137926,5.6245,0
0.3,0.0,0,0,521,775779.7,137926,5.6246,0
0.3,0.0,0,0,522,775806.6,137926,5.6248,0
0.3,0.0,0,0,555,775953.9,137926,5.6259,0
0.3,0.0,0,0,492,775787.7,137926,5.6247,0
0.3,0.0,0,0,493,775789.0,137926,5.6247,0
0.3,0.0,0,0,494,775789.8,137926,5.6247,0
0.3,0.0,0,0,495,775763.2,137926,5.6245,0
0.3,0.0,0,0,496,775699.6,137926,5.624,0
0.3,0.0,0,0,497,775746.1,137926,5.6244,0
0.3,0.0,0,0,498,775697.7,137926,5.624,0
0.3,0.0,0,0,499,775690.4,137926,5.624,0
0.3,0.0,0,0,532,775870.4,137926,5.6253,0
0.3,0.0,0,0,533,775870.5,137926,5.6253,0
0.3,0.0,0,0,534,775855.1,137926,5.6252,0
0.3,0.0,0,0,535,775839.4,137926,5.625,0
0.3,0.0,0,0,536,775849.2,137926,5.6251,0
0.3,0.0,0,0,537,775830.2,137926,5.625,0
0.3,0.0,0,0,538,775835.1,137926,5.625,0
0.3,0.0,0,0,571,775935.7,137926,5.6257,0
0.3,0.0,0,0,508,775698.5,137926,5.624,0
0.3,0.0,0,0,509,775688.0,137926,5.6239,0
0.3,0.0,0,0,510,775702.0,137926,5.624,0
0.3,0.0,0,0,511,775671.3,137926,5.6238,0
0.3,0.0,0,0,512,775705.5,137926,5.6241,0
0.3,0.0,0,0,513,775709.6,137926,5.6241,0
0.3,0.0,0,0,514,775728.6,137926,5.6242,0
0.3,0.0,0,0,515,775732.9,137926,5.6243,0
0.3,0.0,0,0,548,775880.3,137926,5.6253,0
0.3,0.0,0,0,549,775876.7,137926,5.6253,0
0.3,0.0,0,0,550,775914.0,137926,5.6256,0
0.3,0.0,0,0,551,775911.7,137926,5.6256,0
0.3,0.0,0,0,552,775936.0,137926,5.6257,0
0.3,0.0,0,0,553,775939.0,137926,5.6258,0
0.3,0.0,0,0,554,775947.7,137926,5.6258,0
0.3,0.0,0,0,563,775951.4,137926,5.6259,0
0.3,0.0,0,0,524,775810.5,137926,5.6248,0
0.3,0.0,0,0,525,775815.5,137926,5.6249,0
0.3,0.0,0,0,526,775828.3,137926,5.625,0
0.3,0.0,0,0,527,775810.2,137926,5.6248,0
0.3,0.0,0,0,528,775796.0,137926,5.6247,0
0.3,0.0,0,0,529,775800.2,137926,5.6248,0
0.3,0.0,0,0,530,775814.9,137926,5.6249,0
0.3,0.0,0,0,531,775815.2,137926,5.6249,0
0.3,0.0,0,0,564,775974.6,137926,5.626,0
0.3,0.0,0,0,565,775976.2,137926,5.626,0
0.3,0.0,0,0,566,775984.1,137926,5.6261,0
0.3,0.0,0,0,567,775971.2,137926,5.626,0
0.3,0.0,0,0,568,775943.7,137926,5.6258,0
0.3,0.0,0,0,569,775954.9,137926,5.6259,0
0.3,0.0,0,0,570,775952.7,137926,5.6259,0
0.3,0.0,0,0,572,775937.0,137926,5.6257,0
0.3,0.0,0,0,540,775864.5,137926,5.6252,0
0.3,0.0,0,0,541,775836.2,137926,5.625,0
0.3,0.0,0,0,542,775855.8,137926,5.6252,0
0.3,0.0,0,0,543,775861.9,137926,5.6252,0
0.3,0.0,0,0,544,775886.7,137926,5.6254,0
0.3,0.0,0,0,546,775884.3,137926,5.6254,0
0.3,0.0,0,0,547,775844.8,137926,5.6251,0
0.3,0.0,0,0,561,775928.3,137926,5.6257,0
0.3,0.0,0,0,562,775952.1,137926,5.6259,0
0.3,0.0,0,0,556,775950.4,137926,5.6258,0
0.3,0.0,0,0,557,775942.1,137926,5.6258,0
0.3,0.0,0,0,558,775954.6,137926,5.6259,0
0.3,0.0,0,0,559,775940.1,137926,5.6258,0
0.3,0.0,0,0,560,775954.0,137926,5.6259,0
0.3,0.0,0,0,573,775953.2,137926,5.6259,0
0.3,0.0,0,0,574,775943.3,137926,5.6258,0
0.3,0.0,0,0,575,775923.6,137926,5.6257,0
0.3,0.0,0,0,576,775920.9,137926,5.6256,0
0.3,0.0,0,0,545,775867.6,137926,5.6252,0
0.3,0.1,0,1,564,665569.2,172941,3.8485,0
0.3,0.1,0,1,566,665583.9,172941,3.8486,0
0.3,0.1,0,0,79,668894.4,177091,3.7771,0
0.3,0.1,0,0,80,669082.3,177164,3.7766,0
0.3,0.1,0,0,81,669239.2,177661,3.7669,0
0.3,0.1,0,0,82,673526.8,178778,3.7674,0
0.3,0.1,0,0,83,675160.5,179146,3.7688,0
0.3,0.1,0,0,84,678119.0,179717,3.7733,0
0.3,0.1,0,0,85,678795.3,179435,3.783,0
0.3,0.1,0,0,86,681157.1,179967,3.7849,0
0.3,0.1,0,0,87,682691.1,179480,3.8037,0
0.3,0.1,0,0,88,685650.2,178984,3.8308,0
0.3,0.1,0,0,89,687059.7,178534,3.8483,0
0.3,0.1,0,0,90,688893.1,178751,3.8539,0
0.3,0.1,0,0,91,691832.2,179467,3.8549,0
0.3,0.1,0,0,92,693472.2,179929,3.8541,0
0.3,0.1,0,0,93,695816.0,180134,3.8628,0
0.3,0.1,0,0,95,696040.9,180104,3.8647,0
0.3,0.1,0,0,96,696191.7,179969,3.8684,0
0.3,0.1,0,0,94,696957.4,180736,3.8562,0
0.3,0.1,0,0,98,698487.7,179760,3.8857,0
0.3,0.1,0,0,99,698627.9,180258,3.8757,0
0.3,0.1,0,0,97,699157.1,179950,3.8853,0
0.3,0.1,0,0,100,701551.1,180699,3.8824,0
0.3,0.1,0,0,101,701707.1,180660,3.8841,0
0.3,0.1,0,0,102,703467.4,180645,3.8942,0
0.3,0.1,0,0,103,705392.8,181332,3.8901,0
0.3,0.1,0,0,104,707068.9,181434,3.8971,0
0.3,0.1,0,0,105,707690.8,180832,3.9135,0
0.3,0.1,0,0,106,709378.5,181106,3.9169,0
0.3,0.1,0,0,107,709804.3,181620,3.9082,0
0.3,0.1,0,0,108,710378.3,181801,3.9074,0
0.3,0.1,0,0,109,711450.5,181873,3.9118,0
0.3,0.1,0,0,110,712315.5,181597,3.9225,0
0.3,0.1,0,0,111,712408.3,181213,3.9313,0
0.3,0.1,0,0,112,715008.9,181511,3.9392,0
0.3,0.1,0,0,113,715376.1,181341,3.9449,0
0.3,0.1,0,0,114,717328.1,181547,3.9512,0
0.3,0.1,0,0,115,720949.3,182353,3.9536,0
0.3,0.1,0,0,116,721023.6,182254,3.9561,0
0.3,0.1,0,0,117,722414.7,182315,3.9625,0
0.3,0.1,0,0,118,722548.7,182306,3.9634,0
0.3,0.1,0,0,120,724170.7,182540,3.9672,0
0.3,0.1,0,0,119,724761.4,182437,3.9727,0
0.3,0.1,0,0,123,725797.5,182546,3.976,0
0.3,0.1,0,0,124,726182.9,182191,3.9858,0
0.3,0.1,0,0,121,726428.8,182857,3.9727,0
0.3,0.1,0,0,122,726737.4,182824,3.9751,0
0.3,0.1,0,0,125,728625.5,182592,3.9905,0
0.3,0.1,0,0,126,729205.8,182353,3.9989,0
0.3,0.1,0,0,127,730939.3,182314,4.0092,0
0.3,0.1,0,0,128,732143.2,182673,4.0079,0
0.3,0.1,0,0,130,733045.4,182647,4.0135,0
0.3,0.1,0,0,129,733076.4,182892,4.0082,0
0.3,0.1,0,0,131,733548.7,182839,4.012,0
0.3,0.1,0,0,132,735008.7,183393,4.0078,0
0.3,0.1,0,0,133,735276.1,183201,4.0135,0
0.3,0.1,0,0,135,735766.3,184127,3.996,0
0.3,0.1,0,0,136,735910.1,183647,4.0072,0
0.3,0.1,0,0,134,736626.9,183860,4.0065,0
0.3,0.1,0,0,137,737957.3,184000,4.0106,0
0.3,0.1,0,0,138,738103.0,183835,4.015,0
0.3,0.1,0,0,140,739729.5,184061,4.0189,0
0.3,0.1,0,0,141,739988.6,183936,4.0231,0
0.3,0.1,0,0,139,740552.3,184372,4.0166,0
0.3,0.1,0,0,144,740637.1,183956,4.0262,0
0.3,0.1,0,0,143,741073.9,184301,4.021,0
0.3,0.1,0,0,145,741340.0,184108,4.0267,0
0.3,0.1,0,0,142,742120.7,184315,4.0264,0
0.3,0.1,0,0,146,743378.2,184567,4.0277,0
0.3,0.1,0,0,147,743461.5,183834,4.0442,0
0.3,0.1,0,0,148,743679.7,184216,4.037,0
0.3,0.1,0,0,149,744359.0,184045,4.0444,0
0.3,0.1,0,0,150,744891.3,184218,4.0435,0
0.3,0.1,0,0,151,745050.9,183785,4.0539,0
0.3,0.1,0,0,153,746128.4,183909,4.0571,0
0.3,0.1,0,0,152,746155.2,184182,4.0512,0
0.3,0.1,0,0,154,746561.3,183616,4.0659,0
0.3,0.1,0,0,155,746909.0,183538,4.0695,0
0.3,0.1,0,0,156,747202.2,183658,4.0684,0
0.3,0.1,0,0,157,748224.8,183982,4.0668,0
0.3,0.1,0,0,158,749481.7,183789,4.0779,0
0.3,0.1,0,0,159,750008.3,183789,4.0808,0
0.3,0.1,0,0,162,750778.8,183727,4.0864,0
0.3,0.1,0,0,160,750906.5,183835,4.0847,0
0.3,0.1,0,0,161,750973.7,183938,4.0828,0
0.3,0.1,0,0,163,751604.7,184094,4.0827,0
0.3,0.1,0,0,164,751922.8,184083,4.0847,0
0.3,0.1,0,0,165,752383.4,184413,4.0799,0
0.3,0.1,0,0,166,753059.4,184636,4.0786,0
0.3,0.1,0,0,167,753386.0,184634,4.0804,0
0.3,0.1,0,0,168,753922.6,185054,4.0741,0
0.3,0.1,0,0,170,754057.5,184729,4.082,0
0.3,0.1,0,0,169,754147.0,184832,4.0802,0
0.3,0.1,0,0,171,754368.2,184859,4.0808,0
0.3,0.1,0,0,172,755636.2,184947,4.0857,0
0.3,0.1,0,0,173,756064.6,184528,4.0973,0
0.3,0.1,0,0,174,756314.3,184886,4.0907,0
0.3,0.1,0,0,175,756885.3,184588,4.1004,0
0.3,0.1,0,0,176,757374.7,184718,4.1002,0
0.3,0.1,0,0,177,757583.1,184588,4.1042,0
0.3,0.1,0,0,178,757639.4,184588,4.1045,0
0.3,0.1,0,0,179,758514.8,184734,4.106,0
0.3,0.1,0,0,180,758601.7,184704,4.1071,0
0.3,0.1,0,0,181,759053.7,184588,4.1122,0
0.3,0.1,0,0,182,759335.2,184445,4.1169,0
0.3,0.1,0,0,183,759931.3,184561,4.1175,0
0.3,0.1,0,0,184,760196.4,184575,4.1186,0
0.3,0.1,0,0,185,760870.4,184734,4.1187,0
0.3,0.1,0,0,186,761233.8,184734,4.1207,0
0.3,0.1,0,0,187,761687.8,184422,4.1301,0
0.3,0.1,0,0,188,762467.6,184414,4.1345,0
0.3,0.1,0,0,189,763094.5,184560,4.1347,0
0.3,0.1,0,0,190,763744.9,184667,4.1358,0
0.3,0.1,0,0,191,764053.2,184410,4.1432,0
0.3,0.1,0,0,192,764284.5,184789,4.136,0
0.3,0.1,0,0,193,764483.9,184561,4.1422,0
0.3,0.1,0,0,194,764950.7,184890,4.1373,0
0.3,0.1,0,0,196,765577.7,185007,4.1381,0
0.3,0.1,0,0,195,765706.3,184890,4.1414,0
0.3,0.1,0,0,197,766664.2,185034,4.1434,0
0.3,0.1,0,0,198,766742.2,184888,4.1471,0
0.3,0.1,0,0,199,766967.9,184888,4.1483,0
0.3,0.1,0,0,200,767031.0,184888,4.1486,0
0.3,0.1,0,0,201,767280.9,184888,4.15,0
0.3,0.1,0,0,202,767627.7,184888,4.1519,0
0.3,0.1,0,0,203,767917.6,184567,4.1606,0
0.3,0.1,0,0,204,768116.8,184693,4.1589,0
0.3,0.1,0,0,205,768471.1,184690,4.1609,0
0.3,0.1,0,0,207,768927.7,184875,4.1592,0
0.3,0.1,0,0,206,769206.3,184984,4.1582,0
0.3,0.1,0,0,208,769267.1,184718,4.1645,0
0.3,0.1,0,0,209,769644.6,185012,4.16,0
0.3,0.1,0,0,210,769996.7,185020,4.1617,0
0.3,0.1,0,0,211,770142.4,185020,4.1625,0
0.3,0.1,0,0,212,770396.0,185001,4.1643,0
0.3,0.1,0,0,213,770578.3,185023,4.1648,0
0.3,0.1,0,0,217,771461.4,185140,4.1669,0
0.3,0.1,0,0,214,771532.3,185294,4.1638,0
0.3,0.1,0,0,215,771606.4,185410,4.1616,0
0.3,0.1,0,0,216,771712.5,185294,4.1648,0
0.3,0.1,0,0,218,772317.2,185294,4.1681,0
0.3,0.1,0,0,220,772636.7,185294,4.1698,0
0.3,0.1,0,0,219,772684.2,185432,4.1669,0
0.3,0.1,0,0,222,772921.1,185294,4.1713,0
0.3,0.1,0,0,221,772959.1,185294,4.1715,0
0.3,0.1,0,0,223,773100.4,185294,4.1723,0
0.3,0.1,0,0,224,773273.1,185294,4.1732,0
0.3,0.1,0,0,225,773597.4,185294,4.175,0
0.3,0.1,0,0,227,773774.2,185294,4.1759,0
0.3,0.1,0,0,226,773788.8,185294,4.176,0
0.3,0.1,0,0,228,773903.5,185294,4.1766,0
0.3,0.1,0,0,229,774454.2,185294,4.1796,0
0.3,0.1,0,0,230,774482.7,185294,4.1798,0
0.3,0.1,0,0,231,774761.4,185294,4.1813,0
0.3,0.1,0,0,232,775130.0,185294,4.1832,0
0.3,0.1,0,0,233,775333.9,185294,4.1843,0
0.3,0.1,0,0,234,775661.4,185294,4.1861,0
0.3,0.1,0,0,235,775845.8,185294,4.1871,0
0.3,0.1,0,0,236,776140.6,185112,4.1928,0
0.3,0.1,0,0,237,776270.0,185294,4.1894,0
0.3,0.1,0,0,243,776299.8,184966,4.197,0
0.3,0.1,0,0,241,776547.8,185112,4.195,0
0.3,0.1,0,0,244,776566.4,184966,4.1984,0
0.3,0.1,0,0,238,776581.6,185112,4.1952,0
0.3,0.1,0,0,242,776614.9,185112,4.1954,0
0.3,0.1,0,0,240,776642.6,185294,4.1914,0
0.3,0.1,0,0,239,776765.7,185112,4.1962,0
0.3,0.1,0,0,245,777098.3,185104,4.1982,0
0.3,0.1,0,0,246,777143.8,185104,4.1984,0
0.3,0.1,0,0,247,777369.0,185104,4.1996,0
0.3,0.1,0,0,248,777825.5,185112,4.2019,0
0.3,0.1,0,0,250,777977.6,185310,4.1982,0
0.3,0.1,0,0,251,778328.4,185618,4.1932,0
0.3,0.1,0,0,252,778354.6,185420,4.1978,0
0.3,0.1,0,0,249,778418.4,185250,4.202,0
0.3,0.1,0,0,253,778724.9,185420,4.1998,0
0.3,0.1,0,0,256,778768.5,185761,4.1923,0
0.3,0.1,0,0,254,778770.1,185420,4.2,0
0.3,0.1,0,0,255,778862.7,185563,4.1973,0
0.3,0.1,0,0,257,778912.7,185761,4.1931,0
0.3,0.1,0,0,258,779164.1,185591,4.1983,0
0.3,0.1,0,0,259,779462.9,185393,4.2044,0
0.3,0.1,0,0,262,779537.5,185393,4.2048,0
0.3,0.1,0,0,260,779562.7,185393,4.2049,0
0.3,0.1,0,0,261,779601.4,185393,4.2051,0
0.3,0.1,0,0,263,779630.5,185393,4.2053,0
0.3,0.1,0,0,264,779745.0,185608,4.201,0
0.3,0.1,0,0,265,779807.9,185591,4.2018,0
0.3,0.1,0,0,266,779976.1,185410,4.2068,0
0.3,0.1,0,0,267,780264.5,185410,4.2083,0
0.3,0.1,0,0,268,780462.5,185410,4.2094,0
0.3,0.1,0,0,269,780565.5,185410,4.2099,0
0.3,0.1,0,0,271,780760.0,185580,4.2071,0
0.3,0.1,0,0,270,780768.0,185410,4.211,0
0.3,0.1,0,0,272,780883.2,185778,4.2033,0
0.3,0.1,0,0,273,781098.8,185778,4.2045,0
0.3,0.1,0,0,274,781212.4,185778,4.2051,0
0.3,0.1,0,0,277,781260.9,185778,4.2053,0
0.3,0.1,0,0,275,781272.4,185778,4.2054,0
0.3,0.1,0,0,278,781359.7,185778,4.2059,0
0.3,0.1,0,0,276,781379.9,185778,4.206,0
0.3,0.1,0,0,279,781574.1,185778,4.207,0
0.3,0.1,0,0,280,781682.6,185608,4.2115,0
0.3,0.1,0,0,548,788355.5,185758,4.244,0
0.3,0.1,0,0,549,788352.4,185758,4.244,0
0.3,0.1,0,0,550,788364.9,185758,4.244,0
0.3,0.1,0,0,551,788356.6,185758,4.244,0
0.3,0.1,0,0,552,788374.5,185758,4.2441,0
0.3,0.1,0,0,553,788360.1,185758,4.244,0
0.3,0.1,0,0,561,788413.3,185758,4.2443,0
0.3,0.1,0,0,562,788422.3,185758,4.2444,0
0.3,0.1,0,0,563,788419.7,185758,4.2443,0
0.3,0.1,0,0,564,788441.8,185758,4.2445,0
0.3,0.1,0,0,565,788438.9,185758,4.2444,0
0.3,0.1,0,0,543,788332.7,185758,4.2439,0
0.3,0.1,0,0,544,788335.2,185758,4.2439,0
0.3,0.1,0,0,513,788147.2,185758,4.2429,0
0.3,0.1,0,0,514,788171.1,185758,4.243,0
0.3,0.1,0,0,515,788182.2,185758,4.2431,0
0.3,0.1,0,0,516,788183.8,185758,4.2431,0
0.3,0.1,0,0,517,788209.9,185758,4.2432,0
0.3,0.1,0,0,518,788221.8,185758,4.2433,0
0.3,0.1,0,0,519,788222.9,185758,4.2433,0
0.3,0.1,0,0,520,788237.0,185758,4.2434,0
0.3,0.1,0,0,521,788248.9,185758,4.2434,0
0.3,0.1,0,0,554,788372.5,185758,4.2441,0
0.3,0.1,0,0,555,788370.8,185758,4.2441,0
0.3,0.1,0,0,556,788368.5,185758,4.2441,0
0.3,0.1,0,0,557,788391.5,185758,4.2442,0
0.3,0.1,0,0,558,788422.6,185758,4.2444,0
0.3,0.1,0,0,319,785854.4,185741,4.2309,0
0.3,0.1,0,0,320,785936.2,185741,4.2314,0
0.3,0.1,0,0,289,783777.3,185765,4.2192,0
0.3,0.1,0,0,290,783598.5,185765,4.2182,0
0.3,0.1,0,0,291,783608.4,185748,4.2187,0
0.3,0.1,0,0,292,784389.5,185765,4.2225,0
0.3,0.1,0,0,293,785250.7,185956,4.2228,0
0.3,0.1,0,0,294,784143.7,185765,4.2212,0
0.3,0.1,0,0,295,784346.3,185567,4.2268,0
0.3,0.1,0,0,296,784415.8,185567,4.2271,0
0.3,0.1,0,0,297,784566.5,185567,4.2279,0
0.3,0.1,0,0,330,786026.9,185758,4.2315,0
0.3,0.1,0,0,331,786166.1,185758,4.2322,0
0.3,0.1,0,0,332,786252.1,185758,4.2327,0
0.3,0.1,0,0,333,786182.8,185758,4.2323,0
0.3,0.1,0,0,334,786154.5,185758,4.2321,0
0.3,0.1,0,0,303,784287.4,185567,4.2264,0
0.3,0.1,0,0,304,784208.9,185567,4.226,0
0.3,0.1,0,0,281,781741.4,185470,4.2149,0
0.3,0.1,0,0,314,784523.8,185550,4.2281,0
0.3,0.1,0,0,315,785533.6,185741,4.2292,0
0.3,0.1,0,0,316,785458.1,185741,4.2288,0
0.3,0.1,0,0,317,785638.3,185741,4.2298,0
0.3,0.1,0,0,318,784988.3,185550,4.2306,0
0.3,0.1,0,0,335,786355.3,185758,4.2332,0
0.3,0.1,0,0,336,786437.9,185758,4.2337,0
0.3,0.1,0,0,305,784225.8,185567,4.2261,0
0.3,0.1,0,0,306,784429.1,185567,4.2272,0
0.3,0.1,0,0,307,784549.9,185567,4.2279,0
0.3,0.1,0,0,308,784479.7,185567,4.2275,0
0.3,0.1,0,0,309,784339.1,185550,4.2271,0
0.3,0.1,0,0,310,784374.3,185550,4.2273,0
0.3,0.1,0,0,311,784405.5,185550,4.2275,0
0.3,0.1,0,0,312,785458.0,185741,4.2288,0
0.3,0.1,0,0,313,784621.8,185550,4.2286,0
0.3,0.1,0,0,346,786776.9,185758,4.2355,0
0.3,0.1,0,0,347,786771.3,185758,4.2355,0
0.3,0.1,0,0,348,786698.9,185758,4.2351,0
0.3,0.1,0,0,349,786904.7,185758,4.2362,0
0.3,0.1,0,0,350,786974.1,185758,4.2366,0
0.3,0.1,0,0,287,783108.7,185608,4.2192,0
0.3,0.1,0,0,288,783486.6,185765,4.2176,0
0.3,0.1,0,0,298,784282.4,185567,4.2264,0
0.3,0.1,0,0,299,784276.4,185567,4.2264,0
0.3,0.1,0,0,300,784070.4,185567,4.2253,0
0.3,0.1,0,0,301,784036.2,185567,4.2251,0
0.3,0.1,0,0,302,784256.4,185567,4.2263,0
0.3,0.1,0,0,351,786923.2,185758,4.2363,0
0.3,0.1,0,0,352,786944.6,185758,4.2364,0
0.3,0.1,0,0,321,786004.7,185741,4.2317,0
0.3,0.1,0,0,322,786031.3,185758,4.2315,0
0.3,0.1,0,0,323,786046.1,185758,4.2316,0
0.3,0.1,0,0,324,786144.4,185758,4.2321,0
0.3,0.1,0,0,325,786132.4,185758,4.232,0
0.3,0.1,0,0,326,786071.7,185758,4.2317,0
0.3,0.1,0,0,327,785996.8,185758,4.2313,0
0.3,0.1,0,0,328,786035.1,185758,4.2315,0
0.3,0.1,0,0,329,785986.9,185758,4.2312,0
0.3,0.1,0,0,362,786739.4,185758,4.2353,0
0.3,0.1,0,0,363,786856.5,185916,4.2323,0
0.3,0.1,0,0,364,786874.4,185916,4.2324,0
0.3,0.1,0,0,365,786819.0,185916,4.2321,0
0.3,0.1,0,0,366,786823.1,185758,4.2357,0
0.3,0.1,0,0,282,782356.6,185608,4.2151,0
0.3,0.1,0,0,283,782187.1,185608,4.2142,0
0.3,0.1,0,0,284,782469.3,185608,4.2157,0
0.3,0.1,0,0,285,782529.9,185608,4.216,0
0.3,0.1,0,0,286,782874.9,185608,4.2179,0
0.3,0.1,0,0,367,786780.6,185758,4.2355,0
0.3,0.1,0,0,368,786777.4,185758,4.2355,0
0.3,0.1,0,0,337,786500.6,185758,4.234,0
0.3,0.1,0,0,338,786644.2,185758,4.2348,0
0.3,0.1,0,0,339,786680.8,185758,4.235,0
0.3,0.1,0,0,340,786642.2,185758,4.2348,0
0.3,0.1,0,0,341,786647.6,185758,4.2348,0
0.3,0.1,0,0,342,786588.8,185758,4.2345,0
0.3,0.1,0,0,343,786499.0,185758,4.234,0
0.3,0.1,0,0,344,786612.4,185758,4.2346,0
0.3,0.1,0,0,345,786545.4,185758,4.2342,0
0.3,0.1,0,0,378,787498.8,185758,4.2394,0
0.3,0.1,0,0,379,787476.4,185758,4.2393,0
0.3,0.1,0,0,380,787494.0,185758,4.2394,0
0.3,0.1,0,0,381,787470.6,185758,4.2392,0
0.3,0.1,0,0,382,787445.9,185758,4.2391,0
0.3,0.1,0,0,383,787500.5,185916,4.2358,0
0.3,0.1,0,0,384,787503.9,185758,4.2394,0
0.3,0.1,0,0,353,786980.3,185758,4.2366,0
0.3,0.1,0,0,354,786800.7,185758,4.2356,0
0.3,0.1,0,0,355,786817.1,185758,4.2357,0
0.3,0.1,0,0,356,786951.4,185758,4.2364,0
0.3,0.1,0,0,357,786994.9,185758,4.2367,0
0.3,0.1,0,0,358,787031.2,185758,4.2369,0
0.3,0.1,0,0,359,787008.9,185758,4.2367,0
0.3,0.1,0,0,360,786651.5,185758,4.2348,0
0.3,0.1,0,0,361,786657.7,185758,4.2349,0
0.3,0.1,0,0,394,787512.8,185758,4.2395,0
0.3,0.1,0,0,395,787600.8,185916,4.2363,0
0.3,0.1,0,0,396,787512.3,185758,4.2395,0
0.3,0.1,0,0,397,787493.2,185758,4.2394,0
0.3,0.1,0,0,398,787564.2,185758,4.2397,0
0.3,0.1,0,0,399,787563.9,185758,4.2397,0
0.3,0.1,0,0,400,787499.7,185758,4.2394,0
0.3,0.1,0,0,369,786843.4,185916,4.2323,0
0.3,0.1,0,0,370,787001.8,185916,4.2331,0
0.3,0.1,0,0,371,787092.2,185916,4.2336,0
0.3,0.1,0,0,372,787203.9,185916,4.2342,0
0.3,0.1,0,0,373,787338.6,185758,4.2385,0
0.3,0.1,0,0,374,787372.6,185916,4.2351,0
0.3,0.1,0,0,375,787329.7,185916,4.2349,0
0.3,0.1,0,0,376,787351.2,185758,4.2386,0
0.3,0.1,0,0,377,787356.9,185758,4.2386,0
0.3,0.1,0,0,410,787715.5,185916,4.2369,0
0.3,0.1,0,0,411,787749.5,185916,4.2371,0
0.3,0.1,0,0,412,787737.8,185916,4.2371,0
0.3,0.1,0,0,413,787765.5,185916,4.2372,0
0.3,0.1,0,0,414,787712.2,185916,4.2369,0
0.3,0.1,0,0,415,787725.1,185916,4.237,0
0.3,0.1,0,0,416,787828.1,185916,4.2375,0
0.3,0.1,0,0,385,787570.1,185916,4.2362,0
0.3,0.1,0,0,386,787563.7,185758,4.2397,0
0.3,0.1,0,0,387,787556.0,185758,4.2397,0
0.3,0.1,0,0,388,787530.8,185758,4.2396,0
0.3,0.1,0,0,389,787587.9,185758,4.2399,0
0.3,0.1,0,0,390,787700.7,185758,4.2405,0
0.3,0.1,0,0,391,787688.4,185916,4.2368,0
0.3,0.1,0,0,392,787619.2,185916,4.2364,0
0.3,0.1,0,0,393,787508.3,185916,4.2358,0
0.3,0.1,0,0,426,787900.1,185758,4.2415,0
0.3,0.1,0,0,427,787933.1,185916,4.2381,0
0.3,0.1,0,0,428,787963.7,185916,4.2383,0
0.3,0.1,0,0,429,787960.5,185916,4.2383,0
0.3,0.1,0,0,430,787988.1,185916,4.2384,0
0.3,0.1,0,0,431,788031.2,185916,4.2386,0
0.3,0.1,0,0,432,788068.3,185916,4.2388,0
0.3,0.1,0,0,401,787450.8,185758,4.2391,0
0.3,0.1,0,0,402,787505.7,185758,4.2394,0
0.3,0.1,0,0,403,787388.5,185758,4.2388,0
0.3,0.1,0,0,404,787393.2,185758,4.2388,0
0.3,0.1,0,0,405,787474.8,185758,4.2393,0
0.3,0.1,0,0,406,787531.3,185916,4.236,0
0.3,0.1,0,0,407,787596.3,185916,4.2363,0
0.3,0.1,0,0,408,787755.1,185916,4.2372,0
0.3,0.1,0,0,409,787731.3,185916,4.237,0
0.3,0.1,0,0,442,787772.4,185758,4.2409,0
0.3,0.1,0,0,443,787755.6,185758,4.2408,0
0.3,0.1,0,0,444,787764.7,185758,4.2408,0
0.3,0.1,0,0,445,787790.9,185758,4.241,0
0.3,0.1,0,0,446,787822.7,185758,4.2411,0
0.3,0.1,0,0,447,787810.5,185758,4.2411,0
0.3,0.1,0,0,448,787845.6,185758,4.2412,0
0.3,0.1,0,0,417,787801.3,185916,4.2374,0
0.3,0.1,0,0,418,787781.3,185758,4.2409,0
0.3,0.1,0,0,419,787826.1,185916,4.2375,0
0.3,0.1,0,0,420,787838.2,185916,4.2376,0
0.3,0.1,0,0,421,787887.3,185916,4.2379,0
0.3,0.1,0,0,422,787938.5,185916,4.2381,0
0.3,0.1,0,0,423,787934.3,185916,4.2381,0
0.3,0.1,0,0,424,787971.5,185916,4.2383,0
0.3,0.1,0,0,425,787926.7,185916,4.2381,0
0.3,0.1,0,0,458,787938.6,185758,4.2417,0
0.3,0.1,0,0,459,787967.9,185758,4.2419,0
0.3,0.1,0,0,460,787982.3,185758,4.242,0
0.3,0.1,0,0,461,787982.0,185758,4.242,0
0.3,0.1,0,0,462,787968.5,185758,4.2419,0
0.3,0.1,0,0,463,787942.4,185758,4.2418,0
0.3,0.1,0,0,464,787982.3,185758,4.242,0
0.3,0.1,0,0,433,788085.3,185916,4.2389,0
0.3,0.1,0,0,434,788123.7,185916,4.2391,0
0.3,0.1,0,0,435,788069.5,185916,4.2388,0
0.3,0.1,0,0,436,788057.3,185916,4.2388,0
0.3,0.1,0,0,437,788066.8,185758,4.2424,0
0.3,0.1,0,0,438,787800.5,185758,4.241,0
0.3,0.1,0,0,439,787838.2,185758,4.2412,0
0.3,0.1,0,0,440,787865.8,185758,4.2414,0
0.3,0.1,0,0,441,787800.0,185758,4.241,0
0.3,0.1,0,0,474,788107.2,185758,4.2427,0
0.3,0.1,0,0,475,788150.6,185758,4.2429,0
0.3,0.1,0,0,476,788142.6,185758,4.2428,0
0.3,0.1,0,0,477,788180.6,185758,4.2431,0
0.3,0.1,0,0,478,788203.5,185758,4.2432,0
0.3,0.1,0,0,479,788191.6,185758,4.2431,0
0.3,0.1,0,0,480,788161.4,185758,4.2429,0
0.3,0.1,0,0,449,787852.6,185758,4.2413,0
0.3,0.1,0,0,450,787875.8,185758,4.2414,0
0.3,0.1,0,0,451,787921.6,185758,4.2417,0
0.3,0.1,0,0,452,787912.9,185758,4.2416,0
0.3,0.1,0,0,453,787880.0,185758,4.2414,0
0.3,0.1,0,0,454,787866.6,185758,4.2414,0
0.3,0.1,0,0,455,787918.0,185758,4.2416,0
0.3,0.1,0,0,456,787906.0,185758,4.2416,0
0.3,0.1,0,0,457,787897.0,185758,4.2415,0
0.3,0.1,0,0,490,788181.4,185758,4.2431,0
0.3,0.1,0,0,491,788172.1,185758,4.243,0
0.3,0.1,0,0,492,788145.7,185758,4.2429,0
0.3,0.1,0,0,493,788139.6,185758,4.2428,0
0.3,0.1,0,0,494,788123.8,185758,4.2427,0
0.3,0.1,0,0,495,788099.9,185758,4.2426,0
0.3,0.1,0,0,496,788088.7,185758,4.2426,0
0.3,0.1,0,0,465,787993.9,185758,4.242,0
0.3,0.1,0,0,466,788015.4,185758,4.2422,0
0.3,0.1,0,0,467,788025.9,185758,4.2422,0
0.3,0.1,0,0,468,788048.4,185758,4.2423,0
0.3,0.1,0,0,469,788065.2,185758,4.2424,0
0.3,0.1,0,0,470,788103.1,185758,4.2426,0
0.3,0.1,0,0,471,788094.1,185758,4.2426,0
0.3,0.1,0,0,472,788088.1,185758,4.2426,0
0.3,0.1,0,0,473,788088.9,185758,4.2426,0
0.3,0.1,0,0,506,788122.0,185758,4.2427,0
0.3,0.1,0,0,507,788130.7,185758,4.2428,0
0.3,0.1,0,0,508,788110.2,185758,4.2427,0
0.3,0.1,0,0,509,788114.1,185758,4.2427,0
0.3,0.1,0,0,510,788120.7,185758,4.2427,0
0.3,0.1,0,0,511,788116.6,185758,4.2427,0
0.3,0.1,0,0,512,788134.8,185758,4.2428,0
0.3,0.1,0,0,481,788165.2,185758,4.243,0
0.3,0.1,0,0,482,788192.9,185758,4.2431,0
0.3,0.1,0,0,483,788153.9,185758,4.2429,0
0.3,0.1,0,0,484,788166.2,185758,4.243,0
0.3,0.1,0,0,485,788189.0,185758,4.2431,0
0.3,0.1,0,0,486,788211.4,185758,4.2432,0
0.3,0.1,0,0,487,788199.2,185758,4.2432,0
0.3,0.1,0,0,488,788196.8,185758,4.2431,0
0.3,0.1,0,0,489,788183.1,185758,4.2431,0
0.3,0.1,0,0,522,788265.5,185758,4.2435,0
0.3,0.1,0,0,523,788237.7,185758,4.2434,0
0.3,0.1,0,0,524,788257.9,185758,4.2435,0
0.3,0.1,0,0,525,788256.1,185758,4.2435,0
0.3,0.1,0,0,526,788274.6,185758,4.2436,0
0.3,0.1,0,0,537,788272.8,185758,4.2435,0
0.3,0.1,0,0,570,788392.2,185758,4.2442,0
0.3,0.1,0,0,571,788383.4,185758,4.2441,0
0.3,0.1,0,0,572,788386.7,185758,4.2442,0
0.3,0.1,0,0,573,788409.8,185758,4.2443,0
0.3,0.1,0,0,574,788401.9,185758,4.2442,0
0.3,0.1,0,0,575,788389.8,185758,4.2442,0
0.3,0.1,0,0,576,788394.3,185758,4.2442,0
0.3,0.1,0,0,545,788322.5,185758,4.2438,0
0.3,0.1,0,0,546,788339.0,185758,4.2439,0
0.3,0.1,0,0,547,788345.1,185758,4.2439,0
0.3,0.1,0,0,566,788456.5,185758,4.2445,0
0.3,0.1,0,0,567,788439.3,185758,4.2444,0
0.3,0.1,0,0,568,788419.1,185758,4.2443,0
0.3,0.1,0,0,569,788417.1,185758,4.2443,0
0.3,0.1,0,0,532,788238.8,185758,4.2434,0
0.3,0.1,0,0,533,788243.6,185758,4.2434,0
0.3,0.1,0,0,534,788262.5,185758,4.2435,0
0.3,0.1,0,0,535,788269.0,185758,4.2435,0
0.3,0.1,0,0,536,788253.6,185758,4.2434,0
0.3,0.1,0,0,527,788279.2,185758,4.2436,0
0.3,0.1,0,0,528,788243.2,185758,4.2434,0
0.3,0.1,0,0,497,788119.9,185758,4.2427,0
0.3,0.1,0,0,498,788091.0,185758,4.2426,0
0.3,0.1,0,0,499,788092.7,185758,4.2426,0
0.3,0.1,0,0,500,788091.6,185758,4.2426,0
0.3,0.1,0,0,501,788095.3,185758,4.2426,0
0.3,0.1,0,0,502,788135.2,185758,4.2428,0
0.3,0.1,0,0,503,788139.2,185758,4.2428,0
0.3,0.1,0,0,504,788119.2,185758,4.2427,0
0.3,0.1,0,0,505,788099.1,185758,4.2426,0
0.3,0.1,0,0,538,788301.0,185758,4.2437,0
0.3,0.1,0,0,539,788279.7,185758,4.2436,0
0.3,0.1,0,0,540,788283.6,185758,4.2436,0
0.3,0.1,0,0,541,788295.9,185758,4.2437,0
0.3,0.1,0,0,542,788327.9,185758,4.2438,0
0.3,0.1,0,0,559,788416.0,185758,4.2443,0
0.3,0.1,0,0,560,788430.0,185758,4.2444,0
0.3,0.1,0,0,529,788235.9,185758,4.2433,0
0.3,0.1,0,0,530,788228.7,185758,4.2433,0
0.3,0.1,0,0,531,788228.0,185758,4.2433,0
0.3,0.2,0,1,562,719724.5,190024,3.7875,0
0.3,0.2,0,1,558,719729.2,190024,3.7876,0
0.3,0.2,0,1,560,719734.8,190024,3.7876,0
0.3,0.2,0,1,567,719744.1,190024,3.7876,0
0.3,0.2,0,1,565,719744.5,190024,3.7877,0
0.3,0.2,0,0,108,760616.8,199436,3.8138,0
0.3,0.2,0,0,84,720605.8,196090,3.6749,0
0.3,0.2,0,0,85,722566.1,195142,3.7028,0
0.3,0.2,0,0,536,844678.7,201318,4.1957,0
0.3,0.2,0,0,537,844698.2,201318,4.1958,0
0.3,0.2,0,0,538,844727.0,201318,4.196,0
0.3,0.2,0,0,539,844712.1,201318,4.1959,0
0.3,0.2,0,0,572,844829.1,201318,4.1965,0
0.3,0.2,0,0,541,844734.5,201318,4.196,0
0.3,0.2,0,0,542,844768.2,201318,4.1962,0
0.3,0.2,0,0,543,844775.1,201318,4.1962,0
0.3,0.2,0,0,544,844780.5,201318,4.1962,0
0.3,0.2,0,0,513,844595.1,201318,4.1953,0
0.3,0.2,0,0,514,844621.9,201318,4.1955,0
0.3,0.2,0,0,515,844629.1,201318,4.1955,0
0.3,0.2,0,0,548,844801.1,201318,4.1964,0
0.3,0.2,0,0,549,844796.9,201318,4.1963,0
0.3,0.2,0,0,550,844808.9,201318,4.1964,0
0.3,0.2,0,0,551,844801.2,201318,4.1964,0
0.3,0.2,0,0,520,844683.8,201318,4.1958,0
0.3,0.2,0,0,521,844693.8,201318,4.1958,0
0.3,0.2,0,0,522,844703.9,201318,4.1959,0
0.3,0.2,0,0,523,844671.8,201318,4.1957,0
0.3,0.2,0,0,556,844809.1,201318,4.1964,0
0.3,0.2,0,0,525,844685.8,201318,4.1958,0
0.3,0.2,0,0,526,844705.0,201318,4.1959,0
0.3,0.2,0,0,527,844709.2,201318,4.1959,0
0.3,0.2,0,0,528,844670.6,201318,4.1957,0
0.3,0.2,0,0,497,844544.5,201318,4.1951,0
0.3,0.2,0,0,498,844521.4,201318,4.195,0
0.3,0.2,0,0,499,844527.7,201318,4.195,0
0.3,0.2,0,0,532,844668.4,201318,4.1957,0
0.3,0.2,0,0,533,844673.6,201318,4.1957,0
0.3,0.2,0,0,534,844693.4,201318,4.1958,0
0.3,0.2,0,0,535,844697.6,201318,4.1958,0
0.3,0.2,0,0,504,844572.4,201318,4.1952,0
0.3,0.2,0,0,505,844551.9,201318,4.1951,0
0.3,0.2,0,0,506,844574.1,201318,4.1952,0
0.3,0.2,0,0,507,844581.5,201318,4.1953,0
0.3,0.2,0,0,540,844716.7,201318,4.1959,0
0.3,0.2,0,0,509,844565.6,201318,4.1952,0
0.3,0.2,0,0,510,844569.2,201318,4.1952,0
0.3,0.2,0,0,511,844569.5,201318,4.1952,0
0.3,0.2,0,0,512,844583.3,201318,4.1953,0
0.3,0.2,0,0,481,844600.8,201318,4.1954,0
0.3,0.2,0,0,482,844619.6,201318,4.1954,0
0.3,0.2,0,0,483,844584.4,201318,4.1953,0
0.3,0.2,0,0,516,844630.3,201318,4.1955,0
0.3,0.2,0,0,517,844656.9,201318,4.1956,0
0.3,0.2,0,0,518,844668.0,201318,4.1957,0
0.3,0.2,0,0,519,844669.2,201318,4.1957,0
0.3,0.2,0,0,488,844631.3,201318,4.1955,0
0.3,0.2,0,0,489,844616.9,201318,4.1954,0
0.3,0.2,0,0,490,844616.9,201318,4.1954,0
0.3,0.2,0,0,491,844609.5,201318,4.1954,0
0.3,0.2,0,0,524,844690.7,201318,4.1958,0
0.3,0.2,0,0,493,844573.5,201318,4.1952,0
0.3,0.2,0,0,494,844559.4,201318,4.1952,0
0.3,0.2,0,0,495,844533.0,201318,4.195,0
0.3,0.2,0,0,496,844520.2,201318,4.195,0
0.3,0.2,0,0,465,844401.7,201318,4.1944,0
0.3,0.2,0,0,466,844428.3,201318,4.1945,0
0.3,0.2,0,0,467,844436.0,201318,4.1945,0
0.3,0.2,0,0,500,844532.8,201318,4.195,0
0.3,0.2,0,0,501,844536.9,201318,4.195,0
0.3,0.2,0,0,502,844576.6,201318,4.1952,0
0.3,0.2,0,0,503,844586.0,201318,4.1953,0
0.3,0.2,0,0,472,844505.7,201318,4.1949,0
0.3,0.2,0,0,473,844513.9,201318,4.1949,0
0.3,0.2,0,0,474,844538.9,201318,4.195,0
0.3,0.2,0,0,475,844568.7,201318,4.1952,0
0.3,0.2,0,0,508,844561.4,201318,4.1952,0
0.3,0.2,0,0,477,844612.1,201318,4.1954,0
0.3,0.2,0,0,478,844634.7,201318,4.1955,0
0.3,0.2,0,0,479,844618.4,201318,4.1954,0
0.3,0.2,0,0,480,844598.9,201318,4.1953,0
0.3,0.2,0,0,449,844263.0,201318,4.1937,0
0.3,0.2,0,0,450,844282.3,201318,4.1938,0
0.3,0.2,0,0,451,844328.7,201318,4.194,0
0.3,0.2,0,0,484,844600.5,201318,4.1954,0
0.3,0.2,0,0,485,844625.2,201318,4.1955,0
0.3,0.2,0,0,486,844647.3,201318,4.1956,0
0.3,0.2,0,0,487,844642.0,201318,4.1956,0
0.3,0.2,0,0,456,844319.7,201318,4.194,0
0.3,0.2,0,0,457,844339.1,201318,4.1941,0
0.3,0.2,0,0,458,844374.4,201318,4.1942,0
0.3,0.2,0,0,459,844400.6,201318,4.1944,0
0.3,0.2,0,0,492,844579.9,201318,4.1953,0
0.3,0.2,0,0,461,844376.8,201318,4.1942,0
0.3,0.2,0,0,462,844371.4,201318,4.1942,0
0.3,0.2,0,0,463,844326.8,201318,4.194,0
0.3,0.2,0,0,464,844372.2,201318,4.1942,0
0.3,0.2,0,0,433,844299.9,201318,4.1939,0
0.3,0.2,0,0,434,844339.4,201318,4.1941,0
0.3,0.2,0,0,435,844277.2,201318,4.1937,0
0.3,0.2,0,0,468,844463.7,201318,4.1947,0
0.3,0.2,0,0,469,844488.4,201318,4.1948,0
0.3,0.2,0,0,470,844524.4,201318,4.195,0
0.3,0.2,0,0,471,844506.5,201318,4.1949,0
0.3,0.2,0,0,440,844260.4,201318,4.1937,0
0.3,0.2,0,0,441,844187.9,201318,4.1933,0
0.3,0.2,0,0,442,844163.6,201318,4.1932,0
0.3,0.2,0,0,443,844169.6,201318,4.1932,0
0.3,0.2,0,0,476,844558.3,201318,4.1951,0
0.3,0.2,0,0,445,844188.3,201318,4.1933,0
0.3,0.2,0,0,446,844222.9,201318,4.1935,0
0.3,0.2,0,0,447,844214.6,201318,4.1934,0
0.3,0.2,0,0,448,844266.3,201318,4.1937,0
0.3,0.2,0,0,417,844161.4,201318,4.1932,0
0.3,0.2,0,0,418,844157.5,201318,4.1932,0
0.3,0.2,0,0,419,844212.8,201318,4.1934,0
0.3,0.2,0,0,452,844323.3,201318,4.194,0
0.3,0.2,0,0,453,844314.9,201318,4.1939,0
0.3,0.2,0,0,454,844295.1,201318,4.1938,0
0.3,0.2,0,0,455,844332.5,201318,4.194,0
0.3,0.2,0,0,424,844336.8,201318,4.194,0
0.3,0.2,0,0,425,844317.9,201318,4.194,0
0.3,0.2,0,0,426,844349.2,201318,4.1941,0
0.3,0.2,0,0,427,844266.8,201318,4.1937,0
0.3,0.2,0,0,460,844400.9,201318,4.1944,0
0.3,0.2,0,0,429,844182.4,201318,4.1933,0
0.3,0.2,0,0,430,844219.5,201318,4.1935,0
0.3,0.2,0,0,431,844264.1,201318,4.1937,0
0.3,0.2,0,0,432,844285.1,201318,4.1938,0
0.3,0.2,0,0,401,844015.6,201318,4.1924,0
0.3,0.2,0,0,402,844060.0,201318,4.1927,0
0.3,0.2,0,0,403,843970.4,201318,4.1922,0
0.3,0.2,0,0,436,844256.4,201318,4.1936,0
0.3,0.2,0,0,437,844272.9,201318,4.1937,0
0.3,0.2,0,0,438,844208.6,201318,4.1934,0
0.3,0.2,0,0,439,844233.3,201318,4.1935,0
0.3,0.2,0,0,408,844117.4,201318,4.193,0
0.3,0.2,0,0,409,844143.6,201318,4.1931,0
0.3,0.2,0,0,410,844140.3,201318,4.1931,0
0.3,0.2,0,0,411,844159.0,201318,4.1932,0
0.3,0.2,0,0,444,844175.1,201318,4.1932,0
0.3,0.2,0,0,413,844151.2,201318,4.1931,0
0.3,0.2,0,0,414,844087.7,201318,4.1928,0
0.3,0.2,0,0,415,844111.6,201318,4.1929,0
0.3,0.2,0,0,416,844204.5,201318,4.1934,0
0.3,0.2,0,0,385,843816.6,201318,4.1915,0
0.3,0.2,0,0,386,843877.4,201318,4.1918,0
0.3,0.2,0,0,387,843836.5,201318,4.1916,0
0.3,0.2,0,0,420,844228.2,201318,4.1935,0
0.3,0.2,0,0,421,844291.3,201318,4.1938,0
0.3,0.2,0,0,422,844333.4,201318,4.194,0
0.3,0.2,0,0,423,844313.8,201318,4.1939,0
0.3,0.2,0,0,392,843994.8,201318,4.1923,0
0.3,0.2,0,0,393,843926.4,201318,4.192,0
0.3,0.2,0,0,394,843931.2,201318,4.192,0
0.3,0.2,0,0,395,844018.6,201318,4.1925,0
0.3,0.2,0,0,428,844310.7,201318,4.1939,0
0.3,0.2,0,0,397,844016.7,201318,4.1925,0
0.3,0.2,0,0,398,844070.3,201318,4.1927,0
0.3,0.2,0,0,399,844145.2,201318,4.1931,0
0.3,0.2,0,0,400,844079.5,201318,4.1928,0
0.3,0.2,0,0,369,843168.3,201318,4.1882,0
0.3,0.2,0,0,370,843320.6,201318,4.189,0
0.3,0.2,0,0,371,843414.1,201318,4.1895,0
0.3,0.2,0,0,404,843938.4,201318,4.1921,0
0.3,0.2,0,0,405,844041.7,201318,4.1926,0
0.3,0.2,0,0,406,844077.9,201318,4.1928,0
0.3,0.2,0,0,407,844096.4,201318,4.1929,0
0.3,0.2,0,0,376,843670.6,201318,4.1907,0
0.3,0.2,0,0,377,843636.2,201318,4.1906,0
0.3,0.2,0,0,378,843762.7,201318,4.1912,0
0.3,0.2,0,0,379,843753.9,201318,4.1911,0
0.3,0.2,0,0,412,844124.3,201318,4.193,0
0.3,0.2,0,0,381,843776.8,201318,4.1913,0
0.3,0.2,0,0,382,843759.9,201318,4.1912,0
0.3,0.2,0,0,383,843777.7,201318,4.1913,0
0.3,0.2,0,0,384,843765.5,201318,4.1912,0
0.3,0.2,0,0,353,843063.4,201318,4.1877,0
0.3,0.2,0,0,354,842930.8,201318,4.1871,0
0.3,0.2,0,0,355,842979.8,201318,4.1873,0
0.3,0.2,0,0,388,843815.8,201318,4.1915,0
0.3,0.2,0,0,389,843892.9,201318,4.1918,0
0.3,0.2,0,0,390,844003.1,201318,4.1924,0
0.3,0.2,0,0,391,843999.3,201318,4.1924,0
0.3,0.2,0,0,360,843045.5,201318,4.1876,0
0.3,0.2,0,0,361,843058.3,201318,4.1877,0
0.3,0.2,0,0,362,843114.4,201318,4.188,0
0.3,0.2,0,0,363,843185.0,201318,4.1883,0
0.3,0.2,0,0,396,843993.1,201318,4.1923,0
0.3,0.2,0,0,365,843115.9,201318,4.188,0
0.3,0.2,0,0,366,843134.5,201318,4.1881,0
0.3,0.2,0,0,367,843135.7,201318,4.1881,0
0.3,0.2,0,0,368,843098.7,201318,4.1879,0
0.3,0.2,0,0,337,842517.7,201318,4.185,0
0.3,0.2,0,0,338,842789.1,201643,4.1796,0
0.3,0.2,0,0,339,842795.5,201643,4.1796,0
0.3,0.2,0,0,372,843481.2,201318,4.1898,0
0.3,0.2,0,0,373,843611.0,201318,4.1904,0
0.3,0.2,0,0,374,843644.8,201318,4.1906,0
0.3,0.2,0,0,375,843617.6,201318,4.1905,0
0.3,0.2,0,0,344,842759.7,201643,4.1795,0
0.3,0.2,0,0,345,842654.0,201643,4.1789,0
0.3,0.2,0,0,346,842889.6,201643,4.1801,0
0.3,0.2,0,0,347,842944.1,201643,4.1804,0
0.3,0.2,0,0,380,843783.6,201318,4.1913,0
0.3,0.2,0,0,349,843024.3,201318,4.1875,0
0.3,0.2,0,0,350,843072.1,201318,4.1878,0
0.3,0.2,0,0,351,843016.7,201318,4.1875,0
0.3,0.2,0,0,352,843094.8,201318,4.1879,0
0.3,0.2,0,0,321,842123.0,201643,4.1763,0
0.3,0.2,0,0,322,842061.2,201643,4.176,0
0.3,0.2,0,0,323,842092.7,201643,4.1762,0
0.3,0.2,0,0,356,843131.9,201318,4.1881,0
0.3,0.2,0,0,357,843180.9,201318,4.1883,0
0.3,0.2,0,0,358,843247.9,201318,4.1886,0
0.3,0.2,0,0,359,843246.1,201318,4.1886,0
0.3,0.2,0,0,328,842027.0,201643,4.1758,0
0.3,0.2,0,0,329,842050.7,201643,4.1759,0
0.3,0.2,0,0,330,842167.1,201643,4.1765,0
0.3,0.2,0,0,331,842211.7,201643,4.1767,0
0.3,0.2,0,0,364,843216.4,201318,4.1885,0
0.3,0.2,0,0,333,842267.7,201643,4.177,0
0.3,0.2,0,0,334,842241.4,201643,4.1769,0
0.3,0.2,0,0,335,842423.9,201643,4.1778,0
0.3,0.2,0,0,336,842539.0,201643,4.1784,0
0.3,0.2,0,0,305,841010.2,201643,4.1708,0
0.3,0.2,0,0,306,841224.6,201643,4.1719,0
0.3,0.2,0,0,307,841281.4,201643,4.1721,0
0.3,0.2,0,0,340,842773.5,201643,4.1795,0
0.3,0.2,0,0,341,842789.9,201643,4.1796,0
0.3,0.2,0,0,342,842711.7,201643,4.1792,0
0.3,0.2,0,0,343,842642.0,201643,4.1789,0
0.3,0.2,0,0,312,841992.1,201792,4.1726,0
0.3,0.2,0,0,313,841482.1,201643,4.1731,0
0.3,0.2,0,0,314,842000.5,201792,4.1726,0
0.3,0.2,0,0,315,842084.0,201792,4.173,0
0.3,0.2,0,0,348,842870.3,201643,4.18,0
0.3,0.2,0,0,317,841647.9,201643,4.174,0
0.3,0.2,0,0,318,841934.3,201643,4.1754,0
0.3,0.2,0,0,319,841929.8,201643,4.1753,0
0.3,0.2,0,0,320,842109.1,201643,4.1762,0
0.3,0.2,0,0,289,840194.3,201643,4.1667,0
0.3,0.2,0,0,290,840583.2,201792,4.1656,0
0.3,0.2,0,0,291,840633.4,201792,4.1658,0
0.3,0.2,0,0,324,842069.9,201643,4.176,0
0.3,0.2,0,0,325,842065.9,201643,4.176,0
0.3,0.2,0,0,326,842048.0,201643,4.1759,0
0.3,0.2,0,0,327,841949.6,201643,4.1754,0
0.3,0.2,0,0,296,840859.9,201643,4.17,0
0.3,0.2,0,0,297,841107.3,201643,4.1713,0
0.3,0.2,0,0,298,840797.7,201643,4.1697,0
0.3,0.2,0,0,299,840752.8,201643,4.1695,0
0.3,0.2,0,0,332,842299.8,201643,4.1772,0
0.3,0.2,0,0,301,840600.5,201643,4.1688,0
0.3,0.2,0,0,302,840793.3,201643,4.1697,0
0.3,0.2,0,0,303,840908.1,201643,4.1703,0
0.3,0.2,0,0,304,840962.6,201643,4.1706,0
0.3,0.2,0,0,273,837803.7,201842,4.1508,0
0.3,0.2,0,0,274,837988.0,201842,4.1517,0
0.3,0.2,0,0,275,838126.2,201842,4.1524,0
0.3,0.2,0,0,308,841800.0,201792,4.1716,0
0.3,0.2,0,0,309,841749.1,201792,4.1714,0
0.3,0.2,0,0,310,841775.2,201792,4.1715,0
0.3,0.2,0,0,311,841801.9,201792,4.1716,0
0.3,0.2,0,0,280,838126.1,201610,4.1572,0
0.3,0.2,0,0,281,838305.1,201485,4.1606,0
0.3,0.2,0,0,282,838709.1,201485,4.1626,0
0.3,0.2,0,0,283,838597.2,201485,4.1621,0
0.3,0.2,0,0,316,841443.9,201643,4.1729,0
0.3,0.2,0,0,285,839104.2,201643,4.1613,0
0.3,0.2,0,0,286,839378.9,201643,4.1627,0
0.3,0.2,0,0,287,839609.0,201643,4.1638,0
0.3,0.2,0,0,288,839935.4,201643,4.1655,0
0.3,0.2,0,0,257,835319.4,201842,4.1385,0
0.3,0.2,0,0,258,835558.0,201842,4.1397,0
0.3,0.2,0,0,259,835758.1,201819,4.1411,0
0.3,0.2,0,0,292,840816.3,201643,4.1698,0
0.3,0.2,0,0,293,840794.2,201643,4.1697,0
0.3,0.2,0,0,294,840555.3,201643,4.1685,0
0.3,0.2,0,0,295,840797.8,201643,4.1697,0
0.3,0.2,0,0,264,836036.3,201842,4.142,0
0.3,0.2,0,0,265,835786.3,201660,4.1445,0
0.3,0.2,0,0,266,836354.6,201819,4.1441,0
0.3,0.2,0,0,267,836232.8,201693,4.1461,0
0.3,0.2,0,0,300,840564.4,201643,4.1686,0
0.3,0.2,0,0,269,836336.4,201620,4.1481,0
0.3,0.2,0,0,270,837156.8,201792,4.1486,0
0.3,0.2,0,0,271,837354.4,201977,4.1458,0
0.3,0.2,0,0,272,837490.4,202000,4.146,0
0.3,0.2,0,0,241,832411.5,201695,4.1271,0
0.3,0.2,0,0,242,832238.8,201526,4.1297,0
0.3,0.2,0,0,243,832545.8,201317,4.1355,0
0.3,0.2,0,0,276,838164.9,201842,4.1526,0
0.3,0.2,0,0,277,838166.4,201842,4.1526,0
0.3,0.2,0,0,278,838177.0,201634,4.1569,0
0.3,0.2,0,0,279,838034.5,201452,4.16,0
0.3,0.2,0,0,248,833817.2,201503,4.138,0
0.3,0.2,0,0,249,833673.3,201371,4.14,0
0.3,0.2,0,0,250,834218.9,201520,4.1396,0
0.3,0.2,0,0,251,834219.7,201520,4.1396,0
0.3,0.2,0,0,284,838969.5,201643,4.1607,0
0.3,0.2,0,0,253,834987.0,201675,4.1403,0
0.3,0.2,0,0,254,834993.1,201842,4.1369,0
0.3,0.2,0,0,255,835187.1,201842,4.1378,0
0.3,0.2,0,0,256,835055.2,201842,4.1372,0
0.3,0.2,0,0,225,828719.7,201529,4.1122,0
0.3,0.2,0,0,226,828990.0,201506,4.114,0
0.3,0.2,0,0,227,829342.1,201667,4.1124,0
0.3,0.2,0,0,260,835861.5,201819,4.1416,0
0.3,0.2,0,0,261,835816.4,201842,4.1409,0
0.3,0.2,0,0,262,835842.7,201842,4.1411,0
0.3,0.2,0,0,263,836022.1,201842,4.142,0
0.3,0.2,0,0,232,830331.2,201506,4.1206,0
0.3,0.2,0,0,233,830648.8,201529,4.1217,0
0.3,0.2,0,0,234,831345.3,202065,4.1142,0
0.3,0.2,0,0,235,831332.0,201645,4.1228,0
0.3,0.2,0,0,268,836146.2,201485,4.1499,0
0.3,0.2,0,0,237,831948.7,201645,4.1258,0
0.3,0.2,0,0,238,831968.7,201484,4.1292,0
0.3,0.2,0,0,239,832260.5,201484,4.1307,0
0.3,0.2,0,0,240,832260.3,201484,4.1307,0
0.3,0.2,0,0,209,823752.5,201002,4.0982,0
0.3,0.2,0,0,210,824077.3,201149,4.0969,0
0.3,0.2,0,0,211,824353.3,201149,4.0982,0
0.3,0.2,0,0,244,832401.7,201371,4.1337,0
0.3,0.2,0,0,245,832617.1,201371,4.1347,0
0.3,0.2,0,0,246,832697.8,201348,4.1356,0
0.3,0.2,0,0,247,833052.1,201371,4.1369,0
0.3,0.2,0,0,216,825630.2,201002,4.1076,0
0.3,0.2,0,0,217,825927.3,201002,4.1091,0
0.3,0.2,0,0,218,825692.7,200958,4.1088,0
0.3,0.2,0,0,219,826305.7,201163,4.1076,0
0.3,0.2,0,0,252,834600.0,201675,4.1383,0
0.3,0.2,0,0,221,827023.3,201310,4.1082,0
0.3,0.2,0,0,222,827274.9,201140,4.1129,0
0.3,0.2,0,0,223,827421.3,201140,4.1137,0
0.3,0.2,0,0,224,828385.9,201529,4.1105,0
0.3,0.2,0,0,193,817072.1,200733,4.0704,0
0.3,0.2,0,0,194,817515.5,200947,4.0683,0
0.3,0.2,0,0,195,818221.0,201188,4.0669,0
0.3,0.2,0,0,228,829079.0,201506,4.1144,0
0.3,0.2,0,0,229,829675.4,201529,4.1169,0
0.3,0.2,0,0,230,829770.1,201506,4.1178,0
0.3,0.2,0,0,231,830041.5,201506,4.1192,0
0.3,0.2,0,0,200,819592.1,201208,4.0734,0
0.3,0.2,0,0,201,819737.2,200926,4.0798,0
0.3,0.2,0,0,202,820120.7,201115,4.0779,0
0.3,0.2,0,0,203,820531.7,200949,4.0833,0
0.3,0.2,0,0,236,831405.7,201484,4.1264,0
0.3,0.2,0,0,205,821662.0,201170,4.0844,0
0.3,0.2,0,0,206,822354.4,201611,4.0789,0
0.3,0.2,0,0,207,822626.5,201253,4.0875,0
0.3,0.2,0,0,208,823194.5,200825,4.0991,0
0.3,0.2,0,0,177,811061.4,201226,4.0306,0
0.3,0.2,0,0,178,811225.4,201226,4.0314,0
0.3,0.2,0,0,179,811783.1,201226,4.0342,0
0.3,0.2,0,0,212,824805.9,201149,4.1005,0
0.3,0.2,0,0,213,824855.2,201002,4.1037,0
0.3,0.2,0,0,214,825357.3,201360,4.0989,0
0.3,0.2,0,0,215,825208.1,201149,4.1025,0
0.3,0.2,0,0,184,813488.2,201208,4.043,0
0.3,0.2,0,0,185,813787.9,201208,4.0445,0
0.3,0.2,0,0,186,814145.8,201281,4.0448,0
0.3,0.2,0,0,187,814500.5,201073,4.0508,0
0.3,0.2,0,0,220,826658.2,201163,4.1094,0
0.3,0.2,0,0,189,815577.9,201002,4.0576,0
0.3,0.2,0,0,190,816260.7,200698,4.0671,0
0.3,0.2,0,0,191,816579.8,200833,4.066,0
0.3,0.2,0,0,192,816911.8,201155,4.0611,0
0.3,0.2,0,0,161,804934.5,200796,4.0087,0
0.3,0.2,0,0,162,804656.8,200796,4.0073,0
0.3,0.2,0,0,163,804152.1,200424,4.0123,0
0.3,0.2,0,0,196,817977.5,201397,4.0615,0
0.3,0.2,0,0,197,818645.2,201199,4.0688,0
0.3,0.2,0,0,198,819146.7,201208,4.0711,0
0.3,0.2,0,0,199,819482.0,201208,4.0728,0
0.3,0.2,0,0,168,807463.5,200830,4.0206,0
0.3,0.2,0,0,169,806406.6,200434,4.0233,0
0.3,0.2,0,0,170,806962.7,200859,4.0176,0
0.3,0.2,0,0,171,807111.2,200835,4.0188,0
0.3,0.2,0,0,204,820828.3,200949,4.0848,0
0.3,0.2,0,0,173,810364.0,201268,4.0263,0
0.3,0.2,0,0,174,810691.6,201403,4.0252,0
0.3,0.2,0,0,175,810111.6,201203,4.0263,0
0.3,0.2,0,0,176,810602.7,201203,4.0288,0
0.3,0.2,0,0,145,792528.1,200439,3.954,0
0.3,0.2,0,0,146,793091.0,199520,3.975,0
0.3,0.2,0,0,147,794984.8,200450,3.966,0
0.3,0.2,0,0,180,811662.2,201226,4.0336,0
0.3,0.2,0,0,181,812205.8,201165,4.0375,0
0.3,0.2,0,0,182,813721.7,201218,4.044,0
0.3,0.2,0,0,183,814178.2,201356,4.0435,0
0.3,0.2,0,0,152,798777.6,200687,3.9802,0
0.3,0.2,0,0,153,799223.1,200635,3.9835,0
0.3,0.2,0,0,154,799567.3,200554,3.9868,0
0.3,0.2,0,0,155,800415.9,201126,3.9797,0
0.3,0.2,0,0,188,815323.2,201053,4.0553,0
0.3,0.2,0,0,157,802638.5,201013,3.993,0
0.3,0.2,0,0,158,804194.5,201142,3.9981,0
0.3,0.2,0,0,159,804068.6,200779,4.0047,0
0.3,0.2,0,0,160,805451.9,201005,4.0071,0
0.3,0.2,0,0,129,781347.5,199111,3.9242,0
0.3,0.2,0,0,130,781249.8,199039,3.9251,0
0.3,0.2,0,0,131,783703.5,199188,3.9345,0
0.3,0.2,0,0,164,804768.0,200387,4.0161,0
0.3,0.2,0,0,165,805830.8,200339,4.0223,0
0.3,0.2,0,0,166,806370.0,200619,4.0194,0
0.3,0.2,0,0,167,806999.9,200619,4.0225,0
0.3,0.2,0,0,136,785515.9,199843,3.9307,0
0.3,0.2,0,0,137,787892.0,199523,3.9489,0
0.3,0.2,0,0,138,789192.5,199578,3.9543,0
0.3,0.2,0,0,139,789201.3,200179,3.9425,0
0.3,0.2,0,0,172,808846.9,200859,4.0269,0
0.3,0.2,0,0,141,790113.6,199314,3.9642,0
0.3,0.2,0,0,142,790593.8,199579,3.9613,0
0.3,0.2,0,0,143,791446.2,200410,3.9491,0
0.3,0.2,0,0,144,791359.0,200447,3.948,0
0.3,0.2,0,0,113,762861.5,198253,3.8479,0
0.3,0.2,0,0,114,765388.3,198909,3.8479,0
0.3,0.2,0,0,115,767317.9,199005,3.8558,0
0.3,0.2,0,0,148,795590.1,200471,3.9686,0
0.3,0.2,0,0,149,795657.1,199740,3.9835,0
0.3,0.2,0,0,150,796518.3,200396,3.9747,0
0.3,0.2,0,0,151,797723.4,200757,3.9736,0
0.3,0.2,0,0,120,771544.4,198873,3.8796,0
0.3,0.2,0,0,121,773712.6,199083,3.8864,0
0.3,0.2,0,0,122,773606.9,198262,3.9019,0
0.3,0.2,0,0,123,773721.9,198131,3.9051,0
0.3,0.2,0,0,156,799649.3,200926,3.9798,0
0.3,0.2,0,0,125,776385.0,198469,3.9119,0
0.3,0.2,0,0,126,777268.8,198514,3.9154,0
0.3,0.2,0,0,127,778249.1,198330,3.924,0
0.3,0.2,0,0,128,779837.3,199005,3.9187,0
0.3,0.2,0,0,97,745052.4,198032,3.7623,0
0.3,0.2,0,0,98,746125.5,198026,3.7678,0
0.3,0.2,0,0,99,747726.6,198686,3.7634,0
0.3,0.2,0,0,132,783664.4,199286,3.9324,0
0.3,0.2,0,0,133,783842.7,199136,3.9362,0
0.3,0.2,0,0,134,785163.9,198784,3.9498,0
0.3,0.2,0,0,135,784595.1,199336,3.936,0
0.3,0.2,0,0,104,752778.0,197774,3.8063,0
0.3,0.2,0,0,105,754409.8,198315,3.8041,0
0.3,0.2,0,0,106,757683.1,198647,3.8142,0
0.3,0.2,0,0,107,759432.9,199198,3.8125,0
0.3,0.2,0,0,140,790132.4,200345,3.9439,0
0.3,0.2,0,0,109,761679.3,199294,3.8219,0
0.3,0.2,0,0,110,763218.5,199140,3.8326,0
0.3,0.2,0,0,111,763579.7,199317,3.831,0
0.3,0.2,0,0,112,763839.9,198361,3.8508,0
0.3,0.2,0,0,116,768868.3,198923,3.8652,0
0.3,0.2,0,0,117,770104.7,198903,3.8718,0
0.3,0.2,0,0,118,771310.0,199335,3.8694,0
0.3,0.2,0,0,119,772087.3,199126,3.8774,0
0.3,0.2,0,0,552,844818.0,201318,4.1964,0
0.3,0.2,0,0,553,844801.3,201318,4.1964,0
0.3,0.2,0,0,554,844813.3,201318,4.1964,0
0.3,0.2,0,0,555,844812.4,201318,4.1964,0
0.3,0.2,0,0,563,844854.5,201318,4.1966,0
0.3,0.2,0,0,557,844831.3,201318,4.1965,0
0.3,0.2,0,0,558,844857.1,201318,4.1966,0
0.3,0.2,0,0,559,844851.2,201318,4.1966,0
0.3,0.2,0,0,560,844864.1,201318,4.1967,0
0.3,0.2,0,0,529,844665.2,201318,4.1957,0
0.3,0.2,0,0,530,844658.6,201318,4.1956,0
0.3,0.2,0,0,531,844659.0,201318,4.1956,0
0.3,0.2,0,0,564,844881.3,201318,4.1967,0
0.3,0.2,0,0,565,844880.3,201318,4.1967,0
0.3,0.2,0,0,566,844899.9,201318,4.1968,0
0.3,0.2,0,0,567,844882.1,201318,4.1968,0
0.3,0.2,0,0,124,776593.3,198715,3.9081,0
0.3,0.2,0,0,93,740348.2,197720,3.7444,0
0.3,0.2,0,0,94,740720.5,197714,3.7464,0
0.3,0.2,0,0,95,741367.5,198148,3.7415,0
0.3,0.2,0,0,96,741671.9,197919,3.7474,0
0.3,0.2,0,0,100,749239.3,198746,3.7698,0
0.3,0.2,0,0,101,750417.9,198792,3.7749,0
0.3,0.2,0,0,102,751590.5,198250,3.7911,0
0.3,0.2,0,0,103,752538.3,198479,3.7915,0
0.3,0.2,0,0,568,844862.0,201318,4.1967,0
0.3,0.2,0,0,569,844859.5,201318,4.1966,0
0.3,0.2,0,0,570,844833.5,201318,4.1965,0
0.3,0.2,0,0,571,844823.8,201318,4.1965,0
0.3,0.2,0,0,573,844851.6,201318,4.1966,0
0.3,0.2,0,0,574,844843.7,201318,4.1966,0
0.3,0.2,0,0,575,844831.6,201318,4.1965,0
0.3,0.2,0,0,576,844836.1,201318,4.1965,0
0.3,0.2,0,0,545,844763.0,201318,4.1962,0
0.3,0.2,0,0,546,844777.6,201318,4.1962,0
0.3,0.2,0,0,547,844785.1,201318,4.1963,0
0.3,0.2,0,0,561,844847.4,201318,4.1966,0
0.3,0.2,0,0,562,844856.3,201318,4.1966,0
0.3,0.2,0,1,566,719762.9,190024,3.7877,0
0.3,0.2,0,0,86,725302.7,196230,3.6962,0
0.3,0.2,0,0,87,727943.1,196385,3.7067,0
0.3,0.2,0,0,88,727512.3,195156,3.7279,0
0.3,0.2,0,0,89,731109.0,196158,3.7271,0
0.3,0.2,0,0,90,733553.6,196729,3.7288,0
0.3,0.2,0,0,91,735120.6,196794,3.7355,0
0.3,0.2,0,1,564,719746.1,190024,3.7877,0
0.3,0.2,0,0,92,737886.5,197478,3.7366,0
0.3,0.3,0,0,122,649862.9,254431,2.5542,0
0.3,0.3,0,0,118,649884.7,254162,2.557,0
0.3,0.3,0,0,111,649895.6,253817,2.5605,0
0.3,0.3,0,6,129,652543.3,224868,2.9019,0
0.3,0.3,0,6,130,654602.3,225048,2.9087,0
0.3,0.3,0,6,131,652932.0,225160,2.8999,0
0.3,0.3,0,6,132,654752.8,225848,2.8991,0
0.3,0.3,0,6,133,653201.1,225565,2.8958,0
0.3,0.3,0,6,134,654820.3,225932,2.8983,0
0.3,0.3,0,6,135,655247.0,225945,2.9,0
0.3,0.3,0,6,136,654887.7,225831,2.8999,0
0.3,0.3,0,6,142,655570.4,224894,2.915,0
0.3,0.3,0,6,143,656016.3,224932,2.9165,0
0.3,0.3,0,6,144,653114.1,225256,2.8994,0
0.3,0.3,0,6,145,657246.7,226152,2.9062,0
0.3,0.3,0,6,146,655529.0,224300,2.9226,0
0.3,0.3,0,6,147,654510.8,224194,2.9194,0
0.3,0.3,0,6,548,661602.0,225308,2.9364,0
0.3,0.3,0,6,517,661636.7,225308,2.9366,0
0.3,0.3,0,6,518,661645.2,225308,2.9366,0
0.3,0.3,0,6,519,661620.9,225308,2.9365,0
0.3,0.3,0,6,520,661606.8,225308,2.9365,0
0.3,0.3,0,6,489,661622.8,225308,2.9365,0
0.3,0.3,0,6,490,661624.6,225308,2.9365,0
0.3,0.3,0,6,491,661618.4,225308,2.9365,0
0.3,0.3,0,6,492,661613.7,225308,2.9365,0
0.3,0.3,0,6,493,661620.0,225308,2.9365,0
0.3,0.3,0,6,526,661604.9,225308,2.9364,0
0.3,0.3,0,6,527,661612.3,225308,2.9365,0
0.3,0.3,0,6,528,661611.8,225308,2.9365,0
0.3,0.3,0,6,529,661604.3,225308,2.9364,0
0.3,0.3,0,6,530,661607.5,225308,2.9365,0
0.3,0.3,0,6,531,661592.4,225308,2.9364,0
0.3,0.3,0,6,197,657513.3,226540,2.9024,0
0.3,0.3,0,6,198,656721.0,225911,2.907,0
0.3,0.3,0,6,199,657006.3,226548,2.9001,0
0.3,0.3,0,6,200,656948.4,226022,2.9066,0
0.3,0.3,0,6,169,658665.5,225928,2.9154,0
0.3,0.3,0,6,170,656277.6,224745,2.9201,0
0.3,0.3,0,6,171,656710.9,225349,2.9142,0
0.3,0.3,0,6,172,656726.8,224969,2.9192,0
0.3,0.3,0,6,173,657839.5,226243,2.9077,0
0.3,0.3,0,6,206,658705.6,226594,2.907,0
0.3,0.3,0,6,207,658090.6,225993,2.912,0
0.3,0.3,0,6,208,658672.7,225993,2.9146,0
0.3,0.3,0,6,209,658170.8,225424,2.9197,0
0.3,0.3,0,6,210,658861.8,225757,2.9185,0
0.3,0.3,0,6,211,658802.2,225794,2.9177,0
0.3,0.3,0,6,212,658513.3,225794,2.9164,0
0.3,0.3,0,6,213,658051.9,225794,2.9144,0
0.3,0.3,0,6,214,659550.8,226119,2.9168,0
0.3,0.3,0,6,215,658301.5,225471,2.9197,0
0.3,0.3,0,6,216,658661.6,225841,2.9165,0
0.3,0.3,0,6,185,658336.9,227749,2.8906,0
0.3,0.3,0,6,186,657036.1,227114,2.893,0
0.3,0.3,0,6,187,657803.4,227407,2.8926,0
0.3,0.3,0,6,188,658044.3,227431,2.8934,0
0.3,0.3,0,6,189,658321.4,227788,2.8901,0
0.3,0.3,0,6,222,658662.0,226247,2.9113,0
0.3,0.3,0,6,223,658422.4,226247,2.9102,0
0.3,0.3,0,6,224,658792.8,226611,2.9072,0
0.3,0.3,0,6,225,658776.3,226981,2.9023,0
0.3,0.3,0,6,226,658685.7,226933,2.9026,0
0.3,0.3,0,6,227,658191.3,226078,2.9113,0
0.3,0.3,0,6,228,658192.9,226620,2.9044,0
0.3,0.3,0,6,229,658331.0,226209,2.9103,0
0.3,0.3,0,6,230,658050.9,225936,2.9126,0
0.3,0.3,0,6,231,658482.9,225927,2.9146,0
0.3,0.3,0,6,232,658845.4,226347,2.9108,0
0.3,0.3,0,6,201,656432.0,225352,2.9129,0
0.3,0.3,0,6,202,656845.7,225566,2.912,0
0.3,0.3,0,6,203,658152.4,226132,2.9105,0
0.3,0.3,0,6,204,658256.8,226303,2.9087,0
0.3,0.3,0,6,205,658566.6,226063,2.9132,0
0.3,0.3,0,6,238,660536.4,227170,2.9077,0
0.3,0.3,0,6,239,660245.4,226316,2.9174,0
0.3,0.3,0,6,240,660218.0,226596,2.9136,0
0.3,0.3,0,6,241,660183.7,226526,2.9144,0
0.3,0.3,0,6,242,660079.3,226226,2.9178,0
0.3,0.3,0,6,243,659881.5,226646,2.9115,0
0.3,0.3,0,6,244,660251.0,225954,2.9221,0
0.3,0.3,0,6,245,660141.8,225661,2.9254,0
0.3,0.3,0,6,246,660080.2,225694,2.9247,0
0.3,0.3,0,6,247,660259.8,225661,2.9259,0
0.3,0.3,0,6,248,660108.3,225394,2.9287,0
0.3,0.3,0,6,217,658688.3,226364,2.9099,0
0.3,0.3,0,6,218,658625.2,226644,2.906,0
0.3,0.3,0,6,219,658403.6,226462,2.9073,0
0.3,0.3,0,6,220,658408.0,226462,2.9074,0
0.3,0.3,0,6,221,658621.0,226231,2.9113,0
0.3,0.3,0,6,254,660677.4,226186,2.9209,0
0.3,0.3,0,6,255,660759.9,226434,2.9181,0
0.3,0.3,0,6,256,660775.4,226186,2.9214,0
0.3,0.3,0,6,257,660879.6,225914,2.9254,0
0.3,0.3,0,6,258,660885.4,225914,2.9254,0
0.3,0.3,0,6,259,660970.7,226162,2.9226,0
0.3,0.3,0,6,260,660868.9,226162,2.9221,0
0.3,0.3,0,6,261,660815.6,225854,2.9259,0
0.3,0.3,0,6,262,660736.1,225854,2.9255,0
0.3,0.3,0,6,263,660707.6,225854,2.9254,0
0.3,0.3,0,6,264,660631.4,225854,2.925,0
0.3,0.3,0,6,233,659819.5,227023,2.9064,0
0.3,0.3,0,6,234,660113.7,227316,2.9039,0
0.3,0.3,0,6,235,660617.9,226896,2.9115,0
0.3,0.3,0,6,236,660640.5,227170,2.9081,0
0.3,0.3,0,6,237,660361.5,227590,2.9015,0
0.3,0.3,0,6,270,661130.7,226402,2.9202,0
0.3,0.3,0,6,271,661451.2,226380,2.9219,0
0.3,0.3,0,6,272,661300.8,226080,2.9251,0
0.3,0.3,0,6,273,661407.8,225847,2.9286,0
0.3,0.3,0,6,274,661208.8,225725,2.9293,0
0.3,0.3,0,6,275,661048.4,225425,2.9325,0
0.3,0.3,0,6,276,661068.7,225817,2.9275,0
0.3,0.3,0,6,277,661305.8,225817,2.9285,0
0.3,0.3,0,6,278,661364.7,225817,2.9288,0
0.3,0.3,0,6,279,661536.7,226065,2.9263,0
0.3,0.3,0,6,280,661466.0,226065,2.926,0
0.3,0.3,0,6,249,660494.6,225933,2.9234,0
0.3,0.3,0,6,250,659823.0,225586,2.9249,0
0.3,0.3,0,6,251,660524.7,225901,2.924,0
0.3,0.3,0,6,252,660545.9,225901,2.9241,0
0.3,0.3,0,6,253,660434.1,226156,2.9203,0
0.3,0.3,0,6,286,663388.1,226975,2.9227,0
0.3,0.3,0,6,287,663437.8,226975,2.923,0
0.3,0.3,0,6,288,663333.1,226708,2.9259,0
0.3,0.3,0,6,289,663503.2,226975,2.9232,0
0.3,0.3,0,6,290,663389.6,226975,2.9227,0
0.3,0.3,0,6,291,663578.5,226975,2.9236,0
0.3,0.3,0,6,292,663698.2,226708,2.9275,0
0.3,0.3,0,6,293,663763.1,226708,2.9278,0
0.3,0.3,0,6,294,663078.4,226361,2.9293,0
0.3,0.3,0,6,295,663307.7,226731,2.9255,0
0.3,0.3,0,6,296,663476.0,226731,2.9263,0
0.3,0.3,0,6,265,660937.9,225854,2.9264,0
0.3,0.3,0,6,266,660826.0,225854,2.9259,0
0.3,0.3,0,6,267,660838.3,226711,2.9149,0
0.3,0.3,0,6,268,660866.0,226402,2.919,0
0.3,0.3,0,6,269,660804.5,226010,2.9238,0
0.3,0.3,0,6,302,662626.9,226070,2.9311,0
0.3,0.3,0,6,303,662619.8,226070,2.931,0
0.3,0.3,0,6,304,662535.4,226070,2.9307,0
0.3,0.3,0,6,305,662643.2,226070,2.9311,0
0.3,0.3,0,6,306,662734.3,226070,2.9315,0
0.3,0.3,0,6,307,662994.2,226440,2.9279,0
0.3,0.3,0,6,308,662808.6,226440,2.9271,0
0.3,0.3,0,6,309,662945.4,226440,2.9277,0
0.3,0.3,0,6,310,661336.2,226121,2.9247,0
0.3,0.3,0,6,311,661109.5,225359,2.9336,0
0.3,0.3,0,6,312,661118.3,225359,2.9336,0
0.3,0.3,0,6,281,661629.4,226065,2.9267,0
0.3,0.3,0,6,282,663656.6,226754,2.9268,0
0.3,0.3,0,6,283,663214.6,226384,2.9296,0
0.3,0.3,0,6,284,663198.4,226384,2.9295,0
0.3,0.3,0,6,285,663275.9,226684,2.926,0
0.3,0.3,0,6,318,661597.6,225393,2.9353,0
0.3,0.3,0,6,319,661560.4,225785,2.93,0
0.3,0.3,0,6,320,661170.6,225415,2.9331,0
0.3,0.3,0,6,321,661313.2,225785,2.929,0
0.3,0.3,0,6,322,661230.9,225785,2.9286,0
0.3,0.3,0,6,323,661326.5,225785,2.929,0
0.3,0.3,0,6,324,661506.6,225785,2.9298,0
0.3,0.3,0,6,325,661478.0,225785,2.9297,0
0.3,0.3,0,6,326,661434.4,226054,2.926,0
0.3,0.3,0,6,327,661365.1,226054,2.9257,0
0.3,0.3,0,6,328,661410.5,226054,2.9259,0
0.3,0.3,0,6,297,663191.2,226361,2.9298,0
0.3,0.3,0,6,298,662973.7,226361,2.9288,0
0.3,0.3,0,6,299,662938.4,226361,2.9287,0
0.3,0.3,0,6,300,662699.5,226361,2.9276,0
0.3,0.3,0,6,301,662678.0,226361,2.9275,0
0.3,0.3,0,6,334,661155.6,225684,2.9296,0
0.3,0.3,0,6,335,661294.2,225662,2.9305,0
0.3,0.3,0,6,336,661181.8,225292,2.9348,0
0.3,0.3,0,6,337,661295.7,225577,2.9316,0
0.3,0.3,0,6,338,661375.8,225577,2.9319,0
0.3,0.3,0,6,339,661298.5,225308,2.9351,0
0.3,0.3,0,6,340,661262.0,225308,2.9349,0
0.3,0.3,0,6,341,661216.3,225577,2.9312,0
0.3,0.3,0,6,342,661190.4,225308,2.9346,0
0.3,0.3,0,6,343,661226.8,225308,2.9348,0
0.3,0.3,0,6,344,661211.1,225622,2.9306,0
0.3,0.3,0,6,313,661221.6,225751,2.929,0
0.3,0.3,0,6,314,661314.3,225751,2.9294,0
0.3,0.3,0,6,315,661296.6,225751,2.9293,0
0.3,0.3,0,6,316,661120.6,225059,2.9375,0
0.3,0.3,0,6,317,661285.2,225059,2.9383,0
0.3,0.3,0,6,350,661600.7,225308,2.9364,0
0.3,0.3,0,6,351,661751.4,225678,2.9323,0
0.3,0.3,0,6,352,661772.6,225678,2.9324,0
0.3,0.3,0,6,353,661568.5,225577,2.9328,0
0.3,0.3,0,6,354,661598.3,225308,2.9364,0
0.3,0.3,0,6,355,661608.6,225577,2.933,0
0.3,0.3,0,6,356,661587.8,225577,2.9329,0
0.3,0.3,0,6,357,661658.9,225577,2.9332,0
0.3,0.3,0,6,358,661698.9,225577,2.9334,0
0.3,0.3,0,6,359,661648.7,225577,2.9331,0
0.3,0.3,0,6,360,661591.9,225577,2.9329,0
0.3,0.3,0,6,329,661368.6,226054,2.9257,0
0.3,0.3,0,6,330,661353.6,225662,2.9307,0
0.3,0.3,0,6,331,661104.2,225292,2.9344,0
0.3,0.3,0,6,332,661020.7,225023,2.9376,0
0.3,0.3,0,6,333,661069.2,225292,2.9343,0
0.3,0.3,0,6,366,661622.3,225577,2.933,0
0.3,0.3,0,6,367,661640.5,225577,2.9331,0
0.3,0.3,0,6,368,661669.0,225577,2.9332,0
0.3,0.3,0,6,369,661654.1,225577,2.9332,0
0.3,0.3,0,6,370,661675.6,225577,2.9333,0
0.3,0.3,0,6,371,661734.0,225577,2.9335,0
0.3,0.3,0,6,372,661690.9,225577,2.9333,0
0.3,0.3,0,6,373,661674.9,225577,2.9333,0
0.3,0.3,0,6,374,661606.7,225577,2.933,0
0.3,0.3,0,6,375,661571.8,225577,2.9328,0
0.3,0.3,0,6,376,661550.9,225577,2.9327,0
0.3,0.3,0,6,345,661305.0,225622,2.931,0
0.3,0.3,0,6,346,661375.2,225308,2.9354,0
0.3,0.3,0,6,347,661360.1,225577,2.9319,0
0.3,0.3,0,6,348,661465.2,225308,2.9358,0
0.3,0.3,0,6,349,661518.9,225308,2.9361,0
0.3,0.3,0,6,382,661546.5,225577,2.9327,0
0.3,0.3,0,6,383,661546.2,225577,2.9327,0
0.3,0.3,0,6,384,661520.6,225891,2.9285,0
0.3,0.3,0,6,385,661546.9,225577,2.9327,0
0.3,0.3,0,6,386,661507.6,225577,2.9325,0
0.3,0.3,0,6,387,661567.7,225891,2.9287,0
0.3,0.3,0,6,388,661597.2,225577,2.9329,0
0.3,0.3,0,6,389,661548.3,225577,2.9327,0
0.3,0.3,0,6,390,661576.9,225577,2.9328,0
0.3,0.3,0,6,391,661569.8,225577,2.9328,0
0.3,0.3,0,6,392,661575.4,225577,2.9328,0
0.3,0.3,0,6,361,661529.4,225577,2.9326,0
0.3,0.3,0,6,362,661635.7,225577,2.9331,0
0.3,0.3,0,6,363,661556.4,225577,2.9327,0
0.3,0.3,0,6,364,661609.9,225577,2.933,0
0.3,0.3,0,6,365,661572.7,225577,2.9328,0
0.3,0.3,0,6,398,661635.2,225577,2.9331,0
0.3,0.3,0,6,399,661590.3,225577,2.9329,0
0.3,0.3,0,6,400,661645.4,225577,2.9331,0
0.3,0.3,0,6,401,661597.6,225891,2.9288,0
0.3,0.3,0,6,402,661599.6,225622,2.9323,0
0.3,0.3,0,6,403,661615.9,225891,2.9289,0
0.3,0.3,0,6,404,661641.1,225891,2.929,0
0.3,0.3,0,6,405,661631.2,225891,2.929,0
0.3,0.3,0,6,406,661615.7,225891,2.9289,0
0.3,0.3,0,6,407,661584.1,225891,2.9288,0
0.3,0.3,0,6,408,661588.1,225891,2.9288,0
0.3,0.3,0,6,377,661565.0,225577,2.9328,0
0.3,0.3,0,6,378,661619.7,225577,2.933,0
0.3,0.3,0,6,379,661599.4,225577,2.9329,0
0.3,0.3,0,6,380,661592.9,225577,2.9329,0
0.3,0.3,0,6,381,661537.8,225577,2.9326,0
0.3,0.3,0,6,414,661551.3,225891,2.9286,0
0.3,0.3,0,6,415,661498.1,225577,2.9325,0
0.3,0.3,0,6,416,661511.1,225577,2.9325,0
0.3,0.3,0,6,417,661433.7,225577,2.9322,0
0.3,0.3,0,6,418,661429.5,225308,2.9357,0
0.3,0.3,0,6,419,661443.2,225308,2.9357,0
0.3,0.3,0,6,420,661405.8,225577,2.9321,0
0.3,0.3,0,6,421,661428.8,225577,2.9322,0
0.3,0.3,0,6,422,661422.9,225308,2.9356,0
0.3,0.3,0,6,423,661458.7,225308,2.9358,0
0.3,0.3,0,6,424,661451.7,225308,2.9358,0
0.3,0.3,0,6,393,661550.4,225577,2.9327,0
0.3,0.3,0,6,394,661541.2,225577,2.9327,0
0.3,0.3,0,6,395,661567.9,225577,2.9328,0
0.3,0.3,0,6,396,661623.5,225577,2.933,0
0.3,0.3,0,6,397,661625.2,225577,2.933,0
0.3,0.3,0,6,430,661416.0,225308,2.9356,0
0.3,0.3,0,6,431,661403.6,225308,2.9356,0
0.3,0.3,0,6,432,661414.6,225308,2.9356,0
0.3,0.3,0,6,433,661399.3,225308,2.9355,0
0.3,0.3,0,6,434,661371.8,225308,2.9354,0
0.3,0.3,0,6,435,661379.9,225308,2.9354,0
0.3,0.3,0,6,436,661397.4,225308,2.9355,0
0.3,0.3,0,6,437,661417.7,225308,2.9356,0
0.3,0.3,0,6,438,661402.8,225308,2.9355,0
0.3,0.3,0,6,439,661395.0,225308,2.9355,0
0.3,0.3,0,6,440,661401.1,225308,2.9355,0
0.3,0.3,0,6,409,661625.4,225891,2.929,0
0.3,0.3,0,6,410,661606.1,225891,2.9289,0
0.3,0.3,0,6,411,661605.8,225577,2.9329,0
0.3,0.3,0,6,412,661576.0,225577,2.9328,0
0.3,0.3,0,6,413,661563.4,225577,2.9328,0
0.3,0.3,0,6,446,661478.8,225308,2.9359,0
0.3,0.3,0,6,447,661476.3,225308,2.9359,0
0.3,0.3,0,6,448,661465.9,225308,2.9358,0
0.3,0.3,0,6,449,661475.7,225308,2.9359,0
0.3,0.3,0,6,450,661481.2,225308,2.9359,0
0.3,0.3,0,6,451,661490.0,225308,2.9359,0
0.3,0.3,0,6,452,661500.4,225308,2.936,0
0.3,0.3,0,6,453,661493.9,225308,2.936,0
0.3,0.3,0,6,454,661480.8,225308,2.9359,0
0.3,0.3,0,6,455,661491.0,225308,2.9359,0
0.3,0.3,0,6,456,661495.2,225308,2.936,0
0.3,0.3,0,6,425,661435.6,225308,2.9357,0
0.3,0.3,0,6,426,661464.7,225308,2.9358,0
0.3,0.3,0,6,427,661473.2,225308,2.9359,0
0.3,0.3,0,6,428,661467.6,225308,2.9358,0
0.3,0.3,0,6,429,661416.0,225308,2.9356,0
0.3,0.3,0,6,462,661524.6,225308,2.9361,0
0.3,0.3,0,6,463,661529.6,225308,2.9361,0
0.3,0.3,0,6,464,661523.2,225308,2.9361,0
0.3,0.3,0,6,465,661526.5,225308,2.9361,0
0.3,0.3,0,6,466,661532.2,225308,2.9361,0
0.3,0.3,0,6,467,661531.7,225308,2.9361,0
0.3,0.3,0,6,468,661530.5,225308,2.9361,0
0.3,0.3,0,6,469,661536.2,225308,2.9361,0
0.3,0.3,0,6,470,661559.0,225308,2.9362,0
0.3,0.3,0,6,471,661562.4,225308,2.9363,0
0.3,0.3,0,6,472,661563.9,225308,2.9363,0
0.3,0.3,0,6,441,661398.8,225308,2.9355,0
0.3,0.3,0,6,442,661397.6,225308,2.9355,0
0.3,0.3,0,6,443,661395.4,225308,2.9355,0
0.3,0.3,0,6,444,661435.9,225308,2.9357,0
0.3,0.3,0,6,445,661459.3,225308,2.9358,0
0.3,0.3,0,6,478,661608.0,225308,2.9365,0
0.3,0.3,0,6,479,661609.9,225308,2.9365,0
0.3,0.3,0,6,480,661603.8,225308,2.9364,0
0.3,0.3,0,6,481,661617.0,225308,2.9365,0
0.3,0.3,0,6,482,661621.5,225308,2.9365,0
0.3,0.3,0,6,483,661610.2,225308,2.9365,0
0.3,0.3,0,6,484,661617.4,225308,2.9365,0
0.3,0.3,0,6,485,661624.5,225308,2.9365,0
0.3,0.3,0,6,486,661624.7,225308,2.9365,0
0.3,0.3,0,6,487,661632.4,225308,2.9366,0
0.3,0.3,0,6,488,661631.9,225308,2.9366,0
0.3,0.3,0,6,457,661494.1,225308,2.936,0
0.3,0.3,0,6,458,661495.3,225308,2.936,0
0.3,0.3,0,6,459,661510.8,225308,2.936,0
0.3,0.3,0,6,460,661506.8,225308,2.936,0
0.3,0.3,0,6,461,661499.1,225308,2.936,0
0.3,0.3,0,6,494,661626.6,225308,2.9365,0
0.3,0.3,0,6,495,661627.8,225308,2.9365,0
0.3,0.3,0,6,496,661633.7,225308,2.9366,0
0.3,0.3,0,6,497,661643.4,225308,2.9366,0
0.3,0.3,0,6,498,661635.3,225308,2.9366,0
0.3,0.3,0,6,499,661641.5,225308,2.9366,0
0.3,0.3,0,6,500,661640.5,225308,2.9366,0
0.3,0.3,0,6,576,661610.8,225308,2.9365,0
0.3,0.3,0,6,553,661590.8,225308,2.9364,0
0.3,0.3,0,6,554,661591.2,225308,2.9364,0
0.3,0.3,0,6,555,661588.7,225308,2.9364,0
0.3,0.3,0,6,556,661587.4,225308,2.9364,0
0.3,0.3,0,6,557,661592.1,225308,2.9364,0
0.3,0.3,0,6,501,661636.2,225308,2.9366,0
0.3,0.3,0,6,502,661655.6,225308,2.9367,0
0.3,0.3,0,6,503,661639.6,225308,2.9366,0
0.3,0.3,0,6,504,661644.8,225308,2.9366,0
0.3,0.3,0,6,473,661571.3,225308,2.9363,0
0.3,0.3,0,6,474,661587.6,225308,2.9364,0
0.3,0.3,0,6,475,661581.6,225308,2.9363,0
0.3,0.3,0,6,476,661603.7,225308,2.9364,0
0.3,0.3,0,6,477,661605.4,225308,2.9364,0
0.3,0.3,0,6,510,661623.6,225308,2.9365,0
0.3,0.3,0,6,511,661611.3,225308,2.9365,0
0.3,0.3,0,6,512,661610.8,225308,2.9365,0
0.3,0.3,0,6,513,661624.9,225308,2.9365,0
0.3,0.3,0,6,514,661632.2,225308,2.9366,0
0.3,0.3,0,6,515,661639.3,225308,2.9366,0
0.3,0.3,0,6,516,661626.4,225308,2.9365,0
0.3,0.3,0,6,565,661594.2,225308,2.9364,0
0.3,0.3,0,6,566,661598.8,225308,2.9364,0
0.3,0.3,0,6,567,661597.5,225308,2.9364,0
0.3,0.3,0,6,568,661595.6,225308,2.9364,0
0.3,0.3,0,6,537,661602.7,225308,2.9364,0
0.3,0.3,0,6,538,661605.9,225308,2.9365,0
0.3,0.3,0,6,539,661587.9,225308,2.9364,0
0.3,0.3,0,6,540,661601.5,225308,2.9364,0
0.3,0.3,0,6,541,661594.1,225308,2.9364,0
0.3,0.3,0,6,569,661593.5,225308,2.9364,0
0.3,0.3,0,6,570,661582.4,225308,2.9363,0
0.3,0.3,0,6,571,661586.3,225308,2.9364,0
0.3,0.3,0,6,572,661595.1,225308,2.9364,0
0.3,0.3,0,6,573,661609.2,225308,2.9365,0
0.3,0.3,0,6,574,661604.0,225308,2.9364,0
0.3,0.3,0,6,195,657635.6,226596,2.9022,0
0.3,0.3,0,6,196,657357.5,226226,2.9058,0
0.3,0.3,0,6,181,656699.3,226475,2.8997,0
0.3,0.3,0,6,182,657196.4,227024,2.8948,0
0.3,0.3,0,6,183,657561.3,227117,2.8953,0
0.3,0.3,0,6,184,657213.2,227411,2.89,0
0.3,0.3,0,6,153,653578.8,224933,2.9057,0
0.3,0.3,0,6,154,652791.2,224095,2.913,0
0.3,0.3,0,6,155,654043.3,223873,2.9215,0
0.3,0.3,0,6,156,654121.4,224054,2.9195,0
0.3,0.3,0,6,157,654873.4,224896,2.9119,0
0.3,0.3,0,6,190,659146.2,227788,2.8937,0
0.3,0.3,0,6,191,659151.8,227788,2.8937,0
0.3,0.3,0,6,192,658257.6,227153,2.8979,0
0.3,0.3,0,6,193,657902.8,227203,2.8957,0
0.3,0.3,0,6,194,657438.0,226596,2.9014,0
0.3,0.3,0,6,166,657654.9,224221,2.9331,0
0.3,0.3,0,6,167,656073.0,224924,2.9169,0
0.3,0.3,0,6,168,658454.7,225642,2.9181,0
0.3,0.3,0,6,137,655017.7,225611,2.9033,0
0.3,0.3,0,6,138,655814.2,225639,2.9065,0
0.3,0.3,0,6,139,653834.7,224330,2.9146,0
0.3,0.3,0,6,140,654015.0,224320,2.9155,0
0.3,0.3,0,6,141,655066.0,224279,2.9208,0
0.3,0.3,0,6,174,656455.1,225852,2.9066,0
0.3,0.3,0,6,175,656979.3,226495,2.9006,0
0.3,0.3,0,6,176,655810.4,225546,2.9077,0
0.3,0.3,0,6,177,657248.5,226786,2.8981,0
0.3,0.3,0,6,178,657026.3,226141,2.9054,0
0.3,0.3,0,6,179,657360.4,226140,2.9069,0
0.3,0.3,0,6,180,657327.6,226502,2.9021,0
0.3,0.3,0,6,575,661606.1,225308,2.9365,0
0.3,0.3,0,6,549,661600.7,225308,2.9364,0
0.3,0.3,0,6,550,661606.6,225308,2.9365,0
0.3,0.3,0,6,551,661602.5,225308,2.9364,0
0.3,0.3,0,6,552,661604.2,225308,2.9364,0
0.3,0.3,0,6,521,661599.6,225308,2.9364,0
0.3,0.3,0,6,522,661600.6,225308,2.9364,0
0.3,0.3,0,6,523,661587.8,225308,2.9364,0
0.3,0.3,0,6,524,661584.2,225308,2.9364,0
0.3,0.3,0,6,525,661589.0,225308,2.9364,0
0.3,0.3,0,6,558,661599.0,225308,2.9364,0
0.3,0.3,0,6,559,661599.4,225308,2.9364,0
0.3,0.3,0,6,560,661603.3,225308,2.9364,0
0.3,0.3,0,6,561,661601.8,225308,2.9364,0
0.3,0.3,0,6,562,661593.8,225308,2.9364,0
0.3,0.3,0,6,563,661586.4,225308,2.9364,0
0.3,0.3,0,0,97,650695.6,254489,2.5569,0
0.3,0.3,0,6,165,658287.5,224298,2.9349,0
0.3,0.3,0,6,159,656955.0,224240,2.9297,0
0.3,0.3,0,6,160,658250.1,225085,2.9245,0
0.3,0.3,0,6,161,656202.7,224533,2.9225,0
0.3,0.3,0,6,162,656001.4,224630,2.9204,0
0.3,0.3,0,6,163,655856.7,224251,2.9247,0
0.3,0.3,0,6,164,657134.5,224619,2.9256,0
0.3,0.3,0,0,119,650340.7,254117,2.5592,0
0.3,0.3,0,0,120,650067.6,253801,2.5613,0
0.3,0.3,0,0,121,649957.3,254117,2.5577,0
0.3,0.3,0,0,106,650225.0,254473,2.5552,0
0.3,0.3,0,0,107,650265.4,253817,2.5619,0
0.3,0.3,0,0,108,650426.9,254491,2.5558,0
0.3,0.3,0,0,109,650313.8,254149,2.5588,0
0.3,0.3,0,0,110,650579.7,254149,2.5598,0
0.3,0.3,0,0,81,653139.3,255378,2.5575,0
0.3,0.3,0,6,149,655991.5,226366,2.8979,0
0.3,0.3,0,6,150,655786.6,226041,2.9012,0
0.3,0.3,0,6,151,656310.7,225481,2.9107,0
0.3,0.3,0,6,152,656230.2,225500,2.9101,0
0.3,0.3,0,6,121,650629.0,225042,2.8911,0
0.3,0.3,0,6,122,651368.1,225110,2.8936,0
0.3,0.3,0,6,124,652188.4,224638,2.9033,0
0.3,0.3,0,6,125,650670.9,223735,2.9082,0
0.3,0.3,0,6,158,657025.6,224343,2.9287,0
0.3,0.3,0,0,87,650670.0,254758,2.5541,0
0.3,0.3,0,0,88,651036.0,255013,2.553,0
0.3,0.3,0,0,89,650761.8,255074,2.5513,0
0.3,0.3,0,0,90,650335.6,255125,2.5491,0
0.3,0.3,0,0,91,651080.9,255481,2.5485,0
0.3,0.3,0,0,92,651289.0,255481,2.5493,0
0.3,0.3,0,0,93,651506.6,255096,2.554,0
0.3,0.3,0,0,94,651433.9,255096,2.5537,0
0.3,0.3,0,0,95,651598.9,255096,2.5543,0
0.3,0.3,0,0,96,651482.5,254853,2.5563,0
0.3,0.3,0,0,98,650188.7,254173,2.5581,0
0.3,0.3,0,0,99,650760.2,254521,2.5568,0
0.3,0.3,0,0,103,649970.3,254491,2.554,0
0.3,0.3,0,0,104,650091.3,253876,2.5607,0
0.3,0.3,0,0,105,650410.5,254491,2.5557,0
0.3,0.3,0,6,148,655281.4,224609,2.9174,0
0.3,0.3,0,0,101,650087.0,253580,2.5636,0
0.3,0.3,0,0,102,650197.6,254491,2.5549,0
0.3,0.3,0,0,74,650306.3,253172,2.5686,0
0.3,0.3,0,0,75,650451.8,253033,2.5706,0
0.3,0.3,0,0,76,650232.5,253645,2.5636,0
0.3,0.3,0,0,77,652276.6,254799,2.56,0
0.3,0.3,0,0,78,651109.0,253538,2.5681,0
0.3,0.3,0,0,79,652376.5,254177,2.5666,0
0.3,0.3,0,0,80,652370.9,255192,2.5564,0
0.3,0.3,0,0,85,651961.4,255371,2.553,0
0.3,0.3,0,0,82,651638.5,255602,2.5494,0
0.3,0.3,0,0,83,652082.6,255701,2.5502,0
0.3,0.3,0,0,84,651568.9,255939,2.5458,0
0.3,0.3,0,6,564,661587.2,225308,2.9364,0
0.3,0.3,0,6,533,661589.9,225308,2.9364,0
0.3,0.3,0,6,534,661592.6,225308,2.9364,0
0.3,0.3,0,6,535,661611.1,225308,2.9365,0
0.3,0.3,0,6,536,661602.7,225308,2.9364,0
0.3,0.3,0,6,505,661631.9,225308,2.9366,0
0.3,0.3,0,6,506,661636.1,225308,2.9366,0
0.3,0.3,0,6,507,661631.2,225308,2.9366,0
0.3,0.3,0,6,508,661618.0,225308,2.9365,0
0.3,0.3,0,6,509,661617.1,225308,2.9365,0
0.3,0.3,0,6,542,661604.0,225308,2.9364,0
0.3,0.3,0,6,543,661607.4,225308,2.9365,0
0.3,0.3,0,6,544,661601.5,225308,2.9364,0
0.3,0.3,0,6,545,661605.9,225308,2.9365,0
0.3,0.3,0,6,546,661602.6,225308,2.9364,0
0.3,0.3,0,6,547,661603.6,225308,2.9364,0
0.3,0.3,0,6,127,650061.9,223090,2.9139,0
0.3,0.3,0,6,126,650551.7,223958,2.9048,0
0.3,0.3,0,0,86,650714.0,255592,2.5459,0
0.3,0.3,0,6,113,651578.0,227660,2.8621,0
0.3,0.3,0,6,112,650407.4,226367,2.8732,0
0.3,0.3,0,6,111,650935.6,227340,2.8633,0
0.3,0.3,0,6,110,649900.2,227130,2.8614,0
0.3,0.3,0,6,532,661593.1,225308,2.9364,0
0.4,0.0,0,1,575,820661.2,108826,7.541,0
0.4,0.0,0,1,550,820666.7,108826,7.5411,0
0.4,0.0,0,1,573,820671.6,108826,7.5411,0
0.4,0.0,0,1,553,820673.5,108826,7.5412,0
0.4,0.0,0,1,552,820675.9,108826,7.5412,0
0.4,0.0,0,1,551,820679.2,108826,7.5412,0
0.4,0.0,0,1,570,820681.9,108826,7.5412,0
0.4,0.0,0,1,554,820687.3,108826,7.5413,0
0.4,0.0,0,1,555,820689.7,108826,7.5413,0
0.4,0.0,0,1,568,820694.2,108826,7.5413,0
0.4,0.0,0,1,557,820696.2,108826,7.5414,0
0.4,0.0,0,1,564,820696.3,108826,7.5414,0
0.4,0.0,0,1,563,820696.7,108826,7.5414,0
0.4,0.0,0,1,562,820698.8,108826,7.5414,0
0.4,0.0,0,1,569,820699.2,108826,7.5414,0
0.4,0.0,0,1,556,820699.8,108826,7.5414,0
0.4,0.0,0,1,559,820703.5,108826,7.5414,0
0.4,0.0,0,1,567,820708.2,108826,7.5415,0
0.4,0.0,0,1,560,820709.2,108826,7.5415,0
0.4,0.0,0,1,565,820709.2,108826,7.5415,0
0.4,0.0,0,1,561,820711.1,108826,7.5415,0
0.4,0.0,0,1,558,820719.0,108826,7.5416,0
0.4,0.0,0,1,566,820727.7,108826,7.5417,0
0.4,0.0,0,0,100,823627.5,112167,7.3429,0
0.4,0.0,0,0,101,826394.3,112118,7.3708,0
0.4,0.0,0,0,102,828035.1,112098,7.3867,0
0.4,0.0,0,0,103,828171.0,112031,7.3923,0
0.4,0.0,0,0,104,830653.2,112078,7.4114,0
0.4,0.0,0,0,105,832897.9,112164,7.4257,0
0.4,0.0,0,0,106,836146.9,112221,7.4509,0
0.4,0.0,0,0,107,836842.3,112341,7.4491,0
0.4,0.0,0,0,108,837657.8,112435,7.4502,0
0.4,0.0,0,0,109,839310.2,112112,7.4864,0
0.4,0.0,0,0,110,840071.5,112238,7.4847,0
0.4,0.0,0,0,111,841576.5,112262,7.4965,0
0.4,0.0,0,0,112,843197.5,112253,7.5116,0
0.4,0.0,0,0,113,844375.7,112188,7.5264,0
0.4,0.0,0,0,114,846240.0,111732,7.5738,0
0.4,0.0,0,0,115,848233.9,111778,7.5886,0
0.4,0.0,0,0,116,850595.6,111874,7.6032,0
0.4,0.0,0,0,120,853253.5,111942,7.6223,0
0.4,0.0,0,0,117,853668.1,112301,7.6016,0
0.4,0.0,0,0,118,853973.2,112177,7.6127,0
0.4,0.0,0,0,121,854664.4,112141,7.6213,0
0.4,0.0,0,0,119,855042.5,112097,7.6277,0
0.4,0.0,0,0,122,857753.5,112338,7.6355,0
0.4,0.0,0,0,123,858106.9,112304,7.6409,0
0.4,0.0,0,0,124,859983.4,112175,7.6664,0
0.4,0.0,0,0,125,860856.4,112224,7.6709,0
0.4,0.0,0,0,126,861493.1,112004,7.6916,0
0.4,0.0,0,0,127,863040.6,112030,7.7037,0
0.4,0.0,0,0,128,864121.8,112121,7.707,0
0.4,0.0,0,0,129,866479.9,112312,7.7149,0
0.4,0.0,0,0,132,866572.6,112420,7.7083,0
0.4,0.0,0,0,130,866885.7,112364,7.715,0
0.4,0.0,0,0,131,867376.7,112516,7.7089,0
0.4,0.0,0,0,134,868808.3,112371,7.7316,0
0.4,0.0,0,0,133,869028.2,112610,7.7171,0
0.4,0.0,0,0,135,869814.5,112428,7.7366,0
0.4,0.0,0,0,136,872319.3,112757,7.7363,0
0.4,0.0,0,0,137,872796.7,112591,7.7519,0
0.4,0.0,0,0,139,874466.4,112724,7.7576,0
0.4,0.0,0,0,138,875015.8,112866,7.7527,0
0.4,0.0,0,0,140,875308.0,112851,7.7563,0
0.4,0.0,0,0,141,875785.1,112748,7.7676,0
0.4,0.0,0,0,142,876195.4,112824,7.766,0
0.4,0.0,0,0,143,877391.4,112915,7.7704,0
0.4,0.0,0,0,144,877887.3,112863,7.7783,0
0.4,0.0,0,0,145,878151.4,112772,7.787,0
0.4,0.0,0,0,146,879217.6,112770,7.7966,0
0.4,0.0,0,0,147,880364.7,112770,7.8067,0
0.4,0.0,0,0,148,881379.5,112793,7.8141,0
0.4,0.0,0,0,150,883177.5,112628,7.8415,0
0.4,0.0,0,0,149,883312.7,112803,7.8306,0
0.4,0.0,0,0,152,884831.7,112891,7.8379,0
0.4,0.0,0,0,151,884989.8,112897,7.8389,0
0.4,0.0,0,0,154,885323.3,112754,7.8518,0
0.4,0.0,0,0,156,886058.0,112849,7.8517,0
0.4,0.0,0,0,153,886081.2,113001,7.8414,0
0.4,0.0,0,0,155,886291.8,112843,7.8542,0
0.4,0.0,0,0,157,887826.3,112921,7.8624,0
0.4,0.0,0,0,160,888870.8,112958,7.869,0
0.4,0.0,0,0,159,889072.6,112810,7.8812,0
0.4,0.0,0,0,158,889202.1,112879,7.8775,0
0.4,0.0,0,0,161,889728.9,112853,7.884,0
0.4,0.0,0,0,162,890209.3,112947,7.8817,0
0.4,0.0,0,0,164,891614.8,112913,7.8965,0
0.4,0.0,0,0,163,891659.3,112914,7.8968,0
0.4,0.0,0,0,165,892237.6,113112,7.8881,0
0.4,0.0,0,0,166,892809.8,113105,7.8936,0
0.4,0.0,0,0,168,893156.9,112844,7.915,0
0.4,0.0,0,0,167,893551.4,112956,7.9106,0
0.4,0.0,0,0,169,894038.3,112901,7.9188,0
0.4,0.0,0,0,170,894411.8,112838,7.9265,0
0.4,0.0,0,0,171,894593.8,112729,7.9358,0
0.4,0.0,0,0,173,896087.0,112917,7.9358,0
0.4,0.0,0,0,174,896338.1,112858,7.9422,0
0.4,0.0,0,0,172,896418.2,112987,7.9338,0
0.4,0.0,0,0,175,896653.8,112842,7.9461,0
0.4,0.0,0,0,176,897037.1,112842,7.9495,0
0.4,0.0,0,0,271,922106.9,112632,8.1869,0
0.4,0.0,0,0,238,917960.0,112989,8.1243,0
0.4,0.0,0,0,237,917426.0,112884,8.1272,0
0.4,0.0,0,0,236,917523.4,112989,8.1205,0
0.4,0.0,0,0,235,917114.6,112989,8.1168,0
0.4,0.0,0,0,202,908370.2,113090,8.0323,0
0.4,0.0,0,0,201,908347.6,113090,8.0321,0
0.4,0.0,0,0,200,907541.0,112949,8.035,0
0.4,0.0,0,0,197,906761.1,112949,8.0281,0
0.4,0.0,0,0,196,906137.2,113023,8.0173,0
0.4,0.0,0,0,195,906023.5,112963,8.0205,0
0.4,0.0,0,0,194,905281.5,112900,8.0184,0
0.4,0.0,0,0,224,914523.3,112850,8.1039,0
0.4,0.0,0,0,287,925891.7,112737,8.2128,0
0.4,0.0,0,0,254,919646.8,112737,8.1575,0
0.4,0.0,0,0,253,919400.6,112683,8.1592,0
0.4,0.0,0,0,252,918920.1,112683,8.1549,0
0.4,0.0,0,0,251,919505.9,112788,8.1525,0
0.4,0.0,0,0,218,912854.5,112910,8.0848,0
0.4,0.0,0,0,217,912764.0,112910,8.084,0
0.4,0.0,0,0,216,912490.2,112898,8.0824,0
0.4,0.0,0,0,183,900535.1,112815,7.9824,0
0.4,0.0,0,0,182,899861.8,112815,7.9764,0
0.4,0.0,0,0,213,912185.1,112787,8.0877,0
0.4,0.0,0,0,212,911510.6,112867,8.076,0
0.4,0.0,0,0,211,911268.0,112883,8.0727,0
0.4,0.0,0,0,210,911004.2,112900,8.0691,0
0.4,0.0,0,0,177,897516.9,112842,7.9537,0
0.4,0.0,0,0,240,917921.1,112789,8.1384,0
0.4,0.0,0,0,303,926903.9,112737,8.2218,0
0.4,0.0,0,0,270,922003.5,112632,8.186,0
0.4,0.0,0,0,269,921794.0,112632,8.1841,0
0.4,0.0,0,0,268,921403.7,112632,8.1807,0
0.4,0.0,0,0,267,921135.2,112632,8.1783,0
0.4,0.0,0,0,234,916793.6,112989,8.114,0
0.4,0.0,0,0,233,916828.8,112926,8.1188,0
0.4,0.0,0,0,232,916419.0,112989,8.1107,0
0.4,0.0,0,0,199,907350.2,112949,8.0333,0
0.4,0.0,0,0,198,907112.1,112858,8.0376,0
0.4,0.0,0,0,229,915770.0,112913,8.1104,0
0.4,0.0,0,0,228,915197.3,112913,8.1053,0
0.4,0.0,0,0,227,915002.5,112850,8.1081,0
0.4,0.0,0,0,226,914807.3,112850,8.1064,0
0.4,0.0,0,0,193,904986.5,113029,8.0067,0
0.4,0.0,0,0,256,919785.4,112662,8.1641,0
0.4,0.0,0,0,319,927539.9,112737,8.2275,0
0.4,0.0,0,0,286,925636.4,112737,8.2106,0
0.4,0.0,0,0,285,925243.5,112737,8.2071,0
0.4,0.0,0,0,284,925013.0,112737,8.2051,0
0.4,0.0,0,0,283,924652.8,112737,8.2019,0
0.4,0.0,0,0,250,919568.5,112788,8.1531,0
0.4,0.0,0,0,249,919607.6,112788,8.1534,0
0.4,0.0,0,0,248,919401.2,112789,8.1515,0
0.4,0.0,0,0,215,912488.6,112898,8.0824,0
0.4,0.0,0,0,214,912574.3,112898,8.0832,0
0.4,0.0,0,0,245,918612.6,112789,8.1445,0
0.4,0.0,0,0,244,918466.0,112713,8.1487,0
0.4,0.0,0,0,243,918012.9,112713,8.1447,0
0.4,0.0,0,0,242,918179.8,112713,8.1462,0
0.4,0.0,0,0,209,910484.5,112900,8.0645,0
0.4,0.0,0,0,272,922422.4,112632,8.1897,0
0.4,0.0,0,0,304,927007.0,112737,8.2227,0
0.4,0.0,0,0,302,926922.0,112737,8.222,0
0.4,0.0,0,0,301,926566.5,112737,8.2188,0
0.4,0.0,0,0,300,926491.8,112737,8.2182,0
0.4,0.0,0,0,299,926729.5,112737,8.2203,0
0.4,0.0,0,0,266,921159.0,112632,8.1785,0
0.4,0.0,0,0,265,921408.3,112737,8.1731,0
0.4,0.0,0,0,264,921266.4,112737,8.1718,0
0.4,0.0,0,0,231,915803.8,112850,8.1152,0
0.4,0.0,0,0,230,915837.2,112913,8.111,0
0.4,0.0,0,0,261,920934.9,112737,8.1689,0
0.4,0.0,0,0,260,920963.2,112788,8.1654,0
0.4,0.0,0,0,259,920885.4,112788,8.1647,0
0.4,0.0,0,0,258,920682.2,112788,8.1629,0
0.4,0.0,0,0,225,914421.2,112850,8.103,0
0.4,0.0,0,0,288,925917.0,112737,8.2131,0
0.4,0.0,0,0,257,920213.4,112662,8.1679,0
0.4,0.0,0,0,320,927768.1,112737,8.2295,0
0.4,0.0,0,0,318,927555.6,112799,8.2231,0
0.4,0.0,0,0,317,927414.8,112737,8.2264,0
0.4,0.0,0,0,316,927298.2,112737,8.2253,0
0.4,0.0,0,0,315,927401.7,112737,8.2262,0
0.4,0.0,0,0,282,924719.4,112737,8.2024,0
0.4,0.0,0,0,281,924426.0,112737,8.1998,0
0.4,0.0,0,0,280,924173.3,112737,8.1976,0
0.4,0.0,0,0,247,918997.1,112789,8.1479,0
0.4,0.0,0,0,246,918743.2,112789,8.1457,0
0.4,0.0,0,0,277,923268.8,112632,8.1972,0
0.4,0.0,0,0,276,923163.5,112632,8.1963,0
0.4,0.0,0,0,275,922879.9,112632,8.1938,0
0.4,0.0,0,0,274,922673.7,112632,8.1919,0
0.4,0.0,0,0,241,917969.1,112789,8.1388,0
0.4,0.0,0,0,307,927392.7,112737,8.2262,0
0.4,0.0,0,0,306,927258.3,112737,8.225,0
0.4,0.0,0,0,321,927827.8,112737,8.23,0
0.4,0.0,0,0,311,927060.2,112737,8.2232,0
0.4,0.0,0,0,310,927061.2,112737,8.2232,0
0.4,0.0,0,0,273,922554.9,112632,8.1909,0
0.4,0.0,0,0,298,926803.4,112737,8.2209,0
0.4,0.0,0,0,297,927123.0,112737,8.2238,0
0.4,0.0,0,0,296,927022.2,112737,8.2229,0
0.4,0.0,0,0,263,921194.8,112737,8.1712,0
0.4,0.0,0,0,262,921003.9,112737,8.1695,0
0.4,0.0,0,0,293,926826.1,112737,8.2211,0
0.4,0.0,0,0,292,926798.7,112737,8.2209,0
0.4,0.0,0,0,291,925924.9,112737,8.2131,0
0.4,0.0,0,0,290,925841.5,112737,8.2124,0
0.4,0.0,0,0,326,927868.8,112737,8.2304,0
0.4,0.0,0,0,305,927061.1,112737,8.2232,0
0.4,0.0,0,0,328,927867.5,112737,8.2304,0
0.4,0.0,0,0,295,926849.3,112737,8.2213,0
0.4,0.0,0,0,294,926719.4,112737,8.2202,0
0.4,0.0,0,0,325,927874.7,112737,8.2304,0
0.4,0.0,0,0,324,927851.3,112737,8.2302,0
0.4,0.0,0,0,323,927628.7,112737,8.2283,0
0.4,0.0,0,0,322,927758.7,112737,8.2294,0
0.4,0.0,0,0,289,925976.4,112737,8.2136,0
0.4,0.0,0,0,314,927236.0,112737,8.2248,0
0.4,0.0,0,0,313,927308.7,112737,8.2254,0
0.4,0.0,0,0,312,927180.2,112737,8.2243,0
0.4,0.0,0,0,279,923667.1,112710,8.1951,0
0.4,0.0,0,0,278,924028.0,112737,8.1963,0
0.4,0.0,0,0,309,927169.4,112737,8.2242,0
0.4,0.0,0,0,308,927286.0,112737,8.2252,0
0.4,0.0,0,0,255,919838.3,112662,8.1646,0
0.4,0.0,0,0,222,914058.4,112788,8.1042,0
0.4,0.0,0,0,221,913748.2,112850,8.097,0
0.4,0.0,0,0,220,913340.4,112799,8.0971,0
0.4,0.0,0,0,219,913095.4,112775,8.0966,0
0.4,0.0,0,0,186,901755.9,112833,7.992,0
0.4,0.0,0,0,185,901275.5,112833,7.9877,0
0.4,0.0,0,0,184,901283.2,112839,7.9873,0
0.4,0.0,0,0,181,899179.0,112910,7.9637,0
0.4,0.0,0,0,180,898362.9,112844,7.9611,0
0.4,0.0,0,0,179,897739.1,112737,7.9631,0
0.4,0.0,0,0,178,897164.4,112737,7.958,0
0.4,0.0,0,0,208,910010.5,112951,8.0567,0
0.4,0.0,0,0,239,918227.6,112864,8.1357,0
0.4,0.0,0,0,206,909169.5,112920,8.0514,0
0.4,0.0,0,0,205,909013.0,113024,8.0427,0
0.4,0.0,0,0,204,908800.0,112949,8.0461,0
0.4,0.0,0,0,203,908595.8,113015,8.0396,0
0.4,0.0,0,0,192,904663.2,112934,8.0105,0
0.4,0.0,0,0,223,914391.0,112850,8.1027,0
0.4,0.0,0,0,190,904296.4,112970,8.0047,0
0.4,0.0,0,0,189,903811.3,112904,8.0051,0
0.4,0.0,0,0,188,903332.4,112999,7.9942,0
0.4,0.0,0,0,187,902306.7,112904,7.9918,0
0.4,0.0,0,0,207,909370.3,112860,8.0575,0
0.4,0.0,0,0,191,904536.4,112970,8.0069,0
0.4,0.0,0,0,368,928575.2,112737,8.2366,0
0.4,0.0,0,0,399,929681.6,112737,8.2465,0
0.4,0.0,0,0,366,928542.6,112737,8.2364,0
0.4,0.0,0,0,365,928497.0,112737,8.236,0
0.4,0.0,0,0,364,928525.7,112737,8.2362,0
0.4,0.0,0,0,363,928436.7,112737,8.2354,0
0.4,0.0,0,0,330,927940.3,112737,8.231,0
0.4,0.0,0,0,329,927957.2,112737,8.2312,0
0.4,0.0,0,0,352,928727.9,112737,8.238,0
0.4,0.0,0,0,383,929586.0,112737,8.2456,0
0.4,0.0,0,0,350,928688.8,112737,8.2377,0
0.4,0.0,0,0,349,928622.6,112737,8.2371,0
0.4,0.0,0,0,348,928513.6,112737,8.2361,0
0.4,0.0,0,0,347,928651.6,112737,8.2373,0
0.4,0.0,0,0,384,929533.4,112737,8.2451,0
0.4,0.0,0,0,415,929666.3,112737,8.2463,0
0.4,0.0,0,0,382,929501.9,112737,8.2449,0
0.4,0.0,0,0,381,929451.3,112737,8.2444,0
0.4,0.0,0,0,380,929507.3,112737,8.2449,0
0.4,0.0,0,0,379,929395.8,112737,8.2439,0
0.4,0.0,0,0,346,928561.7,112737,8.2365,0
0.4,0.0,0,0,345,928323.2,112737,8.2344,0
0.4,0.0,0,0,344,928355.5,112737,8.2347,0
0.4,0.0,0,0,341,928446.8,112737,8.2355,0
0.4,0.0,0,0,340,928468.8,112737,8.2357,0
0.4,0.0,0,0,339,928456.9,112737,8.2356,0
0.4,0.0,0,0,338,928521.5,112737,8.2362,0
0.4,0.0,0,0,336,928326.2,112737,8.2344,0
0.4,0.0,0,0,367,928479.8,112737,8.2358,0
0.4,0.0,0,0,334,928099.3,112737,8.2324,0
0.4,0.0,0,0,333,928066.2,112737,8.2321,0
0.4,0.0,0,0,332,928034.0,112737,8.2318,0
0.4,0.0,0,0,331,927976.8,112737,8.2313,0
0.4,0.0,0,0,337,928311.4,112737,8.2343,0
0.4,0.0,0,0,400,929663.7,112737,8.2463,0
0.4,0.0,0,0,431,929971.5,112737,8.249,0
0.4,0.0,0,0,398,929700.5,112737,8.2466,0
0.4,0.0,0,0,397,929704.4,112737,8.2467,0
0.4,0.0,0,0,396,929664.9,112737,8.2463,0
0.4,0.0,0,0,395,929721.8,112737,8.2468,0
0.4,0.0,0,0,362,928277.5,112737,8.234,0
0.4,0.0,0,0,361,928293.7,112737,8.2342,0
0.4,0.0,0,0,360,928340.2,112737,8.2346,0
0.4,0.0,0,0,327,927901.6,112737,8.2307,0
0.4,0.0,0,0,357,928769.2,112737,8.2384,0
0.4,0.0,0,0,356,928654.8,112737,8.2374,0
0.4,0.0,0,0,355,928460.3,112737,8.2356,0
0.4,0.0,0,0,354,928510.6,112737,8.2361,0
0.4,0.0,0,0,351,928598.4,112737,8.2369,0
0.4,0.0,0,0,353,928726.1,112737,8.238,0
0.4,0.0,0,0,416,929762.5,112737,8.2472,0
0.4,0.0,0,0,447,929892.1,112737,8.2483,0
0.4,0.0,0,0,414,929733.6,112737,8.2469,0
0.4,0.0,0,0,413,929746.6,112737,8.247,0
0.4,0.0,0,0,412,929761.9,112737,8.2472,0
0.4,0.0,0,0,411,929785.7,112737,8.2474,0
0.4,0.0,0,0,378,929464.5,112737,8.2445,0
0.4,0.0,0,0,377,929227.0,112737,8.2424,0
0.4,0.0,0,0,376,929216.4,112737,8.2423,0
0.4,0.0,0,0,343,928245.4,112737,8.2337,0
0.4,0.0,0,0,342,928362.0,112737,8.2348,0
0.4,0.0,0,0,373,929091.8,112737,8.2412,0
0.4,0.0,0,0,372,928856.1,112737,8.2391,0
0.4,0.0,0,0,371,928733.7,112737,8.2381,0
0.4,0.0,0,0,370,928630.1,112737,8.2371,0
0.4,0.0,0,0,335,928349.2,112737,8.2346,0
0.4,0.0,0,0,369,928503.4,112737,8.236,0
0.4,0.0,0,0,432,930001.0,112737,8.2493,0
0.4,0.0,0,0,463,930321.7,112737,8.2521,0
0.4,0.0,0,0,430,929904.3,112737,8.2484,0
0.4,0.0,0,0,429,929861.0,112737,8.2481,0
0.4,0.0,0,0,428,929856.0,112737,8.248,0
0.4,0.0,0,0,427,929828.9,112737,8.2478,0
0.4,0.0,0,0,394,929745.7,112737,8.247,0
0.4,0.0,0,0,393,929693.0,112737,8.2466,0
0.4,0.0,0,0,392,929725.9,112737,8.2469,0
0.4,0.0,0,0,359,928711.2,112737,8.2379,0
0.4,0.0,0,0,358,928778.0,112737,8.2384,0
0.4,0.0,0,0,389,929674.8,112737,8.2464,0
0.4,0.0,0,0,388,929578.1,112737,8.2455,0
0.4,0.0,0,0,387,929565.6,112737,8.2454,0
0.4,0.0,0,0,386,929623.8,112737,8.246,0
0.4,0.0,0,0,385,929596.5,112737,8.2457,0
0.4,0.0,0,0,448,929934.3,112737,8.2487,0
0.4,0.0,0,0,479,930808.2,112737,8.2565,0
0.4,0.0,0,0,446,929921.3,112737,8.2486,0
0.4,0.0,0,0,445,929890.5,112737,8.2483,0
0.4,0.0,0,0,444,929830.8,112737,8.2478,0
0.4,0.0,0,0,443,929856.2,112737,8.248,0
0.4,0.0,0,0,410,929760.5,112737,8.2472,0
0.4,0.0,0,0,409,929788.8,112737,8.2474,0
0.4,0.0,0,0,408,929806.4,112737,8.2476,0
0.4,0.0,0,0,375,929170.5,112737,8.2419,0
0.4,0.0,0,0,374,929125.6,112737,8.2415,0
0.4,0.0,0,0,405,929587.4,112737,8.2456,0
0.4,0.0,0,0,404,929495.0,112737,8.2448,0
0.4,0.0,0,0,403,929473.2,112737,8.2446,0
0.4,0.0,0,0,402,929592.6,112737,8.2457,0
0.4,0.0,0,0,401,929579.9,112737,8.2456,0
0.4,0.0,0,0,464,930361.1,112737,8.2525,0
0.4,0.0,0,0,495,930972.1,112832,8.251,0
0.4,0.0,0,0,462,930272.1,112737,8.2517,0
0.4,0.0,0,0,461,930264.0,112737,8.2516,0
0.4,0.0,0,0,460,930264.0,112737,8.2516,0
0.4,0.0,0,0,459,930210.9,112737,8.2512,0
0.4,0.0,0,0,426,929838.6,112737,8.2479,0
0.4,0.0,0,0,425,929840.3,112737,8.2479,0
0.4,0.0,0,0,424,929901.2,112737,8.2484,0
0.4,0.0,0,0,391,929772.8,112737,8.2473,0
0.4,0.0,0,0,390,929821.5,112737,8.2477,0
0.4,0.0,0,0,421,929777.5,112737,8.2473,0
0.4,0.0,0,0,420,929784.7,112737,8.2474,0
0.4,0.0,0,0,419,929749.3,112737,8.2471,0
0.4,0.0,0,0,418,929704.2,112737,8.2467,0
0.4,0.0,0,0,417,929730.6,112737,8.2469,0
0.4,0.0,0,0,480,930795.4,112737,8.2563,0
0.4,0.0,0,0,511,930935.0,112832,8.2506,0
0.4,0.0,0,0,478,930836.8,112737,8.2567,0
0.4,0.0,0,0,477,930827.6,112737,8.2566,0
0.4,0.0,0,0,476,930708.2,112737,8.2556,0
0.4,0.0,0,0,475,930742.3,112737,8.2559,0
0.4,0.0,0,0,442,929868.6,112737,8.2481,0
0.4,0.0,0,0,441,929892.0,112737,8.2483,0
0.4,0.0,0,0,440,929921.3,112737,8.2486,0
0.4,0.0,0,0,407,929726.9,112737,8.2469,0
0.4,0.0,0,0,406,929610.0,112737,8.2458,0
0.4,0.0,0,0,437,929992.3,112737,8.2492,0
0.4,0.0,0,0,436,930076.8,112737,8.25,0
0.4,0.0,0,0,435,930081.8,112737,8.25,0
0.4,0.0,0,0,434,930111.5,112737,8.2503,0
0.4,0.0,0,0,433,930025.8,112737,8.2495,0
0.4,0.0,0,0,496,930932.4,112832,8.2506,0
0.4,0.0,0,0,527,931054.9,112832,8.2517,0
0.4,0.0,0,0,494,930991.7,112832,8.2511,0
0.4,0.0,0,0,493,931011.6,112832,8.2513,0
0.4,0.0,0,0,492,931021.3,112832,8.2514,0
0.4,0.0,0,0,491,931055.7,112832,8.2517,0
0.4,0.0,0,0,458,930169.5,112737,8.2508,0
0.4,0.0,0,0,457,930123.5,112737,8.2504,0
0.4,0.0,0,0,456,930125.2,112737,8.2504,0
0.4,0.0,0,0,423,929834.3,112737,8.2478,0
0.4,0.0,0,0,422,929832.4,112737,8.2478,0
0.4,0.0,0,0,453,930077.2,112737,8.25,0
0.4,0.0,0,0,452,930061.1,112737,8.2498,0
0.4,0.0,0,0,451,930044.3,112737,8.2497,0
0.4,0.0,0,0,450,930036.0,112737,8.2496,0
0.4,0.0,0,0,449,929943.8,112737,8.2488,0
0.4,0.0,0,0,512,930962.6,112832,8.2509,0
0.4,0.0,0,0,543,931052.6,112832,8.2517,0
0.4,0.0,0,0,510,930937.0,112832,8.2506,0
0.4,0.0,0,0,509,930926.6,112832,8.2506,0
0.4,0.0,0,0,508,930929.8,112832,8.2506,0
0.4,0.0,0,0,507,930956.6,112832,8.2508,0
0.4,0.0,0,0,474,930668.2,112737,8.2552,0
0.4,0.0,0,0,473,930628.2,112737,8.2549,0
0.4,0.0,0,0,472,930574.3,112737,8.2544,0
0.4,0.0,0,0,439,929924.8,112737,8.2486,0
0.4,0.0,0,0,438,929879.2,112737,8.2482,0
0.4,0.0,0,0,469,930556.8,112737,8.2542,0
0.4,0.0,0,0,468,930580.9,112737,8.2544,0
0.4,0.0,0,0,467,930513.6,112737,8.2538,0
0.4,0.0,0,0,466,930472.4,112737,8.2535,0
0.4,0.0,0,0,465,930454.8,112737,8.2533,0
0.4,0.0,0,0,528,931014.4,112832,8.2513,0
0.4,0.0,0,0,559,931149.8,112832,8.2525,0
0.4,0.0,0,0,526,931032.4,112832,8.2515,0
0.4,0.0,0,0,525,930997.7,112832,8.2512,0
0.4,0.0,0,0,524,931029.1,112832,8.2515,0
0.4,0.0,0,0,523,931007.9,112832,8.2513,0
0.4,0.0,0,0,490,931079.3,112832,8.2519,0
0.4,0.0,0,0,489,931053.7,112832,8.2517,0
0.4,0.0,0,0,488,931052.5,112832,8.2517,0
0.4,0.0,0,0,455,930137.8,112737,8.2505,0
0.4,0.0,0,0,454,930065.4,112737,8.2499,0
0.4,0.0,0,0,485,930991.4,112832,8.2511,0
0.4,0.0,0,0,484,930943.3,112832,8.2507,0
0.4,0.0,0,0,483,930934.7,112832,8.2506,0
0.4,0.0,0,0,482,930982.6,112832,8.2511,0
0.4,0.0,0,0,481,930953.6,112832,8.2508,0
0.4,0.0,0,0,544,931058.3,112832,8.2517,0
0.4,0.0,0,0,575,931130.5,112832,8.2524,0
0.4,0.0,0,0,542,931064.0,112832,8.2518,0
0.4,0.0,0,0,541,931073.1,112832,8.2519,0
0.4,0.0,0,0,540,931075.9,112832,8.2519,0
0.4,0.0,0,0,539,931062.2,112832,8.2518,0
0.4,0.0,0,0,506,930919.0,112832,8.2505,0
0.4,0.0,0,0,505,930882.5,112832,8.2502,0
0.4,0.0,0,0,504,930907.5,112832,8.2504,0
0.4,0.0,0,0,471,930552.1,112737,8.2542,0
0.4,0.0,0,0,470,930584.7,112737,8.2545,0
0.4,0.0,0,0,501,930883.8,112832,8.2502,0
0.4,0.0,0,0,500,930873.1,112832,8.2501,0
0.4,0.0,0,0,499,930919.9,112832,8.2505,0
0.4,0.0,0,0,498,930946.1,112832,8.2507,0
0.4,0.0,0,0,497,930963.3,112832,8.2509,0
0.4,0.0,0,0,560,931164.8,112832,8.2527,0
0.4,0.0,0,0,562,931166.4,112832,8.2527,0
0.4,0.0,0,0,558,931173.2,112832,8.2527,0
0.4,0.0,0,0,557,931146.9,112832,8.2525,0
0.4,0.0,0,0,556,931151.6,112832,8.2525,0
0.4,0.0,0,0,555,931139.5,112832,8.2524,0
0.4,0.0,0,0,522,931039.2,112832,8.2516,0
0.4,0.0,0,0,521,931038.2,112832,8.2515,0
0.4,0.0,0,0,520,931038.1,112832,8.2515,0
0.4,0.0,0,0,487,931025.5,112832,8.2514,0
0.4,0.0,0,0,486,931062.8,112832,8.2518,0
0.4,0.0,0,0,517,930988.7,112832,8.2511,0
0.4,0.0,0,0,516,930956.0,112832,8.2508,0
0.4,0.0,0,0,515,930964.1,112832,8.2509,0
0.4,0.0,0,0,514,930965.9,112832,8.2509,0
0.4,0.0,0,0,513,930953.6,112832,8.2508,0
0.4,0.0,0,0,576,931125.0,112832,8.2523,0
0.4,0.0,0,0,569,931166.8,112832,8.2527,0
0.4,0.0,0,0,574,931130.3,112832,8.2524,0
0.4,0.0,0,0,573,931139.9,112832,8.2524,0
0.4,0.0,0,0,572,931124.8,112832,8.2523,0
0.4,0.0,0,0,571,931127.0,112832,8.2523,0
0.4,0.0,0,0,538,931084.1,112832,8.252,0
0.4,0.0,0,0,537,931058.5,112832,8.2517,0
0.4,0.0,0,0,536,931073.3,112832,8.2519,0
0.4,0.0,0,0,503,930886.8,112832,8.2502,0
0.4,0.0,0,0,502,930881.0,112832,8.2502,0
0.4,0.0,0,0,533,931074.5,112832,8.2519,0
0.4,0.0,0,0,532,931049.1,112832,8.2516,0
0.4,0.0,0,0,531,931019.5,112832,8.2514,0
0.4,0.0,0,0,530,931022.6,112832,8.2514,0
0.4,0.0,0,0,529,931037.7,112832,8.2515,0
0.4,0.0,0,0,564,931163.9,112832,8.2527,0
0.4,0.0,0,0,563,931164.3,112832,8.2527,0
0.4,0.0,0,0,561,931161.6,112832,8.2526,0
0.4,0.0,0,0,554,931144.7,112832,8.2525,0
0.4,0.0,0,0,553,931124.4,112832,8.2523,0
0.4,0.0,0,0,552,931119.7,112832,8.2523,0
0.4,0.0,0,0,551,931121.1,112832,8.2523,0
0.4,0.0,0,0,550,931111.2,112832,8.2522,0
0.4,0.0,0,0,570,931149.5,112832,8.2525,0
0.4,0.0,0,0,519,931027.2,112832,8.2514,0
0.4,0.0,0,0,518,931021.8,112832,8.2514,0
0.4,0.0,0,0,549,931112.7,112832,8.2522,0
0.4,0.0,0,0,548,931091.2,112832,8.252,0
0.4,0.0,0,0,547,931088.3,112832,8.252,0
0.4,0.0,0,0,546,931073.8,112832,8.2519,0
0.4,0.0,0,0,545,931056.0,112832,8.2517,0
0.4,0.0,0,0,535,931064.3,112832,8.2518,0
0.4,0.0,0,0,534,931065.0,112832,8.2518,0
0.4,0.0,0,0,568,931161.8,112832,8.2526,0
0.4,0.0,0,0,567,931175.8,112832,8.2528,0
0.4,0.0,0,0,566,931195.3,112832,8.2529,0
0.4,0.0,0,0,565,931176.8,112832,8.2528,0
0.4,0.1,0,1,562,845537.9,133908,6.3143,0
0.4,0.1,0,1,564,845539.5,133908,6.3143,0
0.4,0.1,0,1,567,845543.5,133908,6.3144,0
0.4,0.1,0,1,565,845544.1,133908,6.3144,0
0.4,0.1,0,1,566,845564.8,133908,6.3145,0
0.4,0.1,0,0,82,847388.2,136389,6.213,0
0.4,0.1,0,0,83,849102.3,136342,6.2277,0
0.4,0.1,0,0,84,849186.9,136798,6.2076,0
0.4,0.1,0,0,85,850983.7,136795,6.2209,0
0.4,0.1,0,0,86,853591.3,136916,6.2344,0
0.4,0.1,0,0,87,855673.5,136827,6.2537,0
0.4,0.1,0,0,88,857817.8,137089,6.2574,0
0.4,0.1,0,0,89,860177.9,137245,6.2675,0
0.4,0.1,0,0,90,861895.2,136961,6.293,0
0.4,0.1,0,0,91,863935.1,137050,6.3038,0
0.4,0.1,0,0,92,865919.7,137281,6.3076,0
0.4,0.1,0,0,94,868201.3,136964,6.3389,0
0.4,0.1,0,0,93,868298.2,137221,6.3277,0
0.4,0.1,0,0,95,869338.4,137216,6.3355,0
0.4,0.1,0,0,96,870191.5,136972,6.3531,0
0.4,0.1,0,0,97,873102.4,137069,6.3698,0
0.4,0.1,0,0,98,873189.4,136878,6.3793,0
0.4,0.1,0,0,99,874164.3,136977,6.3818,0
0.4,0.1,0,0,100,877115.4,137099,6.3977,0
0.4,0.1,0,0,101,879028.6,137186,6.4076,0
0.4,0.1,0,0,103,879532.2,137493,6.3969,0
0.4,0.1,0,0,102,880362.4,137279,6.4129,0
0.4,0.1,0,0,104,881014.5,137487,6.408,0
0.4,0.1,0,0,105,881498.4,137316,6.4195,0
0.4,0.1,0,0,106,884563.4,137350,6.4402,0
0.4,0.1,0,0,107,886395.6,137504,6.4463,0
0.4,0.1,0,0,108,886643.9,137404,6.4528,0
0.4,0.1,0,0,110,888559.3,137255,6.4738,0
0.4,0.1,0,0,109,888560.5,137500,6.4623,0
0.4,0.1,0,0,111,889014.9,137229,6.4783,0
0.4,0.1,0,0,112,890295.1,137164,6.4907,0
0.4,0.1,0,0,113,890728.4,137056,6.499,0
0.4,0.1,0,0,114,893186.7,137364,6.5023,0
0.4,0.1,0,0,115,894815.0,137221,6.521,0
0.4,0.1,0,0,116,895691.2,137162,6.5302,0
0.4,0.1,0,0,117,896804.1,137311,6.5312,0
0.4,0.1,0,0,118,898179.2,137433,6.5354,0
0.4,0.1,0,0,120,898226.9,137092,6.552,0
0.4,0.1,0,0,119,898802.4,137057,6.5579,0
0.4,0.1,0,0,121,899140.7,137249,6.5512,0
0.4,0.1,0,0,122,900404.4,136945,6.5749,0
0.4,0.1,0,0,123,900624.7,136928,6.5774,0
0.4,0.1,0,0,124,902580.9,137157,6.5806,0
0.4,0.1,0,0,125,903474.8,137439,6.5736,0
0.4,0.1,0,0,126,904265.9,137453,6.5787,0
0.4,0.1,0,0,127,905957.5,137310,6.5979,0
0.4,0.1,0,0,128,906827.0,137204,6.6093,0
0.4,0.1,0,0,129,908389.8,137423,6.6102,0
0.4,0.1,0,0,130,909154.2,137482,6.6129,0
0.4,0.1,0,0,131,909598.1,137576,6.6116,0
0.4,0.1,0,0,132,909989.5,137576,6.6144,0
0.4,0.1,0,0,133,910738.5,137809,6.6087,0
0.4,0.1,0,0,134,911966.3,137704,6.6227,0
0.4,0.1,0,0,135,912128.3,137786,6.6199,0
0.4,0.1,0,0,136,912995.1,137680,6.6313,0
0.4,0.1,0,0,137,914373.9,137603,6.645,0
0.4,0.1,0,0,139,914783.4,137481,6.6539,0
0.4,0.1,0,0,138,915156.2,137479,6.6567,0
0.4,0.1,0,0,140,915662.8,137393,6.6646,0
0.4,0.1,0,0,141,916166.0,137587,6.6588,0
0.4,0.1,0,0,142,916835.0,137693,6.6585,0
0.4,0.1,0,0,143,917377.8,137772,6.6587,0
0.4,0.1,0,0,144,917765.3,137567,6.6714,0
0.4,0.1,0,0,145,918781.1,137567,6.6788,0
0.4,0.1,0,0,146,918985.9,137567,6.6803,0
0.4,0.1,0,0,148,919353.9,137545,6.684,0
0.4,0.1,0,0,147,919461.4,137646,6.6799,0
0.4,0.1,0,0,149,919654.4,137439,6.6914,0
0.4,0.1,0,0,150,920405.0,137541,6.6919,0
0.4,0.1,0,0,151,921120.3,137620,6.6932,0
0.4,0.1,0,0,152,921632.1,137455,6.705,0
0.4,0.1,0,0,153,922073.5,137455,6.7082,0
0.4,0.1,0,0,154,922546.8,137455,6.7116,0
0.4,0.1,0,0,155,923374.5,137533,6.7138,0
0.4,0.1,0,0,156,923387.3,137533,6.7139,0
0.4,0.1,0,0,157,924520.1,137533,6.7222,0
0.4,0.1,0,0,158,925365.3,137533,6.7283,0
0.4,0.1,0,0,159,925811.5,137533,6.7316,0
0.4,0.1,0,0,160,926266.9,137533,6.7349,0
0.4,0.1,0,0,161,926426.0,137610,6.7323,0
0.4,0.1,0,0,162,926703.1,137693,6.7302,0
0.4,0.1,0,0,163,927637.7,137533,6.7448,0
0.4,0.1,0,0,164,927796.1,137532,6.746,0
0.4,0.1,0,0,165,927999.6,137532,6.7475,0
0.4,0.1,0,0,166,928654.0,137426,6.7575,0
0.4,0.1,0,0,168,929286.1,137651,6.751,0
0.4,0.1,0,0,167,929391.6,137542,6.7571,0
0.4,0.1,0,0,169,929764.6,137651,6.7545,0
0.4,0.1,0,0,170,930031.0,137643,6.7568,0
0.4,0.1,0,0,171,930402.2,137617,6.7608,0
0.4,0.1,0,0,172,931797.0,137748,6.7645,0
0.4,0.1,0,0,173,932089.5,137748,6.7666,0
0.4,0.1,0,0,174,932385.4,137588,6.7766,0
0.4,0.1,0,0,175,932864.5,137588,6.7801,0
0.4,0.1,0,0,176,933299.6,137748,6.7754,0
0.4,0.1,0,0,177,933773.1,137482,6.792,0
0.4,0.1,0,0,178,933950.8,137559,6.7895,0
0.4,0.1,0,0,179,934317.9,137482,6.7959,0
0.4,0.1,0,0,180,934431.3,137537,6.794,0
0.4,0.1,0,0,181,934934.2,137460,6.8015,0
0.4,0.1,0,0,182,935319.2,137460,6.8043,0
0.4,0.1,0,0,183,935848.3,137351,6.8136,0
0.4,0.1,0,0,184,936220.8,137351,6.8163,0
0.4,0.1,0,0,185,936301.8,137351,6.8169,0
0.4,0.1,0,0,186,936647.5,137351,6.8194,0
0.4,0.1,0,0,187,937267.3,137373,6.8228,0
0.4,0.1,0,0,188,938385.8,137373,6.8309,0
0.4,0.1,0,0,189,938671.7,137351,6.8341,0
0.4,0.1,0,0,190,939132.0,137395,6.8353,0
0.4,0.1,0,0,191,939240.8,137479,6.8319,0
0.4,0.1,0,0,192,939769.3,137570,6.8312,0
0.4,0.1,0,0,193,940029.3,137548,6.8342,0
0.4,0.1,0,0,194,940548.2,137741,6.8284,0
0.4,0.1,0,0,195,941194.9,137632,6.8385,0
0.4,0.1,0,0,196,941242.6,137632,6.8388,0
0.4,0.1,0,0,197,941761.7,137632,6.8426,0
0.4,0.1,0,0,198,942349.0,137632,6.8469,0
0.4,0.1,0,0,199,942625.9,137654,6.8478,0
0.4,0.1,0,0,200,942657.6,137534,6.854,0
0.4,0.1,0,0,201,943067.7,137512,6.8581,0
0.4,0.1,0,0,202,943078.3,137763,6.8457,0
0.4,0.1,0,0,203,943658.5,137763,6.8499,0
0.4,0.1,0,0,204,943916.8,137654,6.8572,0
0.4,0.1,0,0,205,943944.8,137763,6.8519,0
0.4,0.1,0,0,206,944351.2,137763,6.8549,0
0.4,0.1,0,0,207,944700.6,137763,6.8574,0
0.4,0.1,0,0,208,945205.1,137763,6.8611,0
0.4,0.1,0,0,209,945549.9,137763,6.8636,0
0.4,0.1,0,0,210,945786.3,137763,6.8653,0
0.4,0.1,0,0,211,946038.8,137785,6.8661,0
0.4,0.1,0,0,212,946191.9,137746,6.8691,0
0.4,0.1,0,0,213,946494.3,137746,6.8713,0
0.4,0.1,0,0,214,946552.1,137746,6.8717,0
0.4,0.1,0,0,215,946664.0,137746,6.8725,0
0.4,0.1,0,0,216,946753.6,137746,6.8732,0
0.4,0.1,0,0,218,947197.9,137746,6.8764,0
0.4,0.1,0,0,219,947234.1,137746,6.8767,0
0.4,0.1,0,0,217,947246.9,137746,6.8768,0
0.4,0.1,0,0,220,947541.5,137671,6.8827,0
0.4,0.1,0,0,221,947904.7,137780,6.8798,0
0.4,0.1,0,0,222,947909.0,137780,6.8799,0
0.4,0.1,0,0,223,948029.9,137802,6.8797,0
0.4,0.1,0,0,224,948338.7,137671,6.8884,0
0.4,0.1,0,0,225,949011.3,137820,6.8859,0
0.4,0.1,0,0,226,949248.6,137939,6.8817,0
0.4,0.1,0,0,228,949341.5,137601,6.8992,0
0.4,0.1,0,0,227,949473.5,137856,6.8874,0
0.4,0.1,0,0,230,949866.7,137601,6.9031,0
0.4,0.1,0,0,231,950085.0,137601,6.9046,0
0.4,0.1,0,0,229,950233.1,137750,6.8982,0
0.4,0.1,0,0,232,950499.8,137601,6.9077,0
0.4,0.1,0,0,233,950747.9,137601,6.9095,0
0.4,0.1,0,0,234,951130.3,137601,6.9122,0
0.4,0.1,0,0,235,951289.7,137601,6.9134,0
0.4,0.1,0,0,236,951568.6,137601,6.9154,0
0.4,0.1,0,0,238,952126.8,137601,6.9195,0
0.4,0.1,0,0,241,952177.1,137601,6.9198,0
0.4,0.1,0,0,240,952209.8,137601,6.9201,0
0.4,0.1,0,0,237,952223.3,137737,6.9133,0
0.4,0.1,0,0,239,952449.0,137601,6.9218,0
0.4,0.1,0,0,243,952691.7,137750,6.9161,0
0.4,0.1,0,0,242,952778.2,137750,6.9167,0
0.4,0.1,0,0,244,952954.2,137750,6.918,0
0.4,0.1,0,0,245,953125.4,137631,6.9252,0
0.4,0.1,0,0,246,953236.9,137631,6.926,0
0.4,0.1,0,0,247,953549.0,137631,6.9283,0
0.4,0.1,0,0,251,953688.3,137493,6.9363,0
0.4,0.1,0,0,252,953819.9,137493,6.9372,0
0.4,0.1,0,0,248,953933.3,137631,6.9311,0
0.4,0.1,0,0,254,953971.7,137493,6.9383,0
0.4,0.1,0,0,249,954021.8,137740,6.9263,0
0.4,0.1,0,0,253,954040.8,137493,6.9388,0
0.4,0.1,0,0,250,954078.9,137631,6.9322,0
0.4,0.1,0,0,256,954084.4,137493,6.9391,0
0.4,0.1,0,0,255,954145.1,137493,6.9396,0
0.4,0.1,0,0,257,954301.6,137482,6.9413,0
0.4,0.1,0,0,258,954543.7,137493,6.9425,0
0.4,0.1,0,0,259,954755.7,137482,6.9446,0
0.4,0.1,0,0,261,954913.8,137482,6.9457,0
0.4,0.1,0,0,262,954932.1,137591,6.9404,0
0.4,0.1,0,0,263,954986.9,137591,6.9408,0
0.4,0.1,0,0,260,954991.7,137591,6.9408,0
0.4,0.1,0,0,264,955175.4,137591,6.9421,0
0.4,0.1,0,0,265,955231.9,137591,6.9425,0
0.4,0.1,0,0,266,955449.2,137591,6.9441,0
0.4,0.1,0,0,267,955658.2,137591,6.9456,0
0.4,0.1,0,0,268,955826.2,137591,6.9469,0
0.4,0.1,0,0,381,962450.9,137826,6.9831,0
0.4,0.1,0,0,382,962456.7,137826,6.9831,0
0.4,0.1,0,0,383,962494.5,137826,6.9834,0
0.4,0.1,0,0,352,961773.8,137826,6.9782,0
0.4,0.1,0,0,321,960606.0,137591,6.9816,0
0.4,0.1,0,0,322,960578.1,137591,6.9814,0
0.4,0.1,0,0,323,960566.0,137591,6.9813,0
0.4,0.1,0,0,324,960678.7,137591,6.9821,0
0.4,0.1,0,0,325,960682.4,137591,6.9822,0
0.4,0.1,0,0,326,960589.6,137591,6.9815,0
0.4,0.1,0,0,327,960522.6,137591,6.981,0
0.4,0.1,0,0,360,961513.7,137826,6.9763,0
0.4,0.1,0,0,361,961561.0,137826,6.9766,0
0.4,0.1,0,0,394,962518.6,137826,6.9836,0
0.4,0.1,0,0,395,962517.2,137826,6.9836,0
0.4,0.1,0,0,396,962478.2,137826,6.9833,0
0.4,0.1,0,0,365,961709.6,137826,6.9777,0
0.4,0.1,0,0,366,961720.4,137826,6.9778,0
0.4,0.1,0,0,367,961688.4,137826,6.9776,0
0.4,0.1,0,0,336,961193.3,137591,6.9859,0
0.4,0.1,0,0,305,960168.7,137740,6.9709,0
0.4,0.1,0,0,306,960311.4,137740,6.9719,0
0.4,0.1,0,0,307,960443.0,137740,6.9729,0
0.4,0.1,0,0,308,960331.4,137740,6.9721,0
0.4,0.1,0,0,309,960171.5,137740,6.9709,0
0.4,0.1,0,0,310,960138.9,137740,6.9707,0
0.4,0.1,0,0,311,960226.4,137740,6.9713,0
0.4,0.1,0,0,344,961218.6,137591,6.9861,0
0.4,0.1,0,0,345,961218.5,137591,6.9861,0
0.4,0.1,0,0,378,962530.6,137826,6.9837,0
0.4,0.1,0,0,379,962447.1,137826,6.9831,0
0.4,0.1,0,0,380,962291.4,137705,6.9881,0
0.4,0.1,0,0,349,961754.1,137712,6.9838,0
0.4,0.1,0,0,350,961568.6,137591,6.9886,0
0.4,0.1,0,0,351,961712.2,137826,6.9777,0
0.4,0.1,0,0,320,960590.5,137591,6.9815,0
0.4,0.1,0,0,289,959663.7,137740,6.9672,0
0.4,0.1,0,0,290,959487.9,137740,6.9659,0
0.4,0.1,0,0,291,959455.3,137740,6.9657,0
0.4,0.1,0,0,292,960204.9,137740,6.9711,0
0.4,0.1,0,0,293,960226.4,137740,6.9713,0
0.4,0.1,0,0,294,960050.9,137740,6.97,0
0.4,0.1,0,0,295,960191.7,137740,6.971,0
0.4,0.1,0,0,328,960573.5,137705,6.9756,0
0.4,0.1,0,0,329,960581.5,137705,6.9756,0
0.4,0.1,0,0,362,961647.1,137826,6.9773,0
0.4,0.1,0,0,363,961749.2,137826,6.978,0
0.4,0.1,0,0,364,961752.7,137826,6.978,0
0.4,0.1,0,0,333,960885.9,137705,6.9779,0
0.4,0.1,0,0,334,960895.0,137705,6.9779,0
0.4,0.1,0,0,335,961111.9,137705,6.9795,0
0.4,0.1,0,0,304,960046.3,137740,6.97,0
0.4,0.1,0,0,273,956728.8,137591,6.9534,0
0.4,0.1,0,0,274,956812.4,137591,6.954,0
0.4,0.1,0,0,275,956941.4,137591,6.955,0
0.4,0.1,0,0,276,957177.1,137591,6.9567,0
0.4,0.1,0,0,277,957214.9,137591,6.957,0
0.4,0.1,0,0,278,957320.4,137591,6.9577,0
0.4,0.1,0,0,279,957282.6,137591,6.9575,0
0.4,0.1,0,0,312,959986.0,137591,6.9771,0
0.4,0.1,0,0,313,960111.5,137591,6.978,0
0.4,0.1,0,0,346,961424.9,137591,6.9876,0
0.4,0.1,0,0,347,961660.1,137712,6.9831,0
0.4,0.1,0,0,348,961570.7,137826,6.9767,0
0.4,0.1,0,0,317,960293.1,137591,6.9793,0
0.4,0.1,0,0,318,960459.6,137591,6.9805,0
0.4,0.1,0,0,319,960472.2,137591,6.9806,0
0.4,0.1,0,0,288,959065.9,137591,6.9704,0
0.4,0.1,0,0,296,960258.4,137740,6.9715,0
0.4,0.1,0,0,297,960402.0,137740,6.9726,0
0.4,0.1,0,0,330,960672.2,137705,6.9763,0
0.4,0.1,0,0,331,960788.5,137705,6.9772,0
0.4,0.1,0,0,332,960917.3,137705,6.9781,0
0.4,0.1,0,0,397,962494.0,137826,6.9834,0
0.4,0.1,0,0,398,962528.9,137826,6.9837,0
0.4,0.1,0,0,399,962528.7,137826,6.9837,0
0.4,0.1,0,0,368,961699.6,137826,6.9776,0
0.4,0.1,0,0,337,961215.8,137705,6.9803,0
0.4,0.1,0,0,338,961297.1,137705,6.9808,0
0.4,0.1,0,0,339,961286.6,137705,6.9808,0
0.4,0.1,0,0,340,961342.9,137591,6.987,0
0.4,0.1,0,0,341,961310.8,137591,6.9867,0
0.4,0.1,0,0,342,961222.1,137591,6.9861,0
0.4,0.1,0,0,343,961135.7,137591,6.9855,0
0.4,0.1,0,0,376,962348.2,137826,6.9823,0
0.4,0.1,0,0,377,962332.0,137826,6.9822,0
0.4,0.1,0,0,410,962706.8,137826,6.9849,0
0.4,0.1,0,0,411,962755.0,137826,6.9853,0
0.4,0.1,0,0,412,962747.7,137826,6.9852,0
0.4,0.1,0,0,301,959931.6,137740,6.9692,0
0.4,0.1,0,0,302,960080.4,137740,6.9702,0
0.4,0.1,0,0,303,960072.8,137740,6.9702,0
0.4,0.1,0,0,272,956497.9,137591,6.9517,0
0.4,0.1,0,0,280,957460.4,137591,6.9587,0
0.4,0.1,0,0,281,957678.5,137591,6.9603,0
0.4,0.1,0,0,314,959997.7,137591,6.9772,0
0.4,0.1,0,0,315,960152.7,137591,6.9783,0
0.4,0.1,0,0,316,960122.3,137591,6.9781,0
0.4,0.1,0,0,285,958193.1,137591,6.9641,0
0.4,0.1,0,0,286,958572.3,137591,6.9668,0
0.4,0.1,0,0,287,958805.2,137591,6.9685,0
0.4,0.1,0,0,298,960168.3,137740,6.9709,0
0.4,0.1,0,0,299,960124.2,137740,6.9706,0
0.4,0.1,0,0,300,959901.8,137740,6.9689,0
0.4,0.1,0,0,413,962783.1,137826,6.9855,0
0.4,0.1,0,0,414,962703.6,137826,6.9849,0
0.4,0.1,0,0,415,962723.6,137826,6.9851,0
0.4,0.1,0,0,384,962516.6,137826,6.9836,0
0.4,0.1,0,0,353,961803.6,137826,6.9784,0
0.4,0.1,0,0,354,961685.1,137826,6.9775,0
0.4,0.1,0,0,355,961683.8,137826,6.9775,0
0.4,0.1,0,0,356,961857.7,137826,6.9788,0
0.4,0.1,0,0,357,961946.6,137826,6.9794,0
0.4,0.1,0,0,358,961895.1,137826,6.9791,0
0.4,0.1,0,0,359,961878.8,137826,6.9789,0
0.4,0.1,0,0,392,962554.0,137826,6.9838,0
0.4,0.1,0,0,393,962454.5,137826,6.9831,0
0.4,0.1,0,0,426,962884.1,137826,6.9862,0
0.4,0.1,0,0,427,962675.4,137705,6.9909,0
0.4,0.1,0,0,428,962906.9,137826,6.9864,0
0.4,0.1,0,0,269,956019.1,137591,6.9483,0
0.4,0.1,0,0,270,956219.3,137591,6.9497,0
0.4,0.1,0,0,271,956284.6,137591,6.9502,0
0.4,0.1,0,0,282,958027.4,137591,6.9629,0
0.4,0.1,0,0,283,958279.4,137740,6.9572,0
0.4,0.1,0,0,284,958069.6,137591,6.9632,0
0.4,0.1,0,0,429,962920.1,137826,6.9865,0
0.4,0.1,0,0,430,962945.4,137826,6.9867,0
0.4,0.1,0,0,431,962985.8,137826,6.987,0
0.4,0.1,0,0,400,962470.3,137826,6.9832,0
0.4,0.1,0,0,369,961776.7,137826,6.9782,0
0.4,0.1,0,0,370,961935.7,137826,6.9793,0
0.4,0.1,0,0,371,962039.1,137826,6.9801,0
0.4,0.1,0,0,372,962145.9,137826,6.9809,0
0.4,0.1,0,0,373,962349.8,137826,6.9824,0
0.4,0.1,0,0,374,962360.7,137826,6.9824,0
0.4,0.1,0,0,375,962283.8,137826,6.9819,0
0.4,0.1,0,0,408,962731.4,137826,6.9851,0
0.4,0.1,0,0,409,962727.2,137826,6.9851,0
0.4,0.1,0,0,442,962717.8,137826,6.985,0
0.4,0.1,0,0,443,962709.4,137826,6.985,0
0.4,0.1,0,0,444,962712.9,137826,6.985,0
0.4,0.1,0,0,445,962758.7,137826,6.9853,0
0.4,0.1,0,0,446,962772.0,137826,6.9854,0
0.4,0.1,0,0,447,962770.7,137826,6.9854,0
0.4,0.1,0,0,416,962809.1,137826,6.9857,0
0.4,0.1,0,0,385,962589.2,137826,6.9841,0
0.4,0.1,0,0,386,962586.3,137826,6.9841,0
0.4,0.1,0,0,387,962538.3,137826,6.9837,0
0.4,0.1,0,0,388,962532.4,137826,6.9837,0
0.4,0.1,0,0,389,962603.3,137826,6.9842,0
0.4,0.1,0,0,390,962677.2,137826,6.9847,0
0.4,0.1,0,0,391,962598.5,137826,6.9842,0
0.4,0.1,0,0,424,962929.5,137826,6.9866,0
0.4,0.1,0,0,425,962894.7,137826,6.9863,0
0.4,0.1,0,0,458,962909.5,137826,6.9864,0
0.4,0.1,0,0,459,962949.4,137826,6.9867,0
0.4,0.1,0,0,460,962957.6,137826,6.9868,0
0.4,0.1,0,0,461,962944.4,137826,6.9867,0
0.4,0.1,0,0,462,962929.8,137826,6.9866,0
0.4,0.1,0,0,463,962906.5,137826,6.9864,0
0.4,0.1,0,0,432,963002.0,137826,6.9871,0
0.4,0.1,0,0,401,962424.6,137826,6.9829,0
0.4,0.1,0,0,402,962496.2,137826,6.9834,0
0.4,0.1,0,0,403,962396.6,137826,6.9827,0
0.4,0.1,0,0,404,962380.4,137826,6.9826,0
0.4,0.1,0,0,405,962503.7,137826,6.9835,0
0.4,0.1,0,0,406,962564.8,137826,6.9839,0
0.4,0.1,0,0,407,962650.2,137826,6.9845,0
0.4,0.1,0,0,440,962787.8,137826,6.9855,0
0.4,0.1,0,0,441,962736.0,137826,6.9852,0
0.4,0.1,0,0,474,963052.0,137826,6.9874,0
0.4,0.1,0,0,475,963092.5,137826,6.9877,0
0.4,0.1,0,0,476,963073.5,137826,6.9876,0
0.4,0.1,0,0,477,963137.4,137826,6.9881,0
0.4,0.1,0,0,478,963128.9,137826,6.988,0
0.4,0.1,0,0,479,963118.9,137826,6.9879,0
0.4,0.1,0,0,448,962785.7,137826,6.9855,0
0.4,0.1,0,0,417,962769.5,137826,6.9854,0
0.4,0.1,0,0,418,962752.5,137826,6.9853,0
0.4,0.1,0,0,419,962820.7,137826,6.9858,0
0.4,0.1,0,0,420,962828.0,137826,6.9858,0
0.4,0.1,0,0,421,962850.5,137826,6.986,0
0.4,0.1,0,0,422,962891.8,137826,6.9863,0
0.4,0.1,0,0,423,962876.3,137826,6.9862,0
0.4,0.1,0,0,456,962870.2,137826,6.9861,0
0.4,0.1,0,0,457,962862.5,137826,6.9861,0
0.4,0.1,0,0,490,963135.0,137826,6.9881,0
0.4,0.1,0,0,491,963114.9,137826,6.9879,0
0.4,0.1,0,0,492,963073.8,137826,6.9876,0
0.4,0.1,0,0,493,963076.2,137826,6.9876,0
0.4,0.1,0,0,494,963063.8,137826,6.9875,0
0.4,0.1,0,0,495,963031.0,137826,6.9873,0
0.4,0.1,0,0,464,962961.3,137826,6.9868,0
0.4,0.1,0,0,433,963017.6,137826,6.9872,0
0.4,0.1,0,0,434,963028.1,137826,6.9873,0
0.4,0.1,0,0,435,962966.0,137826,6.9868,0
0.4,0.1,0,0,436,962983.8,137826,6.987,0
0.4,0.1,0,0,437,962892.2,137826,6.9863,0
0.4,0.1,0,0,438,962739.9,137826,6.9852,0
0.4,0.1,0,0,439,962777.4,137826,6.9855,0
0.4,0.1,0,0,472,963025.7,137826,6.9873,0
0.4,0.1,0,0,473,963040.4,137826,6.9874,0
0.4,0.1,0,0,506,963064.3,137826,6.9875,0
0.4,0.1,0,0,507,963062.6,137826,6.9875,0
0.4,0.1,0,0,508,963040.0,137826,6.9874,0
0.4,0.1,0,0,509,963047.7,137826,6.9874,0
0.4,0.1,0,0,510,963061.9,137826,6.9875,0
0.4,0.1,0,0,511,963058.8,137826,6.9875,0
0.4,0.1,0,0,480,963096.7,137826,6.9878,0
0.4,0.1,0,0,449,962803.0,137826,6.9856,0
0.4,0.1,0,0,450,962842.6,137826,6.9859,0
0.4,0.1,0,0,451,962890.3,137826,6.9863,0
0.4,0.1,0,0,452,962872.8,137826,6.9861,0
0.4,0.1,0,0,453,962840.1,137826,6.9859,0
0.4,0.1,0,0,454,962821.6,137826,6.9858,0
0.4,0.1,0,0,455,962890.5,137826,6.9863,0
0.4,0.1,0,0,488,963138.1,137826,6.9881,0
0.4,0.1,0,0,489,963128.9,137826,6.988,0
0.4,0.1,0,0,522,963208.2,137826,6.9886,0
0.4,0.1,0,0,523,963173.3,137826,6.9883,0
0.4,0.1,0,0,524,963195.0,137826,6.9885,0
0.4,0.1,0,0,525,963168.9,137826,6.9883,0
0.4,0.1,0,0,526,963215.6,137826,6.9886,0
0.4,0.1,0,0,527,963208.3,137826,6.9886,0
0.4,0.1,0,0,496,963019.3,137826,6.9872,0
0.4,0.1,0,0,465,962971.8,137826,6.9869,0
0.4,0.1,0,0,466,962976.5,137826,6.9869,0
0.4,0.1,0,0,467,962998.7,137826,6.9871,0
0.4,0.1,0,0,468,963017.3,137826,6.9872,0
0.4,0.1,0,0,469,963035.0,137826,6.9873,0
0.4,0.1,0,0,470,963078.3,137826,6.9876,0
0.4,0.1,0,0,471,963056.5,137826,6.9875,0
0.4,0.1,0,0,504,963059.1,137826,6.9875,0
0.4,0.1,0,0,505,963041.4,137826,6.9874,0
0.4,0.1,0,0,538,963232.3,137826,6.9888,0
0.4,0.1,0,0,539,963222.9,137826,6.9887,0
0.4,0.1,0,0,540,963223.9,137826,6.9887,0
0.4,0.1,0,0,541,963235.1,137826,6.9888,0
0.4,0.1,0,0,542,963262.4,137826,6.989,0
0.4,0.1,0,0,543,963262.1,137826,6.989,0
0.4,0.1,0,0,512,963076.9,137826,6.9876,0
0.4,0.1,0,0,481,963097.3,137826,6.9878,0
0.4,0.1,0,0,482,963135.7,137826,6.9881,0
0.4,0.1,0,0,483,963100.6,137826,6.9878,0
0.4,0.1,0,0,484,963103.4,137826,6.9878,0
0.4,0.1,0,0,485,963130.4,137826,6.988,0
0.4,0.1,0,0,486,963150.8,137826,6.9882,0
0.4,0.1,0,0,487,963138.4,137826,6.9881,0
0.4,0.1,0,0,520,963172.6,137826,6.9883,0
0.4,0.1,0,0,521,963189.3,137826,6.9884,0
0.4,0.1,0,0,554,963314.4,137826,6.9894,0
0.4,0.1,0,0,555,963310.0,137826,6.9893,0
0.4,0.1,0,0,556,963305.6,137826,6.9893,0
0.4,0.1,0,0,557,963333.5,137826,6.9895,0
0.4,0.1,0,0,558,963359.8,137826,6.9897,0
0.4,0.1,0,0,559,963349.5,137826,6.9896,0
0.4,0.1,0,0,528,963177.2,137826,6.9884,0
0.4,0.1,0,0,497,963056.1,137826,6.9875,0
0.4,0.1,0,0,498,963030.7,137826,6.9873,0
0.4,0.1,0,0,499,963034.9,137826,6.9873,0
0.4,0.1,0,0,500,963028.8,137826,6.9873,0
0.4,0.1,0,0,501,963036.5,137826,6.9873,0
0.4,0.1,0,0,502,963069.0,137826,6.9876,0
0.4,0.1,0,0,503,963079.2,137826,6.9876,0
0.4,0.1,0,0,536,963184.7,137826,6.9884,0
0.4,0.1,0,0,537,963200.0,137826,6.9885,0
0.4,0.1,0,0,570,963328.9,137826,6.9895,0
0.4,0.1,0,0,571,963318.1,137826,6.9894,0
0.4,0.1,0,0,572,963327.5,137826,6.9894,0
0.4,0.1,0,0,573,963343.3,137826,6.9896,0
0.4,0.1,0,0,574,963329.6,137826,6.9895,0
0.4,0.1,0,0,575,963326.5,137826,6.9894,0
0.4,0.1,0,0,544,963270.0,137826,6.989,0
0.4,0.1,0,0,513,963085.0,137826,6.9877,0
0.4,0.1,0,0,514,963118.0,137826,6.9879,0
0.4,0.1,0,0,515,963124.7,137826,6.988,0
0.4,0.1,0,0,516,963123.7,137826,6.988,0
0.4,0.1,0,0,517,963148.3,137826,6.9881,0
0.4,0.1,0,0,518,963168.0,137826,6.9883,0
0.4,0.1,0,0,519,963160.2,137826,6.9882,0
0.4,0.1,0,0,552,963311.6,137826,6.9893,0
0.4,0.1,0,0,553,963299.8,137826,6.9892,0
0.4,0.1,0,0,561,963355.1,137826,6.9896,0
0.4,0.1,0,0,562,963361.3,137826,6.9897,0
0.4,0.1,0,0,563,963361.1,137826,6.9897,0
0.4,0.1,0,0,564,963362.9,137826,6.9897,0
0.4,0.1,0,0,565,963367.5,137826,6.9897,0
0.4,0.1,0,0,566,963388.2,137826,6.9899,0
0.4,0.1,0,0,560,963360.9,137826,6.9897,0
0.4,0.1,0,0,529,963180.5,137826,6.9884,0
0.4,0.1,0,0,530,963171.3,137826,6.9883,0
0.4,0.1,0,0,531,963165.4,137826,6.9883,0
0.4,0.1,0,0,532,963176.6,137826,6.9884,0
0.4,0.1,0,0,533,963190.6,137826,6.9885,0
0.4,0.1,0,0,534,963189.3,137826,6.9884,0
0.4,0.1,0,0,535,963196.9,137826,6.9885,0
0.4,0.1,0,0,576,963336.5,137826,6.9895,0
0.4,0.1,0,0,545,963260.1,137826,6.989,0
0.4,0.1,0,0,546,963273.7,137826,6.9891,0
0.4,0.1,0,0,547,963279.0,137826,6.9891,0
0.4,0.1,0,0,548,963290.7,137826,6.9892,0
0.4,0.1,0,0,549,963300.8,137826,6.9893,0
0.4,0.1,0,0,550,963300.1,137826,6.9892,0
0.4,0.1,0,0,551,963298.8,137826,6.9892,0
0.4,0.1,0,0,567,963366.9,137826,6.9897,0
0.4,0.1,0,0,568,963354.4,137826,6.9896,0
0.4,0.1,0,0,569,963352.7,137826,6.9896,0
0.4,0.2,0,1,565,901371.3,143304,6.2899,0
0.4,0.2,0,1,566,901392.8,143304,6.2901,0
0.4,0.2,0,0,79,904280.9,146373,6.1779,0
0.4,0.2,0,0,80,906533.2,146308,6.1961,0
0.4,0.2,0,0,81,908384.3,146322,6.2081,0
0.4,0.2,0,0,82,910481.2,146382,6.2199,0
0.4,0.2,0,0,84,912943.3,146686,6.2238,0
0.4,0.2,0,0,83,913126.5,146782,6.221,0
0.4,0.2,0,0,85,915764.8,146790,6.2386,0
0.4,0.2,0,0,88,922894.3,146703,6.2909,0
0.4,0.2,0,0,87,921033.3,146767,6.2755,0
0.4,0.2,0,0,86,917747.5,146758,6.2535,0
0.4,0.2,0,0,537,1043818.7,147844,7.0603,0
0.4,0.2,0,0,568,1043989.1,147844,7.0614,0
0.4,0.2,0,0,567,1044005.6,147844,7.0615,0
0.4,0.2,0,0,566,1044026.6,147844,7.0617,0
0.4,0.2,0,0,565,1044007.5,147844,7.0615,0
0.4,0.2,0,0,564,1043996.3,147844,7.0615,0
0.4,0.2,0,0,563,1043988.8,147844,7.0614,0
0.4,0.2,0,0,562,1043985.6,147844,7.0614,0
0.4,0.2,0,0,561,1043980.4,147844,7.0614,0
0.4,0.2,0,0,560,1043983.1,147844,7.0614,0
0.4,0.2,0,0,559,1043972.3,147844,7.0613,0
0.4,0.2,0,0,558,1043982.5,147844,7.0614,0
0.4,0.2,0,0,557,1043963.0,147844,7.0612,0
0.4,0.2,0,0,556,1043935.1,147844,7.0611,0
0.4,0.2,0,0,555,1043938.2,147844,7.0611,0
0.4,0.2,0,0,554,1043944.8,147844,7.0611,0
0.4,0.2,0,0,521,1043818.5,147844,7.0603,0
0.4,0.2,0,0,552,1043944.9,147844,7.0611,0
0.4,0.2,0,0,551,1043928.6,147844,7.061,0
0.4,0.2,0,0,550,1043929.2,147844,7.061,0
0.4,0.2,0,0,549,1043930.9,147844,7.061,0
0.4,0.2,0,0,548,1043922.9,147844,7.061,0
0.4,0.2,0,0,547,1043904.9,147844,7.0609,0
0.4,0.2,0,0,546,1043897.2,147844,7.0608,0
0.4,0.2,0,0,545,1043882.3,147844,7.0607,0
0.4,0.2,0,0,544,1043898.9,147844,7.0608,0
0.4,0.2,0,0,543,1043885.1,147844,7.0607,0
0.4,0.2,0,0,542,1043885.3,147844,7.0607,0
0.4,0.2,0,0,541,1043857.8,147844,7.0605,0
0.4,0.2,0,0,540,1043843.4,147844,7.0604,0
0.4,0.2,0,0,539,1043841.3,147844,7.0604,0
0.4,0.2,0,0,538,1043849.5,147844,7.0605,0
0.4,0.2,0,0,505,1043673.0,147844,7.0593,0
0.4,0.2,0,0,536,1043804.5,147844,7.0602,0
0.4,0.2,0,0,535,1043816.5,147844,7.0603,0
0.4,0.2,0,0,534,1043808.5,147844,7.0602,0
0.4,0.2,0,0,533,1043809.7,147844,7.0602,0
0.4,0.2,0,0,532,1043798.5,147844,7.0601,0
0.4,0.2,0,0,531,1043791.4,147844,7.0601,0
0.4,0.2,0,0,530,1043792.5,147844,7.0601,0
0.4,0.2,0,0,529,1043800.3,147844,7.0601,0
0.4,0.2,0,0,528,1043794.2,147844,7.0601,0
0.4,0.2,0,0,527,1043831.8,147844,7.0604,0
0.4,0.2,0,0,526,1043841.8,147844,7.0604,0
0.4,0.2,0,0,525,1043785.0,147844,7.06,0
0.4,0.2,0,0,524,1043811.4,147844,7.0602,0
0.4,0.2,0,0,523,1043788.2,147844,7.0601,0
0.4,0.2,0,0,522,1043832.8,147844,7.0604,0
0.4,0.2,0,0,489,1043745.0,147844,7.0598,0
0.4,0.2,0,0,520,1043798.3,147844,7.0601,0
0.4,0.2,0,0,519,1043788.2,147844,7.0601,0
0.4,0.2,0,0,518,1043790.1,147844,7.0601,0
0.4,0.2,0,0,517,1043781.5,147844,7.06,0
0.4,0.2,0,0,516,1043758.7,147844,7.0599,0
0.4,0.2,0,0,515,1043756.5,147844,7.0599,0
0.4,0.2,0,0,514,1043750.8,147844,7.0598,0
0.4,0.2,0,0,513,1043720.7,147844,7.0596,0
0.4,0.2,0,0,512,1043713.9,147844,7.0596,0
0.4,0.2,0,0,511,1043700.1,147844,7.0595,0
0.4,0.2,0,0,510,1043697.8,147844,7.0595,0
0.4,0.2,0,0,509,1043680.3,147844,7.0593,0
0.4,0.2,0,0,508,1043669.7,147844,7.0593,0
0.4,0.2,0,0,507,1043690.6,147844,7.0594,0
0.4,0.2,0,0,506,1043692.9,147844,7.0594,0
0.4,0.2,0,0,473,1043624.6,147844,7.059,0
0.4,0.2,0,0,504,1043687.6,147844,7.0594,0
0.4,0.2,0,0,503,1043715.1,147844,7.0596,0
0.4,0.2,0,0,502,1043700.3,147844,7.0595,0
0.4,0.2,0,0,501,1043668.0,147844,7.0593,0
0.4,0.2,0,0,500,1043649.9,147844,7.0591,0
0.4,0.2,0,0,499,1043649.1,147844,7.0591,0
0.4,0.2,0,0,498,1043639.9,147844,7.0591,0
0.4,0.2,0,0,497,1043663.5,147844,7.0592,0
0.4,0.2,0,0,496,1043637.5,147844,7.059,0
0.4,0.2,0,0,495,1043647.5,147844,7.0591,0
0.4,0.2,0,0,494,1043675.8,147844,7.0593,0
0.4,0.2,0,0,493,1043686.9,147844,7.0594,0
0.4,0.2,0,0,492,1043688.2,147844,7.0594,0
0.4,0.2,0,0,491,1043733.2,147844,7.0597,0
0.4,0.2,0,0,490,1043749.1,147844,7.0598,0
0.4,0.2,0,0,457,1043450.9,147844,7.0578,0
0.4,0.2,0,0,488,1043753.3,147844,7.0598,0
0.4,0.2,0,0,487,1043757.8,147844,7.0599,0
0.4,0.2,0,0,486,1043758.0,147844,7.0599,0
0.4,0.2,0,0,485,1043737.1,147844,7.0597,0
0.4,0.2,0,0,484,1043712.4,147844,7.0596,0
0.4,0.2,0,0,483,1043707.9,147844,7.0595,0
0.4,0.2,0,0,482,1043746.0,147844,7.0598,0
0.4,0.2,0,0,481,1043712.8,147844,7.0596,0
0.4,0.2,0,0,480,1043712.8,147844,7.0596,0
0.4,0.2,0,0,479,1043730.6,147844,7.0597,0
0.4,0.2,0,0,478,1043738.7,147844,7.0597,0
0.4,0.2,0,0,477,1043749.1,147844,7.0598,0
0.4,0.2,0,0,476,1043671.4,147844,7.0593,0
0.4,0.2,0,0,475,1043696.1,147844,7.0594,0
0.4,0.2,0,0,474,1043654.8,147844,7.0592,0
0.4,0.2,0,0,441,1043292.5,147844,7.0567,0
0.4,0.2,0,0,472,1043602.1,147844,7.0588,0
0.4,0.2,0,0,471,1043631.7,147844,7.059,0
0.4,0.2,0,0,470,1043657.1,147844,7.0592,0
0.4,0.2,0,0,469,1043621.8,147844,7.0589,0
0.4,0.2,0,0,468,1043598.0,147844,7.0588,0
0.4,0.2,0,0,467,1043581.7,147844,7.0587,0
0.4,0.2,0,0,466,1043566.1,147844,7.0586,0
0.4,0.2,0,0,465,1043560.9,147844,7.0585,0
0.4,0.2,0,0,464,1043535.7,147844,7.0584,0
0.4,0.2,0,0,463,1043473.2,147844,7.0579,0
0.4,0.2,0,0,462,1043506.7,147844,7.0582,0
0.4,0.2,0,0,461,1043516.4,147844,7.0582,0
0.4,0.2,0,0,460,1043533.9,147844,7.0583,0
0.4,0.2,0,0,459,1043534.0,147844,7.0583,0
0.4,0.2,0,0,458,1043498.9,147844,7.0581,0
0.4,0.2,0,0,425,1043441.5,147844,7.0577,0
0.4,0.2,0,0,456,1043444.6,147844,7.0577,0
0.4,0.2,0,0,455,1043454.9,147844,7.0578,0
0.4,0.2,0,0,454,1043396.9,147844,7.0574,0
0.4,0.2,0,0,453,1043415.5,147844,7.0575,0
0.4,0.2,0,0,452,1043436.4,147844,7.0577,0
0.4,0.2,0,0,451,1043446.8,147844,7.0578,0
0.4,0.2,0,0,450,1043405.5,147844,7.0575,0
0.4,0.2,0,0,449,1043367.1,147844,7.0572,0
0.4,0.2,0,0,448,1043356.2,147844,7.0571,0
0.4,0.2,0,0,447,1043317.6,147844,7.0569,0
0.4,0.2,0,0,446,1043314.9,147844,7.0569,0
0.4,0.2,0,0,445,1043305.8,147844,7.0568,0
0.4,0.2,0,0,444,1043282.2,147844,7.0566,0
0.4,0.2,0,0,443,1043285.9,147844,7.0567,0
0.4,0.2,0,0,442,1043277.3,147844,7.0566,0
0.4,0.2,0,0,409,1043271.3,147844,7.0566,0
0.4,0.2,0,0,440,1043341.8,147844,7.057,0
0.4,0.2,0,0,439,1043339.9,147844,7.057,0
0.4,0.2,0,0,438,1043296.4,147844,7.0567,0
0.4,0.2,0,0,437,1043332.0,147844,7.057,0
0.4,0.2,0,0,436,1043334.7,147844,7.057,0
0.4,0.2,0,0,435,1043325.1,147844,7.0569,0
0.4,0.2,0,0,434,1043387.9,147844,7.0574,0
0.4,0.2,0,0,433,1043385.8,147844,7.0573,0
0.4,0.2,0,0,432,1043371.1,147844,7.0572,0
0.4,0.2,0,0,431,1043367.7,147844,7.0572,0
0.4,0.2,0,0,430,1043328.7,147844,7.057,0
0.4,0.2,0,0,429,1043293.8,147844,7.0567,0
0.4,0.2,0,0,428,1043304.5,147844,7.0568,0
0.4,0.2,0,0,427,1043387.3,147844,7.0574,0
0.4,0.2,0,0,426,1043365.0,147844,7.0572,0
0.4,0.2,0,0,393,1043012.9,147844,7.0548,0
0.4,0.2,0,0,424,1043464.6,147844,7.0579,0
0.4,0.2,0,0,423,1043422.8,147844,7.0576,0
0.4,0.2,0,0,422,1043438.7,147844,7.0577,0
0.4,0.2,0,0,421,1043389.8,147844,7.0574,0
0.4,0.2,0,0,420,1043361.3,147844,7.0572,0
0.4,0.2,0,0,419,1043336.4,147844,7.057,0
0.4,0.2,0,0,418,1043246.3,147844,7.0564,0
0.4,0.2,0,0,417,1043262.1,147844,7.0565,0
0.4,0.2,0,0,416,1043295.7,147844,7.0567,0
0.4,0.2,0,0,415,1043224.5,147844,7.0563,0
0.4,0.2,0,0,414,1043202.1,147844,7.0561,0
0.4,0.2,0,0,413,1043289.4,147844,7.0567,0
0.4,0.2,0,0,412,1043278.9,147844,7.0566,0
0.4,0.2,0,0,411,1043306.3,147844,7.0568,0
0.4,0.2,0,0,410,1043260.3,147844,7.0565,0
0.4,0.2,0,0,377,1042745.3,147844,7.053,0
0.4,0.2,0,0,408,1043266.2,147844,7.0565,0
0.4,0.2,0,0,407,1043265.3,147844,7.0565,0
0.4,0.2,0,0,406,1043250.9,147844,7.0564,0
0.4,0.2,0,0,405,1043194.3,147844,7.056,0
0.4,0.2,0,0,404,1043065.7,147844,7.0552,0
0.4,0.2,0,0,403,1043091.7,147844,7.0554,0
0.4,0.2,0,0,402,1043190.5,147844,7.056,0
0.4,0.2,0,0,401,1043110.5,147844,7.0555,0
0.4,0.2,0,0,400,1043154.5,147844,7.0558,0
0.4,0.2,0,0,399,1043218.4,147844,7.0562,0
0.4,0.2,0,0,398,1043228.1,147844,7.0563,0
0.4,0.2,0,0,397,1043160.7,147844,7.0558,0
0.4,0.2,0,0,396,1043145.1,147844,7.0557,0
0.4,0.2,0,0,395,1043073.6,147844,7.0552,0
0.4,0.2,0,0,394,1043317.3,147970,7.0509,0
0.4,0.2,0,0,361,1042140.8,147844,7.0489,0
0.4,0.2,0,0,392,1043103.8,147844,7.0554,0
0.4,0.2,0,0,391,1043121.4,147844,7.0556,0
0.4,0.2,0,0,390,1043151.5,147844,7.0558,0
0.4,0.2,0,0,389,1043086.6,147844,7.0553,0
0.4,0.2,0,0,388,1043003.9,147844,7.0548,0
0.4,0.2,0,0,387,1042971.0,147844,7.0545,0
0.4,0.2,0,0,386,1043046.1,147844,7.055,0
0.4,0.2,0,0,385,1042986.9,147844,7.0546,0
0.4,0.2,0,0,384,1042930.1,147844,7.0543,0
0.4,0.2,0,0,383,1042893.9,147844,7.054,0
0.4,0.2,0,0,382,1042897.9,147844,7.054,0
0.4,0.2,0,0,381,1042881.7,147844,7.0539,0
0.4,0.2,0,0,380,1042879.0,147844,7.0539,0
0.4,0.2,0,0,379,1042816.2,147844,7.0535,0
0.4,0.2,0,0,378,1042860.9,147844,7.0538,0
0.4,0.2,0,0,345,1041584.1,147731,7.0505,0
0.4,0.2,0,0,376,1042761.2,147844,7.0531,0
0.4,0.2,0,0,375,1042709.8,147844,7.0528,0
0.4,0.2,0,0,374,1042795.4,147844,7.0533,0
0.4,0.2,0,0,373,1042764.7,147844,7.0531,0
0.4,0.2,0,0,372,1042620.6,147844,7.0522,0
0.4,0.2,0,0,371,1042565.0,147844,7.0518,0
0.4,0.2,0,0,370,1042435.5,147844,7.0509,0
0.4,0.2,0,0,369,1042307.9,147844,7.0501,0
0.4,0.2,0,0,368,1042221.9,147844,7.0495,0
0.4,0.2,0,0,367,1042508.9,147970,7.0454,0
0.4,0.2,0,0,366,1042225.0,147844,7.0495,0
0.4,0.2,0,0,365,1042219.0,147844,7.0495,0
0.4,0.2,0,0,364,1042542.5,147970,7.0456,0
0.4,0.2,0,0,363,1042292.3,147844,7.0499,0
0.4,0.2,0,0,362,1042202.4,147844,7.0493,0
0.4,0.2,0,0,329,1040892.5,147731,7.0459,0
0.4,0.2,0,0,360,1042090.7,147844,7.0486,0
0.4,0.2,0,0,359,1042255.6,147844,7.0497,0
0.4,0.2,0,0,358,1042263.8,147844,7.0498,0
0.4,0.2,0,0,357,1042268.0,147844,7.0498,0
0.4,0.2,0,0,356,1042145.6,147844,7.049,0
0.4,0.2,0,0,355,1042005.0,147844,7.048,0
0.4,0.2,0,0,354,1041959.6,147731,7.0531,0
0.4,0.2,0,0,353,1042004.6,147731,7.0534,0
0.4,0.2,0,0,352,1041998.7,147731,7.0534,0
0.4,0.2,0,0,351,1041882.9,147844,7.0472,0
0.4,0.2,0,0,350,1041929.0,147731,7.0529,0
0.4,0.2,0,0,349,1041899.4,147731,7.0527,0
0.4,0.2,0,0,348,1041736.0,147731,7.0516,0
0.4,0.2,0,0,347,1041796.9,147731,7.052,0
0.4,0.2,0,0,346,1041777.7,147731,7.0519,0
0.4,0.2,0,0,313,1040326.4,147608,7.0479,0
0.4,0.2,0,0,344,1041542.6,147731,7.0503,0
0.4,0.2,0,0,343,1041522.9,147731,7.0501,0
0.4,0.2,0,0,342,1041567.0,147731,7.0504,0
0.4,0.2,0,0,341,1041690.7,147731,7.0513,0
0.4,0.2,0,0,340,1041688.7,147731,7.0513,0
0.4,0.2,0,0,339,1041637.8,147731,7.0509,0
0.4,0.2,0,0,338,1041710.7,147731,7.0514,0
0.4,0.2,0,0,337,1041549.4,147731,7.0503,0
0.4,0.2,0,0,336,1041537.6,147731,7.0502,0
0.4,0.2,0,0,335,1041464.3,147731,7.0497,0
0.4,0.2,0,0,334,1041232.8,147731,7.0482,0
0.4,0.2,0,0,333,1041186.3,147844,7.0425,0
0.4,0.2,0,0,332,1041205.4,147844,7.0426,0
0.4,0.2,0,0,331,1041050.0,147731,7.0469,0
0.4,0.2,0,0,330,1040994.7,147731,7.0466,0
0.4,0.2,0,0,297,1039899.8,147731,7.0391,0
0.4,0.2,0,0,328,1040833.9,147731,7.0455,0
0.4,0.2,0,0,327,1040754.3,147731,7.0449,0
0.4,0.2,0,0,326,1040816.1,147731,7.0453,0
0.4,0.2,0,0,325,1040875.6,147608,7.0516,0
0.4,0.2,0,0,324,1040819.1,147608,7.0512,0
0.4,0.2,0,0,323,1040810.0,147608,7.0512,0
0.4,0.2,0,0,322,1040824.7,147608,7.0513,0
0.4,0.2,0,0,321,1040841.4,147608,7.0514,0
0.4,0.2,0,0,320,1040883.7,147608,7.0517,0
0.4,0.2,0,0,319,1040747.6,147608,7.0508,0
0.4,0.2,0,0,318,1040674.0,147608,7.0503,0
0.4,0.2,0,0,317,1040551.9,147608,7.0494,0
0.4,0.2,0,0,316,1040370.2,147608,7.0482,0
0.4,0.2,0,0,315,1040363.2,147608,7.0481,0
0.4,0.2,0,0,314,1040245.5,147608,7.0474,0
0.4,0.2,0,0,281,1037173.3,147608,7.0265,0
0.4,0.2,0,0,312,1040223.0,147608,7.0472,0
0.4,0.2,0,0,311,1040002.9,147608,7.0457,0
0.4,0.2,0,0,310,1039955.3,147608,7.0454,0
0.4,0.2,0,0,309,1039975.5,147608,7.0455,0
0.4,0.2,0,0,308,1040043.3,147608,7.046,0
0.4,0.2,0,0,307,1040073.3,147608,7.0462,0
0.4,0.2,0,0,306,1040038.9,147608,7.046,0
0.4,0.2,0,0,305,1039886.5,147608,7.0449,0
0.4,0.2,0,0,304,1039746.7,147608,7.044,0
0.4,0.2,0,0,303,1039741.5,147608,7.0439,0
0.4,0.2,0,0,302,1039611.4,147608,7.0431,0
0.4,0.2,0,0,301,1039438.3,147608,7.0419,0
0.4,0.2,0,0,300,1039390.9,147608,7.0416,0
0.4,0.2,0,0,299,1039596.1,147731,7.0371,0
0.4,0.2,0,0,298,1039647.1,147731,7.0374,0
0.4,0.2,0,0,265,1034410.5,147608,7.0078,0
0.4,0.2,0,0,296,1039718.4,147731,7.0379,0
0.4,0.2,0,0,295,1039630.4,147731,7.0373,0
0.4,0.2,0,0,294,1039457.2,147731,7.0361,0
0.4,0.2,0,0,293,1039635.8,147731,7.0374,0
0.4,0.2,0,0,292,1039590.3,147731,7.037,0
0.4,0.2,0,0,291,1038828.8,147731,7.0319,0
0.4,0.2,0,0,290,1038851.3,147731,7.032,0
0.4,0.2,0,0,289,1038981.8,147844,7.0276,0
0.4,0.2,0,0,288,1038817.2,147844,7.0264,0
0.4,0.2,0,0,287,1038535.5,147731,7.0299,0
0.4,0.2,0,0,286,1038320.8,147844,7.0231,0
0.4,0.2,0,0,285,1038037.2,147731,7.0265,0
0.4,0.2,0,0,284,1037838.0,147731,7.0252,0
0.4,0.2,0,0,283,1037536.0,147731,7.0231,0
0.4,0.2,0,0,282,1037614.5,147608,7.0295,0
0.4,0.2,0,0,249,1032824.8,147608,6.9971,0
0.4,0.2,0,0,280,1036977.1,147608,7.0252,0
0.4,0.2,0,0,279,1036759.2,147608,7.0237,0
0.4,0.2,0,0,278,1036774.2,147608,7.0238,0
0.4,0.2,0,0,277,1036637.2,147608,7.0229,0
0.4,0.2,0,0,276,1036519.4,147608,7.0221,0
0.4,0.2,0,0,275,1036459.0,147608,7.0217,0
0.4,0.2,0,0,274,1036258.4,147608,7.0203,0
0.4,0.2,0,0,273,1036106.1,147608,7.0193,0
0.4,0.2,0,0,272,1035819.6,147608,7.0174,0
0.4,0.2,0,0,271,1035622.2,147608,7.016,0
0.4,0.2,0,0,270,1035479.8,147608,7.0151,0
0.4,0.2,0,0,269,1035287.2,147608,7.0138,0
0.4,0.2,0,0,268,1035045.6,147608,7.0121,0
0.4,0.2,0,0,267,1034965.0,147608,7.0116,0
0.4,0.2,0,0,266,1034652.1,147608,7.0095,0
0.4,0.2,0,0,233,1029041.8,147608,6.9715,0
0.4,0.2,0,0,264,1034319.5,147608,7.0072,0
0.4,0.2,0,0,263,1034179.0,147608,7.0063,0
0.4,0.2,0,0,262,1034087.7,147608,7.0056,0
0.4,0.2,0,0,261,1034002.7,147608,7.0051,0
0.4,0.2,0,0,260,1034162.1,147608,7.0061,0
0.4,0.2,0,0,259,1033929.4,147608,7.0046,0
0.4,0.2,0,0,258,1033794.0,147608,7.0036,0
0.4,0.2,0,0,257,1033649.2,147608,7.0027,0
0.4,0.2,0,0,256,1033344.5,147608,7.0006,0
0.4,0.2,0,0,255,1033372.8,147608,7.0008,0
0.4,0.2,0,0,254,1033142.9,147608,6.9992,0
0.4,0.2,0,0,253,1033200.4,147608,6.9996,0
0.4,0.2,0,0,252,1032975.7,147608,6.9981,0
0.4,0.2,0,0,251,1032928.0,147608,6.9978,0
0.4,0.2,0,0,250,1032940.3,147608,6.9979,0
0.4,0.2,0,0,217,1024940.1,147658,6.9413,0
0.4,0.2,0,0,248,1032731.7,147608,6.9964,0
0.4,0.2,0,0,247,1032311.3,147608,6.9936,0
0.4,0.2,0,0,246,1031954.0,147608,6.9912,0
0.4,0.2,0,0,245,1031770.2,147706,6.9853,0
0.4,0.2,0,0,244,1031556.1,147608,6.9885,0
0.4,0.2,0,0,243,1031406.6,147608,6.9875,0
0.4,0.2,0,0,242,1031143.0,147608,6.9857,0
0.4,0.2,0,0,241,1030873.2,147608,6.9839,0
0.4,0.2,0,0,240,1030805.2,147608,6.9834,0
0.4,0.2,0,0,239,1031038.0,147608,6.985,0
0.4,0.2,0,0,238,1030587.3,147608,6.9819,0
0.4,0.2,0,0,237,1030264.3,147608,6.9797,0
0.4,0.2,0,0,236,1029955.8,147608,6.9776,0
0.4,0.2,0,0,235,1029590.4,147608,6.9752,0
0.4,0.2,0,0,234,1029435.7,147608,6.9741,0
0.4,0.2,0,0,201,1019759.9,147653,6.9065,0
0.4,0.2,0,0,232,1028724.9,147608,6.9693,0
0.4,0.2,0,0,231,1028429.1,147608,6.9673,0
0.4,0.2,0,0,230,1028194.2,147608,6.9657,0
0.4,0.2,0,0,229,1028186.4,147608,6.9657,0
0.4,0.2,0,0,228,1027724.5,147706,6.9579,0
0.4,0.2,0,0,227,1027567.2,147706,6.9568,0
0.4,0.2,0,0,226,1027299.8,147706,6.955,0
0.4,0.2,0,0,225,1027049.3,147706,6.9533,0
0.4,0.2,0,0,224,1026772.2,147706,6.9515,0
0.4,0.2,0,0,223,1026181.0,147706,6.9475,0
0.4,0.2,0,0,222,1026039.8,147608,6.9511,0
0.4,0.2,0,0,221,1025755.2,147608,6.9492,0
0.4,0.2,0,0,220,1025358.2,147608,6.9465,0
0.4,0.2,0,0,219,1024925.7,147756,6.9366,0
0.4,0.2,0,0,218,1024804.4,147756,6.9358,0
0.4,0.2,0,0,185,1012449.3,147446,6.8666,0
0.4,0.2,0,0,216,1024499.7,147658,6.9383,0
0.4,0.2,0,0,215,1024345.8,147553,6.9422,0
0.4,0.2,0,0,214,1024047.4,147553,6.9402,0
0.4,0.2,0,0,213,1023959.0,147553,6.9396,0
0.4,0.2,0,0,212,1023673.8,147658,6.9327,0
0.4,0.2,0,0,211,1023291.8,147553,6.9351,0
0.4,0.2,0,0,210,1023022.4,147553,6.9333,0
0.4,0.2,0,0,209,1022809.2,147553,6.9318,0
0.4,0.2,0,0,208,1022270.5,147553,6.9282,0
0.4,0.2,0,0,207,1021651.0,147553,6.924,0
0.4,0.2,0,0,206,1021256.0,147553,6.9213,0
0.4,0.2,0,0,205,1020694.2,147553,6.9175,0
0.4,0.2,0,0,204,1020737.1,147553,6.9178,0
0.4,0.2,0,0,203,1020416.2,147653,6.9109,0
0.4,0.2,0,0,202,1019777.3,147653,6.9066,0
0.4,0.2,0,0,169,1004419.1,147446,6.8121,0
0.4,0.2,0,0,200,1019471.6,147763,6.8994,0
0.4,0.2,0,0,199,1019301.6,147677,6.9022,0
0.4,0.2,0,0,198,1018978.0,147677,6.9,0
0.4,0.2,0,0,197,1018169.6,147665,6.8951,0
0.4,0.2,0,0,196,1017689.2,147665,6.8919,0
0.4,0.2,0,0,195,1017666.0,147751,6.8877,0
0.4,0.2,0,0,194,1016929.7,147751,6.8827,0
0.4,0.2,0,0,193,1016485.4,147751,6.8797,0
0.4,0.2,0,0,192,1016151.8,147751,6.8775,0
0.4,0.2,0,0,191,1015530.4,147458,6.8869,0
0.4,0.2,0,0,190,1015387.4,147458,6.8859,0
0.4,0.2,0,0,189,1014803.8,147458,6.882,0
0.4,0.2,0,0,188,1014448.3,147458,6.8796,0
0.4,0.2,0,0,187,1013471.6,147458,6.873,0
0.4,0.2,0,0,186,1012793.9,147436,6.8694,0
0.4,0.2,0,0,153,996106.4,147215,6.7663,0
0.4,0.2,0,0,184,1012323.7,147358,6.8698,0
0.4,0.2,0,0,183,1011963.8,147358,6.8674,0
0.4,0.2,0,0,182,1011442.2,147468,6.8587,0
0.4,0.2,0,0,181,1010800.7,147468,6.8544,0
0.4,0.2,0,0,180,1010326.1,147446,6.8522,0
0.4,0.2,0,0,179,1010359.7,147468,6.8514,0
0.4,0.2,0,0,178,1009767.0,147468,6.8474,0
0.4,0.2,0,0,177,1009534.0,147358,6.8509,0
0.4,0.2,0,0,176,1008922.0,147468,6.8416,0
0.4,0.2,0,0,175,1008393.4,147358,6.8432,0
0.4,0.2,0,0,174,1007793.5,147446,6.835,0
0.4,0.2,0,0,173,1007439.9,147446,6.8326,0
0.4,0.2,0,0,172,1007026.1,147446,6.8298,0
0.4,0.2,0,0,171,1005494.3,147345,6.8241,0
0.4,0.2,0,0,170,1004907.5,147345,6.8201,0
0.4,0.2,0,0,137,986127.2,147429,6.6888,0
0.4,0.2,0,0,168,1003846.5,147446,6.8082,0
0.4,0.2,0,0,167,1003978.4,147446,6.8091,0
0.4,0.2,0,0,166,1003070.4,147436,6.8034,0
0.4,0.2,0,0,165,1002446.5,147436,6.7992,0
0.4,0.2,0,0,164,1002115.7,147436,6.797,0
0.4,0.2,0,0,163,1002027.1,147436,6.7964,0
0.4,0.2,0,0,162,1001230.5,147436,6.7909,0
0.4,0.2,0,0,161,1001175.8,147436,6.7906,0
0.4,0.2,0,0,160,1000806.7,147436,6.7881,0
0.4,0.2,0,0,159,1000356.8,147413,6.7861,0
0.4,0.2,0,0,158,999759.4,147324,6.7861,0
0.4,0.2,0,0,157,998716.0,147301,6.7801,0
0.4,0.2,0,0,156,997541.6,147301,6.7721,0
0.4,0.2,0,0,155,997217.2,147301,6.7699,0
0.4,0.2,0,0,154,996632.7,147215,6.7699,0
0.4,0.2,0,0,121,969464.9,147290,6.582,0
0.4,0.2,0,0,152,995522.2,147327,6.7572,0
0.4,0.2,0,0,151,994833.9,147327,6.7526,0
0.4,0.2,0,0,150,993827.7,147277,6.748,0
0.4,0.2,0,0,149,992837.0,147277,6.7413,0
0.4,0.2,0,0,148,992670.9,147327,6.7379,0
0.4,0.2,0,0,147,992152.4,147247,6.738,0
0.4,0.2,0,0,146,991621.3,147197,6.7367,0
0.4,0.2,0,0,145,991083.6,147197,6.733,0
0.4,0.2,0,0,144,989858.7,147197,6.7247,0
0.4,0.2,0,0,143,989419.5,147349,6.7148,0
0.4,0.2,0,0,142,988708.2,147407,6.7073,0
0.4,0.2,0,0,141,988015.3,147327,6.7063,0
0.4,0.2,0,0,140,987284.0,147327,6.7013,0
0.4,0.2,0,0,139,986395.8,147327,6.6953,0
0.4,0.2,0,0,138,986646.8,147237,6.7011,0
0.4,0.2,0,0,105,949901.9,146934,6.4648,0
0.4,0.2,0,0,136,983098.7,147301,6.6741,0
0.4,0.2,0,0,135,982061.6,147381,6.6634,0
0.4,0.2,0,0,134,981931.3,147431,6.6603,0
0.4,0.2,0,0,133,980389.0,147431,6.6498,0
0.4,0.2,0,0,132,980197.0,147555,6.6429,0
0.4,0.2,0,0,131,979937.0,147555,6.6412,0
0.4,0.2,0,0,130,979261.9,147505,6.6388,0
0.4,0.2,0,0,129,978673.2,147528,6.6338,0
0.4,0.2,0,0,128,976788.2,147493,6.6226,0
0.4,0.2,0,0,127,976120.8,147262,6.6285,0
0.4,0.2,0,0,126,975379.8,147442,6.6153,0
0.4,0.2,0,0,125,973797.0,147245,6.6134,0
0.4,0.2,0,0,124,972678.7,147345,6.6014,0
0.4,0.2,0,0,123,970731.3,147425,6.5846,0
0.4,0.2,0,0,122,970770.1,147188,6.5954,0
0.4,0.2,0,0,89,924140.7,146599,6.3039,0
0.4,0.2,0,0,120,968100.6,147338,6.5706,0
0.4,0.2,0,0,119,968584.2,147227,6.5788,0
0.4,0.2,0,0,118,967253.6,147195,6.5712,0
0.4,0.2,0,0,117,965940.7,147262,6.5593,0
0.4,0.2,0,0,116,964561.5,147140,6.5554,0
0.4,0.2,0,0,115,963913.7,147183,6.5491,0
0.4,0.2,0,0,114,962231.0,147124,6.5403,0
0.4,0.2,0,0,113,958893.7,147006,6.5228,0
0.4,0.2,0,0,112,959387.6,147362,6.5104,0
0.4,0.2,0,0,111,958522.4,147287,6.5079,0
0.4,0.2,0,0,110,957029.0,147085,6.5066,0
0.4,0.2,0,0,109,955704.5,147146,6.4949,0
0.4,0.2,0,0,108,955236.3,147044,6.4963,0
0.4,0.2,0,0,107,954817.0,147327,6.4809,0
0.4,0.2,0,0,106,953280.1,147173,6.4773,0
0.4,0.2,0,0,553,1043930.9,147844,7.061,0
0.4,0.2,0,0,576,1043969.0,147844,7.0613,0
0.4,0.2,0,0,575,1043956.6,147844,7.0612,0
0.4,0.2,0,0,574,1043954.2,147844,7.0612,0
0.4,0.2,0,0,573,1043970.9,147844,7.0613,0
0.4,0.2,0,0,572,1043961.5,147844,7.0612,0
0.4,0.2,0,0,571,1043947.4,147844,7.0611,0
0.4,0.2,0,0,570,1043958.4,147844,7.0612,0
0.4,0.2,0,0,104,949560.3,146925,6.4629,0
0.4,0.2,0,0,103,946671.8,146956,6.4419,0
0.4,0.2,0,0,102,947244.4,147063,6.4411,0
0.4,0.2,0,0,101,946052.8,147199,6.427,0
0.4,0.2,0,0,100,944410.5,147218,6.415,0
0.4,0.2,0,0,99,942688.0,147421,6.3945,0
0.4,0.2,0,0,98,941682.7,147485,6.3849,0
0.4,0.2,0,0,97,940431.7,147401,6.3801,0
0.4,0.2,0,0,96,937491.2,146963,6.3791,0
0.4,0.2,0,0,95,936844.8,146680,6.387,0
0.4,0.2,0,0,94,935851.5,146895,6.3709,0
0.4,0.2,0,0,93,935262.3,147092,6.3583,0
0.4,0.2,0,0,92,933358.5,147442,6.3303,0
0.4,0.2,0,0,91,930584.1,147236,6.3204,0
0.4,0.2,0,0,90,926583.3,146750,6.314,0
0.4,0.2,0,0,569,1043987.4,147844,7.0614,0
0.4,0.3,0,9,479,1004209.4,205965,4.8756,0
0.4,0.3,0,9,504,1004211.8,205965,4.8756,0
0.4,0.3,0,9,480,1004214.3,205965,4.8757,0
0.4,0.3,0,9,521,1004217.1,205965,4.8757,0
0.4,0.3,0,9,482,1004224.4,205965,4.8757,0
0.4,0.3,0,9,503,1004232.3,205965,4.8757,0
0.4,0.3,0,9,497,1004233.0,205965,4.8757,0
0.4,0.3,0,9,520,1004237.3,205965,4.8758,0
0.4,0.3,0,9,491,1004238.7,205965,4.8758,0
0.4,0.3,0,9,493,1004242.1,205965,4.8758,0
0.4,0.3,0,9,502,1004242.2,205965,4.8758,0
0.4,0.3,0,9,531,1004244.5,206199,4.8703,0
0.4,0.3,0,9,492,1004244.6,205965,4.8758,0
0.4,0.3,0,9,519,1004249.0,205965,4.8758,0
0.4,0.3,0,9,481,1004252.3,205965,4.8758,0
0.4,0.3,0,9,518,1004252.6,205965,4.8758,0
0.4,0.3,0,9,498,1004252.6,205965,4.8758,0
0.4,0.3,0,9,529,1004257.4,206199,4.8703,0
0.4,0.3,0,9,501,1004259.3,205965,4.8759,0
0.4,0.3,0,9,495,1004259.9,205965,4.8759,0
0.4,0.3,0,9,530,1004262.5,206199,4.8704,0
0.4,0.3,0,9,522,1004266.0,205965,4.8759,0
0.4,0.3,0,9,528,1004266.5,206199,4.8704,0
0.4,0.3,0,9,525,1004266.9,206199,4.8704,0
0.4,0.3,0,9,496,1004267.1,205965,4.8759,0
0.4,0.3,0,9,523,1004279.3,205965,4.876,0
0.4,0.3,0,9,524,1004285.4,205965,4.876,0
0.4,0.3,0,9,500,1004288.3,205965,4.876,0
0.4,0.3,0,9,532,1004288.3,206199,4.8705,0
0.4,0.3,0,9,499,1004293.0,205965,4.876,0
0.4,0.3,0,9,527,1004294.9,206199,4.8705,0
0.4,0.3,0,9,526,1004304.6,206199,4.8706,0
0.4,0.3,0,9,533,1004320.1,206199,4.8706,0
0.4,0.3,0,9,534,1004349.1,206199,4.8708,0
0.4,0.3,0,9,535,1004366.3,206199,4.8709,0
0.4,0.3,0,9,536,1004391.8,206199,4.871,0
0.4,0.3,0,12,173,1004419.0,200459,5.0106,0
0.4,0.3,0,9,537,1004451.4,206199,4.8713,0
0.4,0.3,0,9,538,1004509.3,206199,4.8716,0
0.4,0.3,0,9,539,1004521.8,206199,4.8716,0
0.4,0.3,0,9,540,1004552.6,206199,4.8718,0
0.4,0.3,0,9,552,1004575.6,206199,4.8719,0
0.4,0.3,0,9,541,1004576.2,206199,4.8719,0
0.4,0.3,0,9,546,1004588.1,206199,4.8719,0
0.4,0.3,0,9,545,1004591.4,206199,4.872,0
0.4,0.3,0,9,553,1004594.4,206199,4.872,0
0.4,0.3,0,9,547,1004597.3,206199,4.872,0
0.4,0.3,0,9,551,1004602.7,206199,4.872,0
0.4,0.3,0,9,548,1004608.8,206199,4.872,0
0.4,0.3,0,9,549,1004614.8,206199,4.8721,0
0.4,0.3,0,9,543,1004617.7,206199,4.8721,0
0.4,0.3,0,9,554,1004621.0,206199,4.8721,0
0.4,0.3,0,9,544,1004621.1,206199,4.8721,0
0.4,0.3,0,9,550,1004624.0,206199,4.8721,0
0.4,0.3,0,9,556,1004626.2,206199,4.8721,0
0.4,0.3,0,9,555,1004629.6,206199,4.8721,0
0.4,0.3,0,9,542,1004648.1,206199,4.8722,0
0.4,0.3,0,9,420,1004659.9,205996,4.8771,0
0.4,0.3,0,9,417,1004660.0,205996,4.8771,0
0.4,0.3,0,9,418,1004676.2,205996,4.8772,0
0.4,0.3,0,9,557,1004680.1,206199,4.8724,0
0.4,0.3,0,9,421,1004693.0,205996,4.8772,0
0.4,0.3,0,9,422,1004695.4,205996,4.8773,0
0.4,0.3,0,9,423,1004701.0,205996,4.8773,0
0.4,0.3,0,9,558,1004720.1,206199,4.8726,0
0.4,0.3,0,9,426,1004722.8,205996,4.8774,0
0.4,0.3,0,9,424,1004724.6,205996,4.8774,0
0.4,0.3,0,9,419,1004729.3,205996,4.8774,0
0.4,0.3,0,9,427,1004753.3,205996,4.8775,0
0.4,0.3,0,9,431,1004756.3,205996,4.8776,0
0.4,0.3,0,9,428,1004764.9,205996,4.8776,0
0.4,0.3,0,9,559,1004772.3,206199,4.8728,0
0.4,0.3,0,9,425,1004776.7,205996,4.8777,0
0.4,0.3,0,9,415,1004795.0,205996,4.8777,0
0.4,0.3,0,9,416,1004804.3,205996,4.8778,0
0.4,0.3,0,9,429,1004812.1,205996,4.8778,0
0.4,0.3,0,9,560,1004826.2,206199,4.8731,0
0.4,0.3,0,9,563,1004832.1,206199,4.8731,0
0.4,0.3,0,9,414,1004852.8,205996,4.878,0
0.4,0.3,0,9,561,1004865.5,206199,4.8733,0
0.4,0.3,0,9,562,1004871.4,206199,4.8733,0
0.4,0.3,0,9,430,1004873.4,205996,4.8781,0
0.4,0.3,0,9,413,1004891.9,205996,4.8782,0
0.4,0.3,0,9,564,1004945.0,206199,4.8737,0
0.4,0.3,0,9,565,1004980.2,206199,4.8738,0
0.4,0.3,0,9,567,1005021.8,206199,4.874,0
0.4,0.3,0,9,566,1005039.6,206199,4.8741,0
0.4,0.3,0,9,569,1005048.2,206199,4.8742,0
0.4,0.3,0,9,568,1005051.6,206199,4.8742,0
0.4,0.3,0,9,570,1005055.0,206199,4.8742,0
0.4,0.3,0,9,572,1005059.3,206199,4.8742,0
0.4,0.3,0,9,575,1005063.5,206199,4.8742,0
0.4,0.3,0,9,571,1005066.0,206199,4.8743,0
0.4,0.3,0,12,167,1005070.6,201427,4.9898,0
0.4,0.3,0,9,574,1005075.9,206199,4.8743,0
0.4,0.3,0,9,573,1005092.1,206199,4.8744,0
0.4,0.3,0,9,576,1005095.6,206199,4.8744,0
0.4,0.3,0,12,172,1005185.8,201564,4.9869,0
0.4,0.3,0,12,163,1005238.0,201432,4.9905,0
0.4,0.3,0,12,164,1005332.8,202410,4.9668,0
0.4,0.3,0,12,181,1005348.9,202383,4.9676,0
0.4,0.3,0,12,199,1005616.7,203735,4.9359,0
0.4,0.3,0,12,186,1005704.2,202432,4.9681,0
0.4,0.3,0,12,165,1005784.5,202650,4.9632,0
0.4,0.3,0,12,185,1006002.9,202813,4.9602,0
0.4,0.3,0,12,200,1006148.5,203430,4.9459,0
0.4,0.3,0,12,159,1006176.7,201899,4.9836,0
0.4,0.3,0,12,192,1006337.3,202620,4.9666,0
0.4,0.3,0,12,160,1006345.8,201289,4.9995,0
0.4,0.3,0,12,191,1006588.2,202576,4.9689,0
0.4,0.3,0,12,184,1007097.2,202441,4.9748,0
0.4,0.3,0,12,219,1007169.7,202992,4.9616,0
0.4,0.3,0,12,161,1007194.2,201617,4.9956,0
0.4,0.3,0,12,223,1007213.9,202541,4.9729,0
0.4,0.3,0,12,206,1007225.9,203712,4.9444,0
0.4,0.3,0,12,198,1007347.8,203278,4.9555,0
0.4,0.3,0,12,212,1007436.2,203628,4.9474,0
0.4,0.3,0,12,204,1007705.4,203624,4.9489,0
0.4,0.3,0,12,201,1007967.1,204007,4.9408,0
0.4,0.3,0,12,220,1007973.5,202990,4.9656,0
0.4,0.3,0,12,226,1008015.2,202217,4.9848,0
0.4,0.3,0,12,183,1008097.7,202920,4.968,0
0.4,0.3,0,12,203,1008168.3,203241,4.9605,0
0.4,0.3,0,12,225,1008245.3,202199,4.9864,0
0.4,0.3,0,12,215,1008320.2,203452,4.9561,0
0.4,0.3,0,12,193,1008449.4,203717,4.9502,0
0.4,0.3,0,12,217,1008648.6,203834,4.9484,0
0.4,0.3,0,12,194,1008663.9,203911,4.9466,0
0.4,0.3,0,12,224,1008852.8,202738,4.9761,0
0.4,0.3,0,12,182,1008857.3,203057,4.9683,0
0.4,0.3,0,12,213,1008941.6,203313,4.9625,0
0.4,0.3,0,12,195,1008947.8,204277,4.9391,0
0.4,0.3,0,12,196,1009255.1,204052,4.9461,0
0.4,0.3,0,12,197,1009574.6,204274,4.9423,0
0.4,0.3,0,12,207,1009585.3,203512,4.9608,0
0.4,0.3,0,12,221,1010089.4,203034,4.975,0
0.4,0.3,0,12,227,1010168.5,202490,4.9887,0
0.4,0.3,0,12,205,1010364.6,204458,4.9417,0
0.4,0.3,0,12,216,1010574.7,204069,4.9521,0
0.4,0.3,0,12,228,1010682.0,202747,4.9849,0
0.4,0.3,0,12,222,1011131.6,202570,4.9915,0
0.4,0.3,0,12,443,1011249.2,201217,5.0257,0
0.4,0.3,0,12,187,1011267.1,202856,4.9851,0
0.4,0.3,0,12,428,1011456.8,201380,5.0226,0
0.4,0.3,0,12,427,1011571.3,200818,5.0373,0
0.4,0.3,0,12,426,1011627.4,200818,5.0375,0
0.4,0.3,0,12,417,1011628.7,201263,5.0264,0
0.4,0.3,0,12,230,1011649.1,201865,5.0115,0
0.4,0.3,0,12,422,1011720.4,201057,5.032,0
0.4,0.3,0,12,214,1011795.9,203717,4.9667,0
0.4,0.3,0,12,423,1011804.1,201380,5.0244,0
0.4,0.3,0,12,229,1011808.6,202265,5.0024,0
0.4,0.3,0,12,425,1011809.8,201441,5.0229,0
0.4,0.3,0,12,424,1011832.5,201141,5.0305,0
0.4,0.3,0,12,189,1011865.5,203200,4.9797,0
0.4,0.3,0,12,188,1011908.9,202636,4.9937,0
0.4,0.3,0,12,416,1011917.4,201050,5.0332,0
0.4,0.3,0,12,232,1011960.3,201691,5.0174,0
0.4,0.3,0,12,190,1011962.4,203390,4.9755,0
0.4,0.3,0,12,202,1012033.4,204086,4.9589,0
0.4,0.3,0,12,208,1012075.1,204397,4.9515,0
0.4,0.3,0,12,399,1012162.4,201048,5.0344,0
0.4,0.3,0,12,404,1012187.2,201488,5.0236,0
0.4,0.3,0,12,231,1012196.3,202270,5.0042,0
0.4,0.3,0,12,400,1012328.0,201048,5.0353,0
0.4,0.3,0,12,218,1012446.9,203860,4.9664,0
0.4,0.3,0,12,449,1012481.5,201482,5.0252,0
0.4,0.3,0,12,398,1012507.7,201249,5.0311,0
0.4,0.3,0,12,396,1012547.6,201682,5.0205,0
0.4,0.3,0,12,451,1012551.6,201867,5.0159,0
0.4,0.3,0,12,405,1012588.3,201475,5.0259,0
0.4,0.3,0,12,462,1012629.9,201656,5.0216,0
0.4,0.3,0,12,406,1012631.1,201475,5.0261,0
0.4,0.3,0,12,461,1012638.6,201666,5.0214,0
0.4,0.3,0,12,463,1012683.2,201656,5.0218,0
0.4,0.3,0,12,458,1012692.7,201666,5.0216,0
0.4,0.3,0,12,452,1012699.1,201867,5.0167,0
0.4,0.3,0,12,210,1012732.7,204231,4.9588,0
0.4,0.3,0,12,447,1012739.8,201673,5.0217,0
0.4,0.3,0,12,454,1012744.9,201867,5.0169,0
0.4,0.3,0,12,397,1012752.8,201048,5.0374,0
0.4,0.3,0,12,460,1012759.3,201666,5.022,0
0.4,0.3,0,12,446,1012772.0,201482,5.0266,0
0.4,0.3,0,12,464,1012799.9,201656,5.0224,0
0.4,0.3,0,12,456,1012801.7,201666,5.0222,0
0.4,0.3,0,12,448,1012819.4,201482,5.0268,0
0.4,0.3,0,12,459,1012831.5,201455,5.0276,0
0.4,0.3,0,12,457,1012843.3,201666,5.0224,0
0.4,0.3,0,12,444,1012850.9,201482,5.027,0
0.4,0.3,0,12,445,1012892.2,201482,5.0272,0
0.4,0.3,0,12,453,1012910.1,201867,5.0177,0
0.4,0.3,0,12,450,1012913.8,201867,5.0177,0
0.4,0.3,0,12,455,1012920.1,201544,5.0258,0
0.4,0.3,0,12,395,1012927.8,201572,5.0251,0
0.4,0.3,0,12,465,1012929.2,201455,5.0281,0
0.4,0.3,0,12,313,1012930.4,201352,5.0306,0
0.4,0.3,0,12,394,1012998.5,201765,5.0207,0
0.4,0.3,0,12,467,1013016.0,201343,5.0313,0
0.4,0.3,0,12,393,1013021.2,201371,5.0306,0
0.4,0.3,0,12,442,1013038.9,201482,5.0279,0
0.4,0.3,0,12,209,1013051.3,204413,4.9559,0
0.4,0.3,0,12,352,1013052.2,200467,5.0535,0
0.4,0.3,0,12,466,1013070.8,201666,5.0235,0
0.4,0.3,0,12,353,1013087.1,200144,5.0618,0
0.4,0.3,0,12,470,1013143.9,201544,5.0269,0
0.4,0.3,0,12,468,1013162.4,201343,5.032,0
0.4,0.3,0,12,471,1013192.0,201867,5.0191,0
0.4,0.3,0,12,469,1013196.1,201544,5.0272,0
0.4,0.3,0,12,473,1013213.1,201867,5.0192,0
0.4,0.3,0,12,472,1013215.6,201544,5.0273,0
0.4,0.3,0,12,421,1013217.3,201239,5.0349,0
0.4,0.3,0,12,420,1013220.5,201562,5.0268,0
0.4,0.3,0,12,351,1013228.2,200501,5.0535,0
0.4,0.3,0,12,390,1013258.3,201345,5.0324,0
0.4,0.3,0,12,233,1013290.8,201492,5.0289,0
0.4,0.3,0,12,441,1013302.1,201682,5.0243,0
0.4,0.3,0,12,419,1013315.6,201562,5.0273,0
0.4,0.3,0,12,508,1013334.4,201845,5.0204,0
0.4,0.3,0,12,440,1013346.3,201471,5.0297,0
0.4,0.3,0,12,509,1013353.4,201845,5.0205,0
0.4,0.3,0,12,474,1013354.4,201867,5.0199,0
0.4,0.3,0,12,512,1013360.6,202043,5.0156,0
0.4,0.3,0,12,418,1013370.8,201562,5.0276,0
0.4,0.3,0,12,513,1013381.4,202043,5.0157,0
0.4,0.3,0,12,515,1013394.2,201845,5.0207,0
0.4,0.3,0,12,505,1013399.4,201845,5.0207,0
0.4,0.3,0,12,507,1013413.7,201845,5.0208,0
0.4,0.3,0,12,504,1013419.4,202043,5.0159,0
0.4,0.3,0,12,510,1013424.5,201845,5.0208,0
0.4,0.3,0,12,516,1013430.0,201845,5.0208,0
0.4,0.3,0,12,429,1013435.2,201083,5.0399,0
0.4,0.3,0,12,511,1013441.5,201845,5.0209,0
0.4,0.3,0,12,498,1013443.0,202043,5.016,0
0.4,0.3,0,12,501,1013449.5,201654,5.0257,0
0.4,0.3,0,12,437,1013761.7,201682,5.0265,0
0.4,0.3,0,12,438,1013832.5,201471,5.0322,0
0.4,0.3,0,12,439,1013489.3,201271,5.0354,0
0.4,0.3,0,12,430,1013487.5,201645,5.0261,0
0.4,0.3,0,12,431,1013530.8,201645,5.0263,0
0.4,0.3,0,12,401,1013755.6,201222,5.038,0
0.4,0.3,0,12,434,1013764.2,201682,5.0265,0
0.4,0.3,0,12,435,1013705.5,201682,5.0263,0
0.4,0.3,0,12,436,1013805.6,201682,5.0268,0
0.4,0.3,0,12,432,1013717.7,201645,5.0272,0
0.4,0.3,0,12,433,1013662.7,201451,5.0318,0
0.4,0.3,0,12,407,1014431.1,201509,5.0342,0
0.4,0.3,0,12,408,1014254.0,201509,5.0333,0
0.4,0.3,0,12,409,1014082.2,201070,5.0434,0
0.4,0.3,0,12,410,1014203.6,201186,5.0411,0
0.4,0.3,0,12,411,1014066.5,201270,5.0383,0
0.4,0.3,0,12,412,1015456.0,201444,5.0409,0
0.4,0.3,0,12,413,1014168.9,201509,5.0329,0
0.4,0.3,0,12,414,1015423.9,201683,5.0348,0
0.4,0.3,0,12,415,1015357.7,201683,5.0344,0
0.4,0.3,0,12,384,1015311.0,202272,5.0195,0
0.4,0.3,0,12,385,1015499.4,202091,5.025,0
0.4,0.3,0,12,475,1015019.5,202065,5.0232,0
0.4,0.3,0,12,476,1013628.1,201867,5.0213,0
0.4,0.3,0,12,477,1015205.2,202065,5.0242,0
0.4,0.3,0,12,478,1013816.4,201867,5.0222,0
0.4,0.3,0,12,479,1013881.5,201867,5.0225,0
0.4,0.3,0,12,482,1013868.4,201666,5.0275,0
0.4,0.3,0,12,483,1013816.7,201666,5.0272,0
0.4,0.3,0,12,484,1013772.5,201636,5.0277,0
0.4,0.3,0,12,389,1015294.2,201852,5.0299,0
0.4,0.3,0,12,391,1014864.4,201610,5.0338,0
0.4,0.3,0,12,392,1014894.0,202030,5.0235,0
0.4,0.3,0,12,368,1016626.3,201250,5.0516,0
0.4,0.3,0,12,369,1016375.3,201489,5.0443,0
0.4,0.3,0,12,402,1013780.0,201222,5.0381,0
0.4,0.3,0,12,403,1013532.4,201423,5.0319,0
0.4,0.3,0,12,373,1015516.5,201019,5.0518,0
0.4,0.3,0,12,374,1015381.0,201019,5.0512,0
0.4,0.3,0,12,375,1015788.0,201316,5.0457,0
0.4,0.3,0,12,376,1015898.9,201316,5.0463,0
0.4,0.3,0,12,377,1015800.8,201316,5.0458,0
0.4,0.3,0,12,378,1016119.9,202091,5.028,0
0.4,0.3,0,12,379,1015925.9,202091,5.0271,0
0.4,0.3,0,12,380,1016071.7,202091,5.0278,0
0.4,0.3,0,12,381,1015864.0,202091,5.0268,0
0.4,0.3,0,12,382,1015223.6,202091,5.0236,0
0.4,0.3,0,12,383,1015328.9,202272,5.0196,0
0.4,0.3,0,12,386,1015213.3,202091,5.0235,0
0.4,0.3,0,12,387,1015379.3,201852,5.0303,0
0.4,0.3,0,12,388,1015426.7,201610,5.0366,0
0.4,0.3,0,12,357,1015126.0,200623,5.0599,0
0.4,0.3,0,12,358,1014147.2,200326,5.0625,0
0.4,0.3,0,12,359,1014222.0,200557,5.057,0
0.4,0.3,0,12,360,1013955.7,201025,5.0439,0
0.4,0.3,0,12,361,1014128.2,201038,5.0445,0
0.4,0.3,0,12,362,1014235.9,200335,5.0627,0
0.4,0.3,0,12,363,1016029.7,201194,5.05,0
0.4,0.3,0,12,364,1016353.8,200755,5.0627,0
0.4,0.3,0,12,365,1016119.4,200952,5.0565,0
0.4,0.3,0,12,366,1016378.7,200994,5.0568,0
0.4,0.3,0,12,367,1016365.7,200997,5.0566,0
0.4,0.3,0,12,336,1015173.2,201173,5.0463,0
0.4,0.3,0,12,337,1015221.1,201173,5.0465,0
0.4,0.3,0,12,370,1015016.5,201019,5.0494,0
0.4,0.3,0,12,371,1015380.3,201019,5.0512,0
0.4,0.3,0,12,372,1015426.6,201019,5.0514,0
0.4,0.3,0,12,341,1015288.0,201250,5.0449,0
0.4,0.3,0,12,342,1015606.1,201208,5.0475,0
0.4,0.3,0,12,343,1015381.4,200818,5.0562,0
0.4,0.3,0,12,344,1015367.0,200818,5.0562,0
0.4,0.3,0,12,345,1015353.5,200818,5.0561,0
0.4,0.3,0,12,346,1014598.7,200202,5.0679,0
0.4,0.3,0,12,347,1014880.2,200202,5.0693,0
0.4,0.3,0,12,348,1014956.5,200619,5.0591,0
0.4,0.3,0,12,349,1015212.3,200862,5.0543,0
0.4,0.3,0,12,350,1014791.9,200557,5.0599,0
0.4,0.3,0,12,320,1014932.6,201080,5.0474,0
0.4,0.3,0,12,321,1015215.7,201489,5.0386,0
0.4,0.3,0,12,354,1014640.4,200326,5.0649,0
0.4,0.3,0,12,355,1015164.6,200623,5.0601,0
0.4,0.3,0,12,356,1014515.8,200055,5.0712,0
0.4,0.3,0,12,325,1015083.9,201805,5.03,0
0.4,0.3,0,12,326,1015152.8,201825,5.0299,0
0.4,0.3,0,12,327,1014813.8,201174,5.0445,0
0.4,0.3,0,12,328,1014913.6,201174,5.045,0
0.4,0.3,0,12,329,1015009.9,201572,5.0355,0
0.4,0.3,0,12,330,1014882.7,201406,5.039,0
0.4,0.3,0,12,331,1014830.5,201406,5.0387,0
0.4,0.3,0,12,332,1015356.8,201406,5.0413,0
0.4,0.3,0,12,333,1015226.1,201601,5.0358,0
0.4,0.3,0,12,334,1015031.2,201601,5.0349,0
0.4,0.3,0,12,335,1015144.0,201173,5.0461,0
0.4,0.3,0,12,304,1016835.7,201434,5.048,0
0.4,0.3,0,12,305,1016626.4,201635,5.0419,0
0.4,0.3,0,12,338,1015156.2,201118,5.0476,0
0.4,0.3,0,12,339,1015114.1,201128,5.0471,0
0.4,0.3,0,12,340,1015047.5,200878,5.0531,0
0.4,0.3,0,12,309,1014609.4,201624,5.0322,0
0.4,0.3,0,12,310,1017199.6,202153,5.0318,0
0.4,0.3,0,12,311,1014370.3,201266,5.0399,0
0.4,0.3,0,12,312,1015215.6,201583,5.0362,0
0.4,0.3,0,12,314,1014054.7,201463,5.0335,0
0.4,0.3,0,12,315,1014886.5,201984,5.0246,0
0.4,0.3,0,12,316,1015123.5,201978,5.0259,0
0.4,0.3,0,12,317,1014657.6,201495,5.0356,0
0.4,0.3,0,12,318,1015195.0,201289,5.0435,0
0.4,0.3,0,12,319,1015325.2,201319,5.0434,0
0.4,0.3,0,12,288,1017887.4,201422,5.0535,0
0.4,0.3,0,12,289,1018277.8,201594,5.0511,0
0.4,0.3,0,12,322,1015762.7,201290,5.0463,0
0.4,0.3,0,12,323,1015116.6,201332,5.042,0
0.4,0.3,0,12,324,1015524.0,201648,5.0361,0
0.4,0.3,0,12,293,1021722.7,202628,5.0424,0
0.4,0.3,0,12,294,1021080.6,202492,5.0426,0
0.4,0.3,0,12,295,1020675.3,203043,5.0269,0
0.4,0.3,0,12,296,1021325.0,202753,5.0373,0
0.4,0.3,0,12,297,1022831.1,202887,5.0414,0
0.4,0.3,0,12,298,1019566.6,202540,5.0339,0
0.4,0.3,0,12,299,1019073.9,202156,5.041,0
0.4,0.3,0,12,300,1017964.6,202123,5.0364,0
0.4,0.3,0,12,301,1017121.0,202123,5.0322,0
0.4,0.3,0,12,302,1016917.7,201917,5.0363,0
0.4,0.3,0,12,303,1017150.0,201435,5.0495,0
0.4,0.3,0,12,272,1020881.8,201649,5.0627,0
0.4,0.3,0,12,273,1020970.7,201860,5.0578,0
0.4,0.3,0,12,306,1016490.2,201593,5.0423,0
0.4,0.3,0,12,307,1015253.0,201688,5.0338,0
0.4,0.3,0,12,308,1014804.2,201397,5.0388,0
0.4,0.3,0,12,277,1022664.7,202269,5.056,0
0.4,0.3,0,12,278,1023822.5,202023,5.0679,0
0.4,0.3,0,12,279,1024321.9,202262,5.0643,0
0.4,0.3,0,12,280,1022523.9,201936,5.0636,0
0.4,0.3,0,12,281,1022035.1,201299,5.0772,0
0.4,0.3,0,12,282,1024176.0,202051,5.0689,0
0.4,0.3,0,12,283,1023838.1,202318,5.0605,0
0.4,0.3,0,12,284,1024128.2,202281,5.0629,0
0.4,0.3,0,12,285,1024923.3,202069,5.0721,0
0.4,0.3,0,12,286,1022989.4,201762,5.0703,0
0.4,0.3,0,12,287,1019774.3,202120,5.0454,0
0.4,0.3,0,12,256,1019884.9,201853,5.0526,0
0.4,0.3,0,12,257,1019467.2,201453,5.0606,0
0.4,0.3,0,12,290,1019107.4,201849,5.0489,0
0.4,0.3,0,12,291,1019068.3,202102,5.0423,0
0.4,0.3,0,12,292,1021804.5,202628,5.0428,0
0.4,0.3,0,12,261,1020081.5,202451,5.0387,0
0.4,0.3,0,12,262,1020336.6,202672,5.0344,0
0.4,0.3,0,12,263,1018595.3,202173,5.0382,0
0.4,0.3,0,12,264,1020060.9,202173,5.0455,0
0.4,0.3,0,12,265,1018088.7,201903,5.0425,0
0.4,0.3,0,12,266,1019362.2,202382,5.0368,0
0.4,0.3,0,12,267,1019685.2,202171,5.0437,0
0.4,0.3,0,12,268,1019621.8,201627,5.057,0
0.4,0.3,0,12,269,1020245.2,201424,5.0652,0
0.4,0.3,0,12,270,1021440.0,201742,5.0631,0
0.4,0.3,0,12,271,1023334.3,202310,5.0582,0
0.4,0.3,0,12,240,1019200.5,202984,5.0211,0
0.4,0.3,0,12,241,1019060.7,202677,5.028,0
0.4,0.3,0,12,274,1020769.3,201765,5.0592,0
0.4,0.3,0,12,275,1020530.2,201488,5.065,0
0.4,0.3,0,12,276,1022436.0,202223,5.056,0
0.4,0.3,0,12,245,1013545.8,201512,5.0297,0
0.4,0.3,0,12,246,1015709.5,201589,5.0385,0
0.4,0.3,0,12,247,1017011.9,202837,5.0139,0
0.4,0.3,0,12,248,1017408.3,202252,5.0304,0
0.4,0.3,0,12,249,1017894.4,201911,5.0413,0
0.4,0.3,0,12,250,1019364.3,202067,5.0447,0
0.4,0.3,0,12,251,1018356.5,201906,5.0437,0
0.4,0.3,0,12,252,1019961.2,202281,5.0423,0
0.4,0.3,0,12,253,1019620.9,202076,5.0457,0
0.4,0.3,0,12,254,1019469.4,202051,5.0456,0
0.4,0.3,0,12,255,1019477.2,201842,5.0509,0
0.4,0.3,0,12,258,1021069.9,201422,5.0693,0
0.4,0.3,0,12,259,1020495.3,201571,5.0627,0
0.4,0.3,0,12,260,1020587.1,202081,5.0504,0
0.4,0.3,0,12,485,1013736.8,201867,5.0218,0
0.4,0.3,0,12,486,1013799.9,201867,5.0221,0
0.4,0.3,0,12,487,1013789.1,201867,5.0221,0
0.4,0.3,0,12,488,1013854.7,201867,5.0224,0
0.4,0.3,0,12,489,1013751.9,201867,5.0219,0
0.4,0.3,0,12,490,1013762.0,201867,5.0219,0
0.4,0.3,0,12,491,1013837.2,201867,5.0223,0
0.4,0.3,0,12,492,1013865.8,202065,5.0175,0
0.4,0.3,0,12,493,1013911.0,202065,5.0177,0
0.4,0.3,0,12,494,1013925.0,202065,5.0178,0
0.4,0.3,0,12,495,1013960.4,202065,5.018,0
0.4,0.3,0,12,499,1013501.8,202043,5.0163,0
0.4,0.3,0,12,500,1013493.1,201845,5.0211,0
0.4,0.3,0,12,234,1015065.5,201890,5.0278,0
0.4,0.3,0,12,235,1014990.2,201338,5.0412,0
0.4,0.3,0,12,236,1014179.3,201560,5.0316,0
0.4,0.3,0,12,237,1013512.4,201521,5.0293,0
0.4,0.3,0,12,238,1018214.5,202803,5.0207,0
0.4,0.3,0,12,239,1018665.2,202710,5.0252,0
0.4,0.3,0,12,242,1014948.8,201138,5.046,0
0.4,0.3,0,12,243,1014994.5,201364,5.0406,0
0.4,0.3,0,12,244,1015903.2,201123,5.0512,0
0.4,0.3,0,12,502,1013488.5,202043,5.0162,0
0.4,0.3,0,12,503,1013457.7,201852,5.0208,0
0.4,0.3,0,12,506,1013473.1,201845,5.021,0
0.4,0.3,0,12,480,1015329.1,202065,5.0248,0
0.4,0.3,0,12,481,1013973.7,201867,5.023,0
0.4,0.3,0,12,514,1013453.8,202043,5.016,0
0.4,0.3,0,12,517,1013500.7,201651,5.026,0
0.4,0.3,0,12,518,1013536.1,201450,5.0312,0
0.4,0.3,0,12,519,1013568.5,201450,5.0314,0
0.4,0.3,0,12,520,1013561.3,201450,5.0313,0
0.4,0.3,0,12,521,1013612.9,201450,5.0316,0
0.4,0.3,0,12,522,1013592.2,201450,5.0315,0
0.4,0.3,0,12,523,1013589.3,201450,5.0315,0
0.4,0.3,0,12,524,1013615.0,201450,5.0316,0
0.4,0.3,0,12,525,1013638.1,201450,5.0317,0
0.4,0.3,0,12,526,1013715.5,201684,5.0263,0
0.4,0.3,0,12,527,1013667.7,201684,5.026,0
0.4,0.3,0,12,496,1013454.3,202043,5.016,0
0.4,0.3,0,12,497,1013482.1,202043,5.0162,0
0.4,0.3,0,12,530,1013764.5,201684,5.0265,0
0.4,0.3,0,12,531,1013762.4,201684,5.0265,0
0.4,0.3,0,12,532,1013774.2,201684,5.0265,0
0.4,0.3,0,12,211,1013945.9,204420,4.9601,0
0.4,0.3,0,12,533,1013766.3,201684,5.0265,0
0.4,0.3,0,12,534,1013745.3,201684,5.0264,0
0.4,0.3,0,12,535,1013749.4,201684,5.0264,0
0.4,0.3,0,12,536,1013881.0,201684,5.0271,0
0.4,0.3,0,12,537,1013935.9,201684,5.0273,0
0.4,0.3,0,12,538,1014083.3,201684,5.0281,0
0.4,0.3,0,12,539,1014149.0,201684,5.0284,0
0.4,0.3,0,12,540,1014231.7,201684,5.0288,0
0.4,0.3,0,12,541,1014257.7,201878,5.0241,0
0.4,0.3,0,12,542,1014318.3,201878,5.0244,0
0.4,0.3,0,12,543,1014284.9,201878,5.0242,0
0.4,0.3,0,12,546,1014230.6,201684,5.0288,0
0.4,0.3,0,12,547,1014313.8,201684,5.0292,0
0.4,0.3,0,12,548,1014368.0,201684,5.0295,0
0.4,0.3,0,12,549,1014441.5,201684,5.0299,0
0.4,0.3,0,12,550,1014453.9,201684,5.0299,0
0.4,0.3,0,12,551,1014465.1,201684,5.03,0
0.4,0.3,0,12,552,1014529.4,201878,5.0255,0
0.4,0.3,0,12,553,1014564.0,201878,5.0256,0
0.4,0.3,0,12,554,1014514.4,201878,5.0254,0
0.4,0.3,0,12,555,1014552.8,201878,5.0256,0
0.4,0.3,0,12,556,1014583.8,201878,5.0257,0
0.4,0.3,0,12,557,1014617.9,201684,5.0307,0
0.4,0.3,0,12,558,1014686.3,201684,5.0311,0
0.4,0.3,0,12,559,1014741.7,201684,5.0313,0
0.4,0.3,0,12,528,1013647.2,201684,5.0259,0
0.4,0.3,0,12,529,1013657.4,201684,5.026,0
0.4,0.3,0,12,576,1014973.6,201899,5.0271,0
0.4,0.3,0,12,560,1014761.5,201684,5.0314,0
0.4,0.3,0,12,561,1014789.7,201684,5.0316,0
0.4,0.3,0,12,562,1014837.3,201684,5.0318,0
0.4,0.3,0,12,563,1014806.0,201684,5.0317,0
0.4,0.3,0,12,564,1014852.8,201684,5.0319,0
0.4,0.3,0,12,565,1014841.2,201684,5.0318,0
0.4,0.3,0,12,566,1014934.0,201684,5.0323,0
0.4,0.3,0,12,567,1014973.7,201899,5.0271,0
0.4,0.3,0,12,568,1015022.3,201899,5.0274,0
0.4,0.3,0,12,544,1014265.9,201878,5.0242,0
0.4,0.3,0,12,545,1014290.1,201878,5.0243,0
0.4,0.3,0,12,569,1014970.1,201899,5.0271,0
0.4,0.3,0,12,570,1015044.1,201899,5.0275,0
0.4,0.3,0,12,571,1015039.9,201899,5.0275,0
0.4,0.3,0,12,572,1014998.6,201899,5.0273,0
0.4,0.3,0,12,573,1014995.8,201899,5.0272,0
0.4,0.3,0,12,574,1014949.3,201899,5.027,0
0.4,0.3,0,12,575,1014944.1,201899,5.027,0
0.4,0.4,0,6,537,1005114.9,237719,4.2282,0
0.4,0.4,0,6,536,1005115.3,237719,4.2282,0
0.4,0.4,0,6,544,1005116.2,237719,4.2282,0
0.4,0.4,0,6,538,1005116.2,237719,4.2282,0
0.4,0.4,0,6,513,1005117.4,237719,4.2282,0
0.4,0.4,0,6,479,1005117.7,237719,4.2282,0
0.4,0.4,0,6,543,1005117.7,237719,4.2282,0
0.4,0.4,0,6,355,1005117.9,237922,4.2246,0
0.4,0.4,0,6,519,1005118.0,237719,4.2282,0
0.4,0.4,0,6,569,1005118.1,237719,4.2282,0
0.4,0.4,0,6,562,1005118.4,237719,4.2282,0
0.4,0.4,0,6,554,1005118.4,237719,4.2282,0
0.4,0.4,0,6,556,1005118.5,237719,4.2282,0
0.4,0.4,0,6,565,1005118.8,237719,4.2282,0
0.4,0.4,0,6,546,1005119.2,237719,4.2282,0
0.4,0.4,0,6,572,1005119.7,237719,4.2282,0
0.4,0.4,0,6,545,1005119.9,237719,4.2282,0
0.4,0.4,0,6,555,1005119.9,237719,4.2282,0
0.4,0.4,0,6,568,1005120.2,237719,4.2282,0
0.4,0.4,0,6,549,1005121.1,237719,4.2282,0
0.4,0.4,0,6,557,1005121.7,237719,4.2282,0
0.4,0.4,0,6,567,1005122.1,237719,4.2282,0
0.4,0.4,0,6,535,1005122.6,237719,4.2282,0
0.4,0.4,0,6,507,1005122.9,237719,4.2282,0
0.4,0.4,0,6,558,1005123.2,237719,4.2282,0
0.4,0.4,0,6,566,1005123.4,237719,4.2282,0
0.4,0.4,0,6,551,1005124.1,237719,4.2282,0
0.4,0.4,0,6,503,1005124.2,237719,4.2282,0
0.4,0.4,0,6,357,1005124.3,237922,4.2246,0
0.4,0.4,0,6,516,1005124.4,237719,4.2282,0
0.4,0.4,0,6,480,1005124.5,237719,4.2282,0
0.4,0.4,0,6,550,1005125.1,237719,4.2282,0
0.4,0.4,0,6,559,1005125.4,237719,4.2282,0
0.4,0.4,0,6,548,1005125.8,237719,4.2282,0
0.4,0.4,0,6,547,1005126.4,237719,4.2282,0
0.4,0.4,0,6,561,1005126.4,237719,4.2282,0
0.4,0.4,0,6,505,1005127.4,237719,4.2282,0
0.4,0.4,0,6,552,1005127.5,237719,4.2282,0
0.4,0.4,0,6,560,1005127.9,237719,4.2282,0
0.4,0.4,0,6,506,1005128.4,237719,4.2282,0
0.4,0.4,0,6,574,1005128.6,237719,4.2282,0
0.4,0.4,0,6,514,1005129.2,237719,4.2282,0
0.4,0.4,0,6,343,1005129.7,237922,4.2246,0
0.4,0.4,0,6,517,1005130.5,237719,4.2282,0
0.4,0.4,0,6,575,1005130.7,237719,4.2282,0
0.4,0.4,0,6,504,1005131.7,237719,4.2282,0
0.4,0.4,0,6,361,1005132.7,237650,4.2295,0
0.4,0.4,0,6,363,1005133.4,237650,4.2295,0
0.4,0.4,0,9,206,1005133.6,229798,4.374,0
0.4,0.4,0,6,573,1005133.8,237719,4.2282,0
0.4,0.4,0,6,358,1005133.9,237922,4.2246,0
0.4,0.4,0,6,515,1005135.0,237719,4.2282,0
0.4,0.4,0,6,576,1005135.4,237719,4.2283,0
0.4,0.4,0,6,502,1005135.5,237719,4.2283,0
0.4,0.4,0,6,356,1005137.2,237922,4.2247,0
0.4,0.4,0,6,500,1005138.1,237719,4.2283,0
0.4,0.4,0,6,499,1005138.7,237719,4.2283,0
0.4,0.4,0,6,518,1005140.5,237719,4.2283,0
0.4,0.4,0,6,489,1005141.4,237719,4.2283,0
0.4,0.4,0,6,339,1005143.0,237922,4.2247,0
0.4,0.4,0,6,492,1005143.0,237719,4.2283,0
0.4,0.4,0,6,344,1005143.8,237922,4.2247,0
0.4,0.4,0,6,493,1005146.2,237719,4.2283,0
0.4,0.4,0,6,491,1005146.2,237719,4.2283,0
0.4,0.4,0,6,498,1005146.9,237719,4.2283,0
0.4,0.4,0,6,496,1005149.3,237719,4.2283,0
0.4,0.4,0,6,490,1005149.6,237719,4.2283,0
0.4,0.4,0,6,481,1005149.7,237719,4.2283,0
0.4,0.4,0,6,347,1005151.1,237922,4.2247,0
0.4,0.4,0,6,494,1005152.1,237719,4.2283,0
0.4,0.4,0,6,482,1005153.3,237719,4.2283,0
0.4,0.4,0,6,373,1005154.9,237719,4.2283,0
0.4,0.4,0,6,483,1005155.2,237719,4.2283,0
0.4,0.4,0,6,360,1005157.5,237650,4.2296,0
0.4,0.4,0,6,495,1005163.6,237719,4.2284,0
0.4,0.4,0,6,293,1005164.9,237333,4.2353,0
0.4,0.4,0,6,485,1005166.8,237719,4.2284,0
0.4,0.4,0,6,484,1005169.9,237719,4.2284,0
0.4,0.4,0,6,340,1005173.2,237650,4.2296,0
0.4,0.4,0,6,345,1005174.3,237922,4.2248,0
0.4,0.4,0,6,497,1005174.8,237719,4.2284,0
0.4,0.4,0,6,488,1005175.9,237719,4.2284,0
0.4,0.4,0,6,359,1005176.3,237922,4.2248,0
0.4,0.4,0,6,336,1005178.5,237922,4.2248,0
0.4,0.4,0,6,362,1005180.6,237650,4.2297,0
0.4,0.4,0,6,342,1005182.9,237922,4.2248,0
0.4,0.4,0,6,486,1005183.6,237719,4.2285,0
0.4,0.4,0,6,365,1005183.7,237719,4.2285,0
0.4,0.4,0,6,346,1005185.3,237922,4.2249,0
0.4,0.4,0,6,487,1005186.3,237719,4.2285,0
0.4,0.4,0,6,337,1005186.7,237922,4.2249,0
0.4,0.4,0,6,372,1005188.9,237719,4.2285,0
0.4,0.4,0,6,341,1005190.4,237650,4.2297,0
0.4,0.4,0,6,354,1005194.7,237922,4.2249,0
0.4,0.4,0,6,366,1005218.5,237719,4.2286,0
0.4,0.4,0,6,370,1005218.8,237719,4.2286,0
0.4,0.4,0,6,364,1005219.2,237922,4.225,0
0.4,0.4,0,6,348,1005223.4,237922,4.225,0
0.4,0.4,0,6,367,1005224.1,237719,4.2286,0
0.4,0.4,0,6,234,1005225.5,237140,4.239,0
0.4,0.4,0,6,294,1005232.0,237525,4.2321,0
0.4,0.4,0,6,297,1005234.0,237333,4.2355,0
0.4,0.4,0,6,353,1005239.5,237922,4.2251,0
0.4,0.4,0,6,368,1005241.7,237719,4.2287,0
0.4,0.4,0,6,371,1005247.7,237719,4.2287,0
0.4,0.4,0,6,238,1005261.7,237227,4.2376,0
0.4,0.4,0,6,236,1005264.1,237205,4.238,0
0.4,0.4,0,6,352,1005265.0,237922,4.2252,0
0.4,0.4,0,6,338,1005266.8,237922,4.2252,0
0.4,0.4,0,6,280,1005267.7,237655,4.2299,0
0.4,0.4,0,6,369,1005269.9,237719,4.2288,0
0.4,0.4,0,6,351,1005270.3,237922,4.2252,0
0.4,0.4,0,6,295,1005273.8,237333,4.2357,0
0.4,0.4,0,6,349,1005273.9,237922,4.2252,0
0.4,0.4,0,9,207,1005281.0,229787,4.3748,0
0.4,0.4,0,6,233,1005311.7,237140,4.2393,0
0.4,0.4,0,9,227,1005323.2,229948,4.372,0
0.4,0.4,0,6,296,1005337.9,237333,4.236,0
0.4,0.4,0,6,350,1005368.2,237922,4.2256,0
0.4,0.4,0,6,282,1005384.9,237631,4.2309,0
0.4,0.4,0,9,205,1005438.7,229533,4.3804,0
0.4,0.4,0,9,203,1005461.5,229998,4.3716,0
0.4,0.4,0,9,211,1005487.2,229177,4.3874,0
0.4,0.4,0,9,208,1005883.9,229386,4.3851,0
0.4,0.4,0,9,209,1007198.0,228946,4.3993,0
0.4,0.4,0,9,217,1006290.3,230348,4.3686,0
0.4,0.4,0,9,220,1006036.2,230234,4.3696,0
0.4,0.4,0,9,221,1006910.8,230839,4.362,0
0.4,0.4,0,9,222,1006106.8,230762,4.3599,0
0.4,0.4,0,9,223,1005535.5,230738,4.3579,0
0.4,0.4,0,9,224,1007116.3,230829,4.363,0
0.4,0.4,0,9,225,1005861.7,230980,4.3548,0
0.4,0.4,0,9,197,1006889.7,230126,4.3754,0
0.4,0.4,0,9,198,1006941.1,229454,4.3884,0
0.4,0.4,0,9,199,1005953.4,229797,4.3776,0
0.4,0.4,0,9,200,1006426.3,229618,4.383,0
0.4,0.4,0,9,233,1009733.7,230903,4.373,0
0.4,0.4,0,9,234,1009680.3,230964,4.3716,0
0.4,0.4,0,9,546,1015158.3,231077,4.3932,0
0.4,0.4,0,9,547,1015168.8,231077,4.3932,0
0.4,0.4,0,9,575,1015605.7,231077,4.3951,0
0.4,0.4,0,9,576,1015629.4,231077,4.3952,0
0.4,0.4,0,9,548,1015178.4,231077,4.3932,0
0.4,0.4,0,9,549,1015180.9,231077,4.3933,0
0.4,0.4,0,7,234,1005836.3,233857,4.3011,0
0.4,0.4,0,7,235,1006305.2,233857,4.3031,0
0.4,0.4,0,7,236,1006477.9,233738,4.306,0
0.4,0.4,0,7,237,1006420.2,233466,4.3108,0
0.4,0.4,0,9,550,1015169.5,231077,4.3932,0
0.4,0.4,0,9,551,1015161.6,231077,4.3932,0
0.4,0.4,0,9,552,1015150.5,231077,4.3931,0
0.4,0.4,0,9,436,1013691.2,230920,4.3898,0
0.4,0.4,0,9,437,1014136.6,231157,4.3872,0
0.4,0.4,0,9,438,1013725.0,230920,4.3899,0
0.4,0.4,0,9,439,1013712.9,230920,4.3899,0
0.4,0.4,0,9,424,1013574.9,230683,4.3938,0
0.4,0.4,0,9,457,1013796.8,230909,4.3905,0
0.4,0.4,0,9,458,1013748.9,230909,4.3903,0
0.4,0.4,0,9,459,1013701.0,231157,4.3853,0
0.4,0.4,0,9,460,1013818.4,231157,4.3858,0
0.4,0.4,0,9,461,1013864.9,231157,4.386,0
0.4,0.4,0,9,462,1013896.7,231157,4.3862,0
0.4,0.4,0,9,463,1013896.5,231157,4.3862,0
0.4,0.4,0,9,464,1014006.3,231157,4.3867,0
0.4,0.4,0,9,465,1014046.9,231157,4.3868,0
0.4,0.4,0,9,434,1013636.9,230920,4.3896,0
0.4,0.4,0,9,435,1013687.2,230920,4.3898,0
0.4,0.4,0,9,440,1013593.4,230920,4.3894,0
0.4,0.4,0,9,473,1014291.4,231157,4.3879,0
0.4,0.4,0,9,474,1014321.9,231157,4.388,0
0.4,0.4,0,9,475,1014407.7,231157,4.3884,0
0.4,0.4,0,9,476,1014440.7,231157,4.3885,0
0.4,0.4,0,9,477,1014519.1,231157,4.3889,0
0.4,0.4,0,9,478,1014550.4,231157,4.389,0
0.4,0.4,0,9,479,1014562.0,231157,4.3891,0
0.4,0.4,0,9,480,1014564.8,231157,4.3891,0
0.4,0.4,0,9,481,1014627.2,231157,4.3893,0
0.4,0.4,0,9,422,1013676.7,230672,4.3945,0
0.4,0.4,0,9,423,1013696.1,230672,4.3945,0
0.4,0.4,0,9,408,1013521.6,230702,4.3932,0
0.4,0.4,0,9,441,1013537.9,230920,4.3891,0
0.4,0.4,0,9,442,1013374.5,230672,4.3931,0
0.4,0.4,0,9,443,1013358.2,230672,4.3931,0
0.4,0.4,0,9,444,1013912.4,230909,4.391,0
0.4,0.4,0,9,445,1013906.3,230909,4.3909,0
0.4,0.4,0,9,446,1013829.0,230909,4.3906,0
0.4,0.4,0,9,447,1013826.3,230909,4.3906,0
0.4,0.4,0,9,448,1013900.2,230909,4.3909,0
0.4,0.4,0,9,449,1013711.1,230909,4.3901,0
0.4,0.4,0,9,418,1013067.0,230446,4.3961,0
0.4,0.4,0,9,419,1013127.3,230446,4.3964,0
0.4,0.4,0,9,420,1013061.6,230446,4.3961,0
0.4,0.4,0,9,421,1013075.3,230446,4.3962,0
0.4,0.4,0,9,450,1013801.3,230909,4.3905,0
0.4,0.4,0,9,451,1013091.0,230683,4.3917,0
0.4,0.4,0,9,452,1013137.7,230683,4.3919,0
0.4,0.4,0,9,453,1013789.5,230909,4.3904,0
0.4,0.4,0,9,454,1013725.4,230909,4.3902,0
0.4,0.4,0,9,455,1013793.9,230909,4.3904,0
0.4,0.4,0,9,456,1013728.3,230909,4.3902,0
0.4,0.4,0,9,489,1014610.9,231157,4.3893,0
0.4,0.4,0,9,490,1014640.3,231157,4.3894,0
0.4,0.4,0,9,491,1014677.2,231157,4.3896,0
0.4,0.4,0,9,492,1014693.7,231157,4.3896,0
0.4,0.4,0,9,493,1014695.9,231157,4.3896,0
0.4,0.4,0,9,494,1014649.0,231157,4.3894,0
0.4,0.4,0,9,495,1014706.4,231157,4.3897,0
0.4,0.4,0,9,496,1014709.1,231157,4.3897,0
0.4,0.4,0,9,497,1014698.2,231157,4.3896,0
0.4,0.4,0,9,402,1013245.3,230446,4.3969,0
0.4,0.4,0,9,403,1013192.4,230446,4.3967,0
0.4,0.4,0,9,404,1013179.2,230446,4.3966,0
0.4,0.4,0,9,405,1013294.2,230446,4.3971,0
0.4,0.4,0,9,406,1013719.3,230702,4.3941,0
0.4,0.4,0,9,407,1013610.4,230702,4.3936,0
0.4,0.4,0,9,392,1013243.2,230446,4.3969,0
0.4,0.4,0,9,425,1013656.9,230683,4.3942,0
0.4,0.4,0,9,426,1013564.6,230683,4.3938,0
0.4,0.4,0,9,427,1014154.6,230909,4.392,0
0.4,0.4,0,9,428,1014145.8,230909,4.392,0
0.4,0.4,0,9,429,1014148.5,230909,4.392,0
0.4,0.4,0,9,430,1014219.9,230909,4.3923,0
0.4,0.4,0,9,431,1013625.3,230672,4.3942,0
0.4,0.4,0,9,432,1013648.4,230672,4.3943,0
0.4,0.4,0,9,433,1013702.9,230920,4.3898,0
0.4,0.4,0,9,466,1014129.9,231157,4.3872,0
0.4,0.4,0,9,467,1014090.1,231157,4.387,0
0.4,0.4,0,9,468,1014145.3,231157,4.3873,0
0.4,0.4,0,9,469,1014189.6,231157,4.3874,0
0.4,0.4,0,9,470,1014213.6,231157,4.3876,0
0.4,0.4,0,9,471,1014200.1,231157,4.3875,0
0.4,0.4,0,9,472,1014248.2,231157,4.3877,0
0.4,0.4,0,9,505,1014651.4,231077,4.391,0
0.4,0.4,0,9,506,1014640.6,231077,4.3909,0
0.4,0.4,0,9,507,1014656.6,231077,4.391,0
0.4,0.4,0,9,508,1014614.3,231077,4.3908,0
0.4,0.4,0,9,509,1014608.6,231077,4.3908,0
0.4,0.4,0,9,510,1014621.8,231077,4.3908,0
0.4,0.4,0,9,511,1014620.5,231077,4.3908,0
0.4,0.4,0,9,512,1014558.5,231077,4.3906,0
0.4,0.4,0,9,513,1014597.5,231077,4.3907,0
0.4,0.4,0,9,482,1014597.8,231157,4.3892,0
0.4,0.4,0,9,483,1014597.2,231157,4.3892,0
0.4,0.4,0,9,484,1014576.9,231157,4.3891,0
0.4,0.4,0,9,485,1014580.4,231157,4.3891,0
0.4,0.4,0,9,486,1014566.5,231157,4.3891,0
0.4,0.4,0,9,487,1014538.9,231157,4.389,0
0.4,0.4,0,9,488,1014607.1,231157,4.3893,0
0.4,0.4,0,9,521,1014694.7,231077,4.3912,0
0.4,0.4,0,9,522,1014748.6,231077,4.3914,0
0.4,0.4,0,9,523,1014769.7,231077,4.3915,0
0.4,0.4,0,9,524,1014773.7,231077,4.3915,0
0.4,0.4,0,9,525,1014751.4,231077,4.3914,0
0.4,0.4,0,9,526,1014781.8,231077,4.3915,0
0.4,0.4,0,9,527,1014781.8,231077,4.3915,0
0.4,0.4,0,9,528,1014772.3,231077,4.3915,0
0.4,0.4,0,9,529,1014743.0,231077,4.3914,0
0.4,0.4,0,9,386,1014517.0,230976,4.3923,0
0.4,0.4,0,9,387,1014566.0,230976,4.3925,0
0.4,0.4,0,9,388,1013291.9,230633,4.3935,0
0.4,0.4,0,9,389,1013228.4,230633,4.3932,0
0.4,0.4,0,9,390,1013145.6,230633,4.3929,0
0.4,0.4,0,9,391,1013201.9,230366,4.3982,0
0.4,0.4,0,9,375,1014516.6,231213,4.3878,0
0.4,0.4,0,9,376,1014604.1,231213,4.3882,0
0.4,0.4,0,9,409,1013552.0,230702,4.3933,0
0.4,0.4,0,9,410,1013514.7,230702,4.3932,0
0.4,0.4,0,9,411,1013544.9,230702,4.3933,0
0.4,0.4,0,9,412,1013508.6,230702,4.3932,0
0.4,0.4,0,9,413,1013536.4,230702,4.3933,0
0.4,0.4,0,9,414,1013491.9,230702,4.3931,0
0.4,0.4,0,9,415,1013456.9,230702,4.3929,0
0.4,0.4,0,9,416,1013461.6,230702,4.3929,0
0.4,0.4,0,9,417,1013365.9,230702,4.3925,0
0.4,0.4,0,9,360,1012874.2,231062,4.3836,0
0.4,0.4,0,9,393,1013264.7,230446,4.397,0
0.4,0.4,0,9,394,1013192.9,230446,4.3967,0
0.4,0.4,0,9,395,1013150.3,230446,4.3965,0
0.4,0.4,0,9,396,1013134.3,230446,4.3964,0
0.4,0.4,0,9,397,1013268.7,230446,4.397,0
0.4,0.4,0,9,398,1013177.5,230446,4.3966,0
0.4,0.4,0,9,399,1013134.1,230446,4.3964,0
0.4,0.4,0,9,400,1013250.5,230446,4.3969,0
0.4,0.4,0,9,401,1013236.2,230446,4.3968,0
0.4,0.4,0,9,370,1013400.1,230870,4.3895,0
0.4,0.4,0,9,371,1013523.3,230870,4.39,0
0.4,0.4,0,9,372,1013385.1,230870,4.3894,0
0.4,0.4,0,9,373,1013369.3,230870,4.3894,0
0.4,0.4,0,9,374,1013382.5,230870,4.3894,0
0.4,0.4,0,9,498,1014733.5,231157,4.3898,0
0.4,0.4,0,9,499,1014783.7,231157,4.39,0
0.4,0.4,0,9,500,1014792.0,231157,4.3901,0
0.4,0.4,0,9,501,1014771.2,231157,4.39,0
0.4,0.4,0,9,502,1014712.1,231077,4.3912,0
0.4,0.4,0,9,503,1014691.8,231077,4.3911,0
0.4,0.4,0,9,504,1014678.0,231077,4.3911,0
0.4,0.4,0,9,537,1014937.7,231077,4.3922,0
0.4,0.4,0,9,538,1014999.5,231077,4.3925,0
0.4,0.4,0,9,539,1015012.4,231077,4.3925,0
0.4,0.4,0,9,540,1015058.9,231077,4.3927,0
0.4,0.4,0,9,541,1015095.8,231077,4.3929,0
0.4,0.4,0,9,542,1015173.8,231077,4.3932,0
0.4,0.4,0,9,543,1015146.9,231077,4.3931,0
0.4,0.4,0,9,544,1015167.1,231077,4.3932,0
0.4,0.4,0,9,545,1015156.2,231077,4.3932,0
0.4,0.4,0,9,357,1012496.8,230806,4.3868,0
0.4,0.4,0,9,358,1012868.7,231062,4.3835,0
0.4,0.4,0,9,359,1012561.7,230806,4.3871,0
0.4,0.4,0,9,344,1012347.7,231066,4.3812,0
0.4,0.4,0,9,377,1014760.4,231293,4.3873,0
0.4,0.4,0,9,378,1014856.7,231293,4.3878,0
0.4,0.4,0,9,379,1014929.5,231293,4.3881,0
0.4,0.4,0,9,380,1014999.7,231293,4.3884,0
0.4,0.4,0,9,381,1014840.7,231213,4.3892,0
0.4,0.4,0,9,382,1014534.1,230976,4.3924,0
0.4,0.4,0,9,383,1014550.2,230976,4.3924,0
0.4,0.4,0,9,384,1014464.9,230976,4.3921,0
0.4,0.4,0,9,385,1014533.0,230976,4.3924,0
0.4,0.4,0,9,354,1012325.2,231066,4.3811,0
0.4,0.4,0,9,355,1012333.9,231066,4.3811,0
0.4,0.4,0,9,356,1012365.7,231066,4.3813,0
0.4,0.4,0,9,328,1011677.1,230385,4.3912,0
0.4,0.4,0,9,361,1012984.0,231062,4.384,0
0.4,0.4,0,9,362,1013120.6,231329,4.3796,0
0.4,0.4,0,9,363,1013163.1,231329,4.3797,0
0.4,0.4,0,9,364,1012880.8,231092,4.383,0
0.4,0.4,0,9,365,1012838.1,231092,4.3828,0
0.4,0.4,0,9,366,1013054.9,231092,4.3838,0
0.4,0.4,0,9,367,1013237.2,231172,4.383,0
0.4,0.4,0,9,368,1013235.9,230889,4.3884,0
0.4,0.4,0,9,369,1012955.5,230633,4.3921,0
0.4,0.4,0,9,338,1012308.9,230806,4.386,0
0.4,0.4,0,9,339,1012172.3,230806,4.3854,0
0.4,0.4,0,9,340,1012212.6,230806,4.3856,0
0.4,0.4,0,9,341,1012289.8,231047,4.3813,0
0.4,0.4,0,9,342,1012218.7,231047,4.381,0
0.4,0.4,0,9,343,1012225.6,231275,4.3767,0
0.4,0.4,0,9,514,1014654.0,231077,4.391,0
0.4,0.4,0,9,515,1014626.1,231077,4.3909,0
0.4,0.4,0,9,516,1014628.8,231077,4.3909,0
0.4,0.4,0,9,517,1014649.8,231077,4.391,0
0.4,0.4,0,9,518,1014708.7,231077,4.3912,0
0.4,0.4,0,9,519,1014687.2,231077,4.3911,0
0.4,0.4,0,9,520,1014696.0,231077,4.3912,0
0.4,0.4,0,9,553,1015158.9,231077,4.3932,0
0.4,0.4,0,9,554,1015172.3,231077,4.3932,0
0.4,0.4,0,9,555,1015186.9,231077,4.3933,0
0.4,0.4,0,9,556,1015183.7,231077,4.3933,0
0.4,0.4,0,9,557,1015225.7,231077,4.3935,0
0.4,0.4,0,9,558,1015275.0,231077,4.3937,0
0.4,0.4,0,9,559,1015301.0,231077,4.3938,0
0.4,0.4,0,9,560,1015347.6,231077,4.394,0
0.4,0.4,0,9,561,1015381.4,231077,4.3941,0
0.4,0.4,0,9,325,1011860.9,230366,4.3924,0
0.4,0.4,0,9,326,1011749.5,230385,4.3916,0
0.4,0.4,0,9,327,1011650.9,230385,4.3911,0
0.4,0.4,0,6,271,1005868.0,237936,4.2275,0
0.4,0.4,0,9,309,1012915.4,230170,4.4007,0
0.4,0.4,0,9,310,1012638.8,230170,4.3995,0
0.4,0.4,0,9,311,1011251.8,229827,4.4001,0
0.4,0.4,0,9,312,1013097.6,230391,4.3973,0
0.4,0.4,0,9,345,1012322.5,231066,4.3811,0
0.4,0.4,0,9,346,1012443.7,231066,4.3816,0
0.4,0.4,0,9,347,1012320.7,231066,4.3811,0
0.4,0.4,0,9,348,1012429.5,231092,4.3811,0
0.4,0.4,0,9,349,1012443.0,231066,4.3816,0
0.4,0.4,0,9,350,1012464.2,231066,4.3817,0
0.4,0.4,0,9,351,1012374.2,231047,4.3817,0
0.4,0.4,0,9,352,1012340.6,231066,4.3812,0
0.4,0.4,0,9,353,1012455.1,231333,4.3766,0
0.4,0.4,0,9,322,1012332.7,230227,4.3971,0
0.4,0.4,0,9,323,1012369.4,230227,4.3973,0
0.4,0.4,0,9,324,1012149.1,230366,4.3937,0
0.4,0.4,0,9,296,1014177.9,230366,4.4025,0
0.4,0.4,0,9,329,1012015.8,230622,4.3882,0
0.4,0.4,0,9,330,1012330.4,230622,4.3896,0
0.4,0.4,0,9,331,1013378.7,230965,4.3876,0
0.4,0.4,0,9,332,1011773.1,230588,4.3878,0
0.4,0.4,0,9,333,1011766.8,230569,4.3881,0
0.4,0.4,0,9,334,1013039.9,230912,4.3871,0
0.4,0.4,0,9,335,1011792.8,230588,4.3879,0
0.4,0.4,0,9,336,1011721.5,230588,4.3876,0
0.4,0.4,0,9,337,1011712.1,230588,4.3875,0
0.4,0.4,0,9,306,1012393.2,230406,4.394,0
0.4,0.4,0,9,307,1012709.6,230406,4.3953,0
0.4,0.4,0,9,308,1012889.6,230170,4.4006,0
0.4,0.4,0,9,314,1013036.3,230170,4.4013,0
0.4,0.4,0,9,315,1013669.8,230709,4.3937,0
0.4,0.4,0,9,316,1013708.8,230468,4.3985,0
0.4,0.4,0,9,317,1012512.7,230366,4.3952,0
0.4,0.4,0,9,318,1012857.0,230603,4.3922,0
0.4,0.4,0,9,319,1012591.9,230382,4.3953,0
0.4,0.4,0,9,320,1012323.9,230006,4.4013,0
0.4,0.4,0,9,321,1012623.7,230227,4.3984,0
0.4,0.4,0,9,290,1014123.9,230827,4.3934,0
0.4,0.4,0,9,291,1013897.4,230827,4.3925,0
0.4,0.4,0,9,292,1014272.9,230366,4.4029,0
0.4,0.4,0,9,293,1014209.8,230366,4.4026,0
0.4,0.4,0,9,294,1014225.3,230366,4.4027,0
0.4,0.4,0,9,295,1014150.8,230366,4.4023,0
0.4,0.4,0,9,301,1013022.6,230742,4.3903,0
0.4,0.4,0,9,302,1013077.5,230742,4.3905,0
0.4,0.4,0,9,303,1012410.6,229984,4.4021,0
0.4,0.4,0,9,304,1012228.8,230170,4.3977,0
0.4,0.4,0,9,305,1012464.3,230488,4.3927,0
0.4,0.4,0,9,274,1010031.5,230614,4.3797,0
0.4,0.4,0,9,275,1009739.1,230855,4.3739,0
0.4,0.4,0,9,276,1009635.1,230855,4.3735,0
0.4,0.4,0,9,277,1011580.9,231007,4.379,0
0.4,0.4,0,9,278,1010997.4,231109,4.3745,0
0.4,0.4,0,9,279,1011565.1,230851,4.3819,0
0.4,0.4,0,9,280,1008966.9,230001,4.3868,0
0.4,0.4,0,9,313,1013247.7,230391,4.3979,0
0.4,0.4,0,9,285,1012881.8,230827,4.3881,0
0.4,0.4,0,9,286,1013374.8,230827,4.3902,0
0.4,0.4,0,9,287,1013662.4,231203,4.3843,0
0.4,0.4,0,9,288,1013980.3,230827,4.3928,0
0.4,0.4,0,9,289,1012724.4,230484,4.3939,0
0.4,0.4,0,9,258,1011418.9,231459,4.3698,0
0.4,0.4,0,9,259,1011192.3,231264,4.3725,0
0.4,0.4,0,9,260,1011014.1,231485,4.3675,0
0.4,0.4,0,9,261,1010333.9,231456,4.3651,0
0.4,0.4,0,9,262,1011188.6,231496,4.3681,0
0.4,0.4,0,9,263,1010311.2,231036,4.373,0
0.4,0.4,0,9,264,1010562.3,231267,4.3697,0
0.4,0.4,0,9,297,1014080.9,230366,4.402,0
0.4,0.4,0,9,298,1013494.4,230729,4.3926,0
0.4,0.4,0,9,299,1013241.2,230488,4.3961,0
0.4,0.4,0,9,300,1012919.2,230488,4.3947,0
0.4,0.4,0,9,270,1009843.4,230449,4.3821,0
0.4,0.4,0,9,271,1010022.4,230640,4.3792,0
0.4,0.4,0,9,272,1010088.9,230855,4.3754,0
0.4,0.4,0,9,273,1010071.6,230855,4.3754,0
0.4,0.4,0,9,242,1009804.9,231340,4.365,0
0.4,0.4,0,9,243,1009430.8,231830,4.3542,0
0.4,0.4,0,9,244,1010945.1,232154,4.3546,0
0.4,0.4,0,9,245,1011231.6,232206,4.3549,0
0.4,0.4,0,9,246,1011682.0,232474,4.3518,0
0.4,0.4,0,9,247,1012143.9,232447,4.3543,0
0.4,0.4,0,9,248,1010559.4,231752,4.3605,0
0.4,0.4,0,9,281,1010440.3,230776,4.3784,0
0.4,0.4,0,9,282,1012879.8,231058,4.3837,0
0.4,0.4,0,9,283,1012643.5,231058,4.3826,0
0.4,0.4,0,9,284,1012692.0,230594,4.3917,0
0.4,0.4,0,9,254,1010123.9,231689,4.3598,0
0.4,0.4,0,9,255,1010278.2,231724,4.3598,0
0.4,0.4,0,9,256,1010609.6,231503,4.3654,0
0.4,0.4,0,9,257,1011616.3,230950,4.3802,0
0.4,0.4,0,9,226,1006200.7,230306,4.369,0
0.4,0.4,0,9,228,1006641.7,230086,4.3751,0
0.4,0.4,0,9,229,1007631.3,230022,4.3806,0
0.4,0.4,0,9,230,1009650.2,230871,4.3732,0
0.4,0.4,0,9,231,1009648.5,231156,4.3678,0
0.4,0.4,0,9,232,1010491.0,231230,4.3701,0
0.4,0.4,0,9,265,1009537.4,231186,4.3668,0
0.4,0.4,0,9,266,1010060.8,231177,4.3692,0
0.4,0.4,0,9,267,1010415.6,231495,4.3647,0
0.4,0.4,0,9,268,1009685.0,230570,4.3791,0
0.4,0.4,0,9,269,1010055.3,230500,4.382,0
0.4,0.4,0,9,235,1009871.3,231910,4.3546,0
0.4,0.4,0,9,236,1009766.4,231673,4.3586,0
0.4,0.4,0,9,237,1009892.5,230700,4.3775,0
0.4,0.4,0,9,238,1009639.7,230908,4.3725,0
0.4,0.4,0,9,239,1009804.9,230746,4.3763,0
0.4,0.4,0,9,240,1009529.8,230840,4.3733,0
0.4,0.4,0,9,241,1009941.2,231107,4.37,0
0.4,0.4,0,9,210,1007642.0,229680,4.3872,0
0.4,0.4,0,9,212,1008134.6,230317,4.3772,0
0.4,0.4,0,9,214,1007872.3,230292,4.3765,0
0.4,0.4,0,9,249,1010537.3,231396,4.3671,0
0.4,0.4,0,9,250,1009907.1,231130,4.3694,0
0.4,0.4,0,9,251,1010347.7,231428,4.3657,0
0.4,0.4,0,9,252,1010174.6,231371,4.366,0
0.4,0.4,0,9,253,1009898.1,231689,4.3589,0
0.4,0.4,0,9,530,1014764.3,231077,4.3915,0
0.4,0.4,0,9,531,1014731.3,231077,4.3913,0
0.4,0.4,0,9,532,1014766.2,231077,4.3915,0
0.4,0.4,0,9,533,1014800.5,231077,4.3916,0
0.4,0.4,0,9,534,1014817.6,231077,4.3917,0
0.4,0.4,0,9,535,1014833.8,231077,4.3918,0
0.4,0.4,0,9,536,1014864.2,231077,4.3919,0
0.4,0.4,0,9,566,1015532.2,231077,4.3948,0
0.4,0.4,0,9,567,1015513.7,231077,4.3947,0
0.4,0.4,0,9,568,1015554.3,231077,4.3949,0
0.4,0.4,0,9,569,1015549.1,231077,4.3949,0
0.4,0.4,0,9,570,1015570.4,231077,4.3949,0
0.4,0.4,0,9,571,1015582.0,231077,4.395,0
0.4,0.4,0,9,572,1015577.7,231077,4.395,0
0.4,0.4,0,9,573,1015627.5,231077,4.3952,0
0.4,0.4,0,9,574,1015619.8,231077,4.3952,0
0.4,0.4,0,9,564,1015436.8,231077,4.3944,0
0.4,0.4,0,9,565,1015475.2,231077,4.3945,0
0.4,0.4,0,9,562,1015374.8,231077,4.3941,0
0.4,0.4,0,9,563,1015346.2,231077,4.394,0
0.4,0.4,0,9,202,1007041.8,230340,4.372,0
0.4,0.4,0,9,201,1007068.0,229454,4.389,0
0.4,0.4,0,9,193,1006170.1,230481,4.3655,0
0.4,0.4,0,9,191,1005490.7,230353,4.365,0
0.4,0.4,0,9,190,1006153.6,229860,4.3772,0
0.4,0.4,0,7,244,1006137.1,234169,4.2966,0
0.5,0.0,0,1,541,743206.1,92425,8.0412,0
0.5,0.0,0,1,549,743209.5,92425,8.0412,0
0.5,0.0,0,1,573,743210.1,92425,8.0412,0
0.5,0.0,0,1,575,743210.9,92425,8.0412,0
0.5,0.0,0,1,572,743213.3,92425,8.0413,0
0.5,0.0,0,1,561,743213.7,92425,8.0413,0
0.5,0.0,0,1,574,743214.9,92425,8.0413,0
0.5,0.0,0,1,576,743225.4,92425,8.0414,0
0.5,0.0,0,1,556,743227.0,92425,8.0414,0
0.5,0.0,0,1,568,743227.7,92425,8.0414,0
0.5,0.0,0,1,569,743229.0,92425,8.0414,0
0.5,0.0,0,1,564,743231.6,92425,8.0415,0
0.5,0.0,0,1,562,743238.5,92425,8.0415,0
0.5,0.0,0,1,558,743239.3,92425,8.0415,0
0.5,0.0,0,1,571,743241.1,92425,8.0416,0
0.5,0.0,0,1,557,743241.6,92425,8.0416,0
0.5,0.0,0,1,559,743244.6,92425,8.0416,0
0.5,0.0,0,1,570,743244.9,92425,8.0416,0
0.5,0.0,0,1,567,743250.0,92425,8.0417,0
0.5,0.0,0,1,563,743250.4,92425,8.0417,0
0.5,0.0,0,1,560,743252.8,92425,8.0417,0
0.5,0.0,0,1,565,743259.8,92425,8.0418,0
0.5,0.0,0,1,566,743275.1,92425,8.0419,0
0.5,0.0,0,0,100,743898.5,94038,7.9106,0
0.5,0.0,0,0,101,746325.3,94101,7.9311,0
0.5,0.0,0,0,102,747359.7,94118,7.9407,0
0.5,0.0,0,0,103,748910.0,94056,7.9624,0
0.5,0.0,0,0,104,752016.9,94415,7.965,0
0.5,0.0,0,0,105,754414.4,94343,7.9965,0
0.5,0.0,0,0,106,755571.8,94125,8.0273,0
0.5,0.0,0,0,107,757536.6,94388,8.0258,0
0.5,0.0,0,0,108,758245.7,94292,8.0415,0
0.5,0.0,0,0,109,760173.0,94475,8.0463,0
0.5,0.0,0,0,111,760900.7,94318,8.0674,0
0.5,0.0,0,0,110,761435.1,94315,8.0733,0
0.5,0.0,0,0,112,763948.0,94562,8.0788,0
0.5,0.0,0,0,113,765686.8,94495,8.1029,0
0.5,0.0,0,0,114,767270.6,94300,8.1365,0
0.5,0.0,0,0,116,769569.8,94108,8.1775,0
0.5,0.0,0,0,115,770165.4,94439,8.1552,0
0.5,0.0,0,0,117,771571.6,94257,8.1858,0
0.5,0.0,0,0,118,773735.8,94386,8.1976,0
0.5,0.0,0,0,119,774687.2,94242,8.2202,0
0.5,0.0,0,0,120,774818.1,94242,8.2216,0
0.5,0.0,0,0,121,776959.3,94397,8.2308,0
0.5,0.0,0,0,122,778646.4,94275,8.2593,0
0.5,0.0,0,0,123,779068.4,94220,8.2686,0
0.5,0.0,0,0,124,780162.7,94386,8.2657,0
0.5,0.0,0,0,125,781775.6,94428,8.2791,0
0.5,0.0,0,0,126,782900.3,94305,8.3018,0
0.5,0.0,0,0,127,784771.8,94428,8.3108,0
0.5,0.0,0,0,128,785789.8,94292,8.3336,0
0.5,0.0,0,0,129,786076.8,94153,8.3489,0
0.5,0.0,0,0,130,787261.7,94395,8.3401,0
0.5,0.0,0,0,131,787497.2,94418,8.3405,0
0.5,0.0,0,0,179,819699.3,95221,8.6084,0
0.5,0.0,0,0,178,818729.5,95215,8.5987,0
0.5,0.0,0,0,145,801296.7,95009,8.4339,0
0.5,0.0,0,0,176,818113.8,95281,8.5863,0
0.5,0.0,0,0,143,799769.4,94938,8.4241,0
0.5,0.0,0,0,142,799057.0,94985,8.4125,0
0.5,0.0,0,0,141,797462.5,94929,8.4006,0
0.5,0.0,0,0,138,795019.8,94768,8.3891,0
0.5,0.0,0,0,169,815533.2,95511,8.5386,0
0.5,0.0,0,0,168,814886.9,95521,8.531,0
0.5,0.0,0,0,167,814925.5,95606,8.5238,0
0.5,0.0,0,0,166,814037.7,95468,8.5268,0
0.5,0.0,0,0,165,814487.7,95642,8.516,0
0.5,0.0,0,0,164,813521.7,95489,8.5195,0
0.5,0.0,0,0,195,827366.5,95498,8.6637,0
0.5,0.0,0,0,194,826790.5,95583,8.65,0
0.5,0.0,0,0,161,812202.7,95392,8.5144,0
0.5,0.0,0,0,192,826225.5,95664,8.6367,0
0.5,0.0,0,0,159,811066.1,95240,8.516,0
0.5,0.0,0,0,158,810720.2,95240,8.5124,0
0.5,0.0,0,0,157,809932.0,95357,8.4937,0
0.5,0.0,0,0,154,808567.2,95194,8.4939,0
0.5,0.0,0,0,185,822374.5,95503,8.611,0
0.5,0.0,0,0,184,822212.0,95511,8.6086,0
0.5,0.0,0,0,183,821608.3,95659,8.5889,0
0.5,0.0,0,0,182,821897.2,95314,8.623,0
0.5,0.0,0,0,181,820645.4,95386,8.6034,0
0.5,0.0,0,0,180,819604.8,95167,8.6123,0
0.5,0.0,0,0,211,832771.3,95323,8.7363,0
0.5,0.0,0,0,210,832340.1,95336,8.7306,0
0.5,0.0,0,0,177,818462.5,95238,8.5939,0
0.5,0.0,0,0,208,831367.8,95370,8.7173,0
0.5,0.0,0,0,175,817513.9,95299,8.5784,0
0.5,0.0,0,0,174,817870.7,95462,8.5675,0
0.5,0.0,0,0,173,817086.4,95425,8.5626,0
0.5,0.0,0,0,140,796825.2,94848,8.4011,0
0.5,0.0,0,0,139,796258.1,94872,8.393,0
0.5,0.0,0,0,170,816192.1,95511,8.5455,0
0.5,0.0,0,0,201,829858.3,95662,8.6749,0
0.5,0.0,0,0,200,829316.0,95630,8.6721,0
0.5,0.0,0,0,199,828783.2,95514,8.6771,0
0.5,0.0,0,0,198,828324.8,95486,8.6748,0
0.5,0.0,0,0,197,828379.2,95559,8.6688,0
0.5,0.0,0,0,196,828060.7,95449,8.6754,0
0.5,0.0,0,0,227,836203.9,95630,8.7442,0
0.5,0.0,0,0,226,836072.2,95567,8.7485,0
0.5,0.0,0,0,193,826341.4,95664,8.638,0
0.5,0.0,0,0,224,835853.4,95545,8.7483,0
0.5,0.0,0,0,191,826069.8,95712,8.6308,0
0.5,0.0,0,0,190,825111.2,95812,8.6118,0
0.5,0.0,0,0,189,825248.3,95717,8.6218,0
0.5,0.0,0,0,156,808642.0,95155,8.4982,0
0.5,0.0,0,0,155,809076.6,95326,8.4875,0
0.5,0.0,0,0,186,822566.4,95582,8.6059,0
0.5,0.0,0,0,217,833868.1,95516,8.7301,0
0.5,0.0,0,0,216,833746.0,95471,8.733,0
0.5,0.0,0,0,215,833664.4,95395,8.7391,0
0.5,0.0,0,0,214,833556.9,95395,8.738,0
0.5,0.0,0,0,213,832968.2,95418,8.7297,0
0.5,0.0,0,0,212,832978.7,95395,8.7319,0
0.5,0.0,0,0,243,840187.1,95936,8.7578,0
0.5,0.0,0,0,242,839838.2,95876,8.7596,0
0.5,0.0,0,0,209,831539.0,95294,8.726,0
0.5,0.0,0,0,240,839620.9,95798,8.7645,0
0.5,0.0,0,0,207,831091.4,95442,8.7078,0
0.5,0.0,0,0,206,830878.4,95506,8.6998,0
0.5,0.0,0,0,205,830620.5,95484,8.6991,0
0.5,0.0,0,0,172,816913.3,95370,8.5657,0
0.5,0.0,0,0,171,816461.8,95507,8.5487,0
0.5,0.0,0,0,202,830082.3,95408,8.7003,0
0.5,0.0,0,0,233,838134.2,95603,8.7668,0
0.5,0.0,0,0,232,837985.3,95644,8.7615,0
0.5,0.0,0,0,231,837541.0,95532,8.7671,0
0.5,0.0,0,0,230,837353.4,95532,8.7652,0
0.5,0.0,0,0,229,837070.8,95532,8.7622,0
0.5,0.0,0,0,228,836629.0,95532,8.7576,0
0.5,0.0,0,0,259,842743.5,95738,8.8026,0
0.5,0.0,0,0,258,842492.9,95738,8.8,0
0.5,0.0,0,0,225,835684.3,95545,8.7465,0
0.5,0.0,0,0,256,841760.1,95798,8.7868,0
0.5,0.0,0,0,223,835734.3,95474,8.7535,0
0.5,0.0,0,0,222,835779.4,95474,8.754,0
0.5,0.0,0,0,221,835539.0,95474,8.7515,0
0.5,0.0,0,0,188,824146.0,95627,8.6183,0
0.5,0.0,0,0,187,823269.7,95669,8.6054,0
0.5,0.0,0,0,218,834118.1,95516,8.7328,0
0.5,0.0,0,0,249,840768.3,95753,8.7806,0
0.5,0.0,0,0,248,840904.1,95753,8.782,0
0.5,0.0,0,0,247,840878.4,95731,8.7838,0
0.5,0.0,0,0,246,840666.8,95809,8.7744,0
0.5,0.0,0,0,245,840604.4,95876,8.7676,0
0.5,0.0,0,0,244,840525.3,95831,8.7709,0
0.5,0.0,0,0,275,844796.1,95651,8.8321,0
0.5,0.0,0,0,274,844443.5,95539,8.8387,0
0.5,0.0,0,0,241,839572.8,95858,8.7585,0
0.5,0.0,0,0,272,844429.2,95651,8.8282,0
0.5,0.0,0,0,239,839441.7,95798,8.7626,0
0.5,0.0,0,0,238,839403.9,95798,8.7622,0
0.5,0.0,0,0,237,839002.0,95603,8.7759,0
0.5,0.0,0,0,204,829900.6,95452,8.6944,0
0.5,0.0,0,0,203,829514.6,95479,8.6879,0
0.5,0.0,0,0,234,838291.0,95644,8.7647,0
0.5,0.0,0,0,265,842591.1,95669,8.8074,0
0.5,0.0,0,0,264,842915.1,95738,8.8044,0
0.5,0.0,0,0,263,842891.2,95738,8.8041,0
0.5,0.0,0,0,262,842817.8,95738,8.8034,0
0.5,0.0,0,0,261,842581.4,95738,8.8009,0
0.5,0.0,0,0,260,842692.4,95738,8.8021,0
0.5,0.0,0,0,291,847504.4,95550,8.8697,0
0.5,0.0,0,0,290,847852.5,95479,8.88,0
0.5,0.0,0,0,257,842149.0,95738,8.7964,0
0.5,0.0,0,0,288,847452.3,95539,8.8702,0
0.5,0.0,0,0,255,841364.8,95798,8.7827,0
0.5,0.0,0,0,254,841127.7,95798,8.7802,0
0.5,0.0,0,0,253,841496.2,95738,8.7896,0
0.5,0.0,0,0,220,835217.4,95516,8.7443,0
0.5,0.0,0,0,219,834669.2,95516,8.7385,0
0.5,0.0,0,0,250,841249.3,95753,8.7856,0
0.5,0.0,0,0,281,846352.4,95539,8.8587,0
0.5,0.0,0,0,280,845658.2,95539,8.8514,0
0.5,0.0,0,0,279,845593.2,95539,8.8508,0
0.5,0.0,0,0,278,845489.0,95539,8.8497,0
0.5,0.0,0,0,277,845393.9,95539,8.8487,0
0.5,0.0,0,0,276,845106.4,95651,8.8353,0
0.5,0.0,0,0,307,848669.8,95610,8.8764,0
0.5,0.0,0,0,306,848565.6,95610,8.8753,0
0.5,0.0,0,0,273,844440.7,95651,8.8284,0
0.5,0.0,0,0,304,848732.4,95610,8.877,0
0.5,0.0,0,0,271,844083.0,95539,8.835,0
0.5,0.0,0,0,270,844030.9,95591,8.8296,0
0.5,0.0,0,0,269,843730.0,95669,8.8193,0
0.5,0.0,0,0,236,839036.1,95742,8.7635,0
0.5,0.0,0,0,235,838460.1,95644,8.7665,0
0.5,0.0,0,0,266,842989.5,95669,8.8115,0
0.5,0.0,0,0,297,848044.4,95416,8.8879,0
0.5,0.0,0,0,296,848386.9,95550,8.879,0
0.5,0.0,0,0,295,847935.1,95487,8.8801,0
0.5,0.0,0,0,294,848025.1,95550,8.8752,0
0.5,0.0,0,0,293,848340.7,95550,8.8785,0
0.5,0.0,0,0,292,848339.5,95550,8.8785,0
0.5,0.0,0,0,318,848816.9,95562,8.8824,0
0.5,0.0,0,0,317,848875.9,95633,8.8764,0
0.5,0.0,0,0,284,847002.7,95539,8.8655,0
0.5,0.0,0,0,283,846697.9,95539,8.8623,0
0.5,0.0,0,0,287,847380.9,95479,8.8751,0
0.5,0.0,0,0,286,847383.9,95539,8.8695,0
0.5,0.0,0,0,285,847091.5,95479,8.872,0
0.5,0.0,0,0,252,841426.1,95809,8.7823,0
0.5,0.0,0,0,251,841228.2,95731,8.7874,0
0.5,0.0,0,0,282,846342.4,95651,8.8482,0
0.5,0.0,0,0,313,848459.3,95595,8.8756,0
0.5,0.0,0,0,312,848382.3,95550,8.8789,0
0.5,0.0,0,0,311,848318.5,95610,8.8727,0
0.5,0.0,0,0,310,848398.4,95610,8.8735,0
0.5,0.0,0,0,309,848475.8,95610,8.8743,0
0.5,0.0,0,0,308,848655.1,95610,8.8762,0
0.5,0.0,0,0,303,848707.5,95610,8.8768,0
0.5,0.0,0,0,302,848504.9,95547,8.8805,0
0.5,0.0,0,0,301,848074.0,95547,8.876,0
0.5,0.0,0,0,268,843381.5,95669,8.8156,0
0.5,0.0,0,0,267,843331.6,95669,8.8151,0
0.5,0.0,0,0,298,847887.4,95416,8.8862,0
0.5,0.0,0,0,321,848965.4,95562,8.8839,0
0.5,0.0,0,0,316,848740.7,95550,8.8827,0
0.5,0.0,0,0,315,848887.9,95633,8.8765,0
0.5,0.0,0,0,323,849006.9,95607,8.8802,0
0.5,0.0,0,0,289,847407.1,95479,8.8753,0
0.5,0.0,0,0,319,848900.4,95562,8.8832,0
0.5,0.0,0,0,163,813241.0,95357,8.5284,0
0.5,0.0,0,0,162,812166.6,95383,8.5148,0
0.5,0.0,0,0,160,811493.5,95485,8.4986,0
0.5,0.0,0,0,153,807937.6,95028,8.5021,0
0.5,0.0,0,0,152,807009.4,95043,8.491,0
0.5,0.0,0,0,151,806898.9,95136,8.4815,0
0.5,0.0,0,0,150,805739.1,95049,8.4771,0
0.5,0.0,0,0,149,804067.3,94834,8.4787,0
0.5,0.0,0,0,148,804150.0,95190,8.4478,0
0.5,0.0,0,0,314,848669.8,95633,8.8742,0
0.5,0.0,0,0,305,848725.0,95610,8.8769,0
0.5,0.0,0,0,300,847779.8,95547,8.8729,0
0.5,0.0,0,0,299,848001.6,95539,8.876,0
0.5,0.0,0,0,147,803590.4,95151,8.4454,0
0.5,0.0,0,0,146,802543.1,95083,8.4404,0
0.5,0.0,0,0,144,800403.6,95003,8.425,0
0.5,0.0,0,0,137,794087.9,94728,8.3828,0
0.5,0.0,0,0,136,792827.8,94525,8.3875,0
0.5,0.0,0,0,135,791840.9,94483,8.3808,0
0.5,0.0,0,0,134,790671.0,94547,8.3627,0
0.5,0.0,0,0,133,790734.3,94708,8.3492,0
0.5,0.0,0,0,132,789097.7,94562,8.3448,0
0.5,0.0,0,0,330,849206.7,95633,8.8799,0
0.5,0.0,0,0,333,849496.1,95633,8.8829,0
0.5,0.0,0,0,334,849515.4,95633,8.8831,0
0.5,0.0,0,0,335,849644.6,95633,8.8844,0
0.5,0.0,0,0,336,849644.4,95633,8.8844,0
0.5,0.0,0,0,338,849788.7,95633,8.8859,0
0.5,0.0,0,0,339,849651.1,95633,8.8845,0
0.5,0.0,0,0,340,849745.0,95633,8.8855,0
0.5,0.0,0,0,341,849816.9,95633,8.8862,0
0.5,0.0,0,0,342,849676.5,95633,8.8848,0
0.5,0.0,0,0,343,849668.7,95633,8.8847,0
0.5,0.0,0,0,344,849720.6,95633,8.8852,0
0.5,0.0,0,0,345,849658.8,95633,8.8846,0
0.5,0.0,0,0,320,849034.8,95562,8.8846,0
0.5,0.0,0,0,322,849029.6,95562,8.8846,0
0.5,0.0,0,0,324,849031.4,95562,8.8846,0
0.5,0.0,0,0,325,849189.3,95562,8.8863,0
0.5,0.0,0,0,326,849168.4,95633,8.8794,0
0.5,0.0,0,0,327,849197.8,95607,8.8822,0
0.5,0.0,0,0,328,849084.5,95633,8.8786,0
0.5,0.0,0,0,329,849185.5,95633,8.8796,0
0.5,0.0,0,0,346,849811.9,95633,8.8862,0
0.5,0.0,0,0,349,849870.4,95633,8.8868,0
0.5,0.0,0,0,350,849994.7,95633,8.8881,0
0.5,0.0,0,0,351,849925.3,95633,8.8874,0
0.5,0.0,0,0,352,849957.6,95633,8.8877,0
0.5,0.0,0,0,354,849972.8,95633,8.8879,0
0.5,0.0,0,0,355,850056.6,95633,8.8887,0
0.5,0.0,0,0,356,849938.8,95633,8.8875,0
0.5,0.0,0,0,357,849977.7,95633,8.8879,0
0.5,0.0,0,0,358,849906.2,95633,8.8872,0
0.5,0.0,0,0,359,849877.2,95633,8.8869,0
0.5,0.0,0,0,360,849839.2,95633,8.8865,0
0.5,0.0,0,0,361,849815.1,95633,8.8862,0
0.5,0.0,0,0,362,849755.4,95633,8.8856,0
0.5,0.0,0,0,331,849434.0,95633,8.8822,0
0.5,0.0,0,0,332,849394.3,95633,8.8818,0
0.5,0.0,0,0,365,850076.1,95633,8.8889,0
0.5,0.0,0,0,366,850141.0,95633,8.8896,0
0.5,0.0,0,0,367,850140.3,95633,8.8896,0
0.5,0.0,0,0,368,850214.5,95633,8.8904,0
0.5,0.0,0,0,337,849550.8,95633,8.8834,0
0.5,0.0,0,0,370,850303.8,95633,8.8913,0
0.5,0.0,0,0,371,850288.8,95633,8.8912,0
0.5,0.0,0,0,372,850446.1,95633,8.8928,0
0.5,0.0,0,0,373,850629.8,95633,8.8947,0
0.5,0.0,0,0,374,850700.1,95633,8.8955,0
0.5,0.0,0,0,375,850838.2,95633,8.8969,0
0.5,0.0,0,0,376,850885.0,95633,8.8974,0
0.5,0.0,0,0,377,850896.4,95633,8.8975,0
0.5,0.0,0,0,378,850989.8,95633,8.8985,0
0.5,0.0,0,0,347,849821.4,95633,8.8863,0
0.5,0.0,0,0,348,849861.1,95633,8.8867,0
0.5,0.0,0,0,381,851037.9,95633,8.899,0
0.5,0.0,0,0,382,851007.8,95633,8.8987,0
0.5,0.0,0,0,383,851040.6,95633,8.899,0
0.5,0.0,0,0,384,851103.8,95633,8.8997,0
0.5,0.0,0,0,353,849972.7,95633,8.8879,0
0.5,0.0,0,0,386,851130.2,95633,8.9,0
0.5,0.0,0,0,387,851205.9,95633,8.9008,0
0.5,0.0,0,0,388,851225.1,95633,8.901,0
0.5,0.0,0,0,389,851279.2,95633,8.9015,0
0.5,0.0,0,0,390,851254.9,95633,8.9013,0
0.5,0.0,0,0,391,851322.5,95633,8.902,0
0.5,0.0,0,0,392,851301.3,95633,8.9018,0
0.5,0.0,0,0,393,851358.7,95633,8.9024,0
0.5,0.0,0,0,394,851446.4,95633,8.9033,0
0.5,0.0,0,0,363,849932.5,95633,8.8874,0
0.5,0.0,0,0,364,850078.7,95633,8.889,0
0.5,0.0,0,0,397,851360.6,95633,8.9024,0
0.5,0.0,0,0,398,851421.9,95633,8.903,0
0.5,0.0,0,0,399,851404.0,95633,8.9028,0
0.5,0.0,0,0,400,851392.7,95633,8.9027,0
0.5,0.0,0,0,369,850178.9,95633,8.89,0
0.5,0.0,0,0,402,851239.4,95633,8.9011,0
0.5,0.0,0,0,403,851224.2,95633,8.9009,0
0.5,0.0,0,0,404,851258.3,95633,8.9013,0
0.5,0.0,0,0,405,851365.9,95633,8.9024,0
0.5,0.0,0,0,406,851274.0,95633,8.9015,0
0.5,0.0,0,0,407,851353.5,95633,8.9023,0
0.5,0.0,0,0,408,851373.8,95633,8.9025,0
0.5,0.0,0,0,409,851333.5,95633,8.9021,0
0.5,0.0,0,0,410,851292.3,95633,8.9017,0
0.5,0.0,0,0,379,850989.7,95633,8.8985,0
0.5,0.0,0,0,380,851046.0,95633,8.8991,0
0.5,0.0,0,0,413,851278.3,95633,8.9015,0
0.5,0.0,0,0,414,851303.9,95633,8.9018,0
0.5,0.0,0,0,415,851203.7,95633,8.9007,0
0.5,0.0,0,0,416,851269.7,95633,8.9014,0
0.5,0.0,0,0,385,851125.8,95633,8.8999,0
0.5,0.0,0,0,418,851251.2,95633,8.9012,0
0.5,0.0,0,0,419,851241.8,95633,8.9011,0
0.5,0.0,0,0,420,851317.2,95633,8.9019,0
0.5,0.0,0,0,421,851340.4,95633,8.9022,0
0.5,0.0,0,0,422,851356.7,95633,8.9023,0
0.5,0.0,0,0,423,851357.8,95633,8.9023,0
0.5,0.0,0,0,424,851369.2,95633,8.9025,0
0.5,0.0,0,0,425,851326.7,95633,8.902,0
0.5,0.0,0,0,426,851285.7,95633,8.9016,0
0.5,0.0,0,0,395,851400.8,95633,8.9028,0
0.5,0.0,0,0,396,851420.2,95633,8.903,0
0.5,0.0,0,0,429,851285.3,95633,8.9016,0
0.5,0.0,0,0,430,851333.9,95633,8.9021,0
0.5,0.0,0,0,431,851412.4,95633,8.9029,0
0.5,0.0,0,0,432,851439.3,95633,8.9032,0
0.5,0.0,0,0,401,851374.0,95633,8.9025,0
0.5,0.0,0,0,434,851460.0,95633,8.9034,0
0.5,0.0,0,0,435,851442.1,95633,8.9032,0
0.5,0.0,0,0,436,851422.2,95633,8.903,0
0.5,0.0,0,0,437,851442.3,95633,8.9032,0
0.5,0.0,0,0,438,851433.3,95633,8.9031,0
0.5,0.0,0,0,439,851418.1,95633,8.903,0
0.5,0.0,0,0,440,851469.5,95633,8.9035,0
0.5,0.0,0,0,441,851450.9,95633,8.9033,0
0.5,0.0,0,0,442,851446.1,95633,8.9033,0
0.5,0.0,0,0,411,851229.4,95633,8.901,0
0.5,0.0,0,0,412,851254.5,95633,8.9013,0
0.5,0.0,0,0,445,851465.9,95633,8.9035,0
0.5,0.0,0,0,446,851435.5,95633,8.9032,0
0.5,0.0,0,0,447,851444.2,95633,8.9032,0
0.5,0.0,0,0,448,851487.1,95633,8.9037,0
0.5,0.0,0,0,417,851256.9,95633,8.9013,0
0.5,0.0,0,0,450,851521.6,95633,8.9041,0
0.5,0.0,0,0,451,851511.3,95633,8.9039,0
0.5,0.0,0,0,452,851504.8,95633,8.9039,0
0.5,0.0,0,0,453,851557.2,95633,8.9044,0
0.5,0.0,0,0,454,851550.6,95633,8.9044,0
0.5,0.0,0,0,455,851624.8,95633,8.9051,0
0.5,0.0,0,0,456,851658.5,95633,8.9055,0
0.5,0.0,0,0,457,851657.1,95633,8.9055,0
0.5,0.0,0,0,458,851652.0,95633,8.9054,0
0.5,0.0,0,0,427,851292.7,95633,8.9017,0
0.5,0.0,0,0,428,851236.6,95633,8.9011,0
0.5,0.0,0,0,461,851701.0,95633,8.9059,0
0.5,0.0,0,0,462,851769.1,95633,8.9066,0
0.5,0.0,0,0,463,852143.7,95694,8.9049,0
0.5,0.0,0,0,464,852170.4,95694,8.9052,0
0.5,0.0,0,0,433,851420.3,95633,8.903,0
0.5,0.0,0,0,466,852288.6,95694,8.9064,0
0.5,0.0,0,0,467,852317.7,95694,8.9067,0
0.5,0.0,0,0,468,852411.2,95694,8.9077,0
0.5,0.0,0,0,469,852402.3,95694,8.9076,0
0.5,0.0,0,0,470,852374.8,95694,8.9073,0
0.5,0.0,0,0,471,852364.3,95694,8.9072,0
0.5,0.0,0,0,472,852404.2,95694,8.9076,0
0.5,0.0,0,0,473,852442.7,95694,8.908,0
0.5,0.0,0,0,474,852440.6,95694,8.908,0
0.5,0.0,0,0,443,851451.5,95633,8.9033,0
0.5,0.0,0,0,444,851457.6,95633,8.9034,0
0.5,0.0,0,0,477,852300.3,95633,8.9122,0
0.5,0.0,0,0,478,852572.3,95694,8.9094,0
0.5,0.0,0,0,479,852573.9,95694,8.9094,0
0.5,0.0,0,0,480,852584.3,95694,8.9095,0
0.5,0.0,0,0,449,851502.7,95633,8.9039,0
0.5,0.0,0,0,482,852593.4,95694,8.9096,0
0.5,0.0,0,0,483,852587.1,95694,8.9095,0
0.5,0.0,0,0,484,852606.8,95694,8.9097,0
0.5,0.0,0,0,485,852651.0,95694,8.9102,0
0.5,0.0,0,0,486,852685.5,95694,8.9105,0
0.5,0.0,0,0,487,852615.7,95694,8.9098,0
0.5,0.0,0,0,488,852646.5,95694,8.9101,0
0.5,0.0,0,0,489,852616.4,95694,8.9098,0
0.5,0.0,0,0,490,852653.4,95694,8.9102,0
0.5,0.0,0,0,459,851717.7,95633,8.9061,0
0.5,0.0,0,0,460,851753.6,95633,8.9065,0
0.5,0.0,0,0,493,852596.4,95694,8.9096,0
0.5,0.0,0,0,494,852591.7,95694,8.9096,0
0.5,0.0,0,0,495,852610.8,95694,8.9098,0
0.5,0.0,0,0,496,852545.1,95694,8.9091,0
0.5,0.0,0,0,465,852261.8,95694,8.9061,0
0.5,0.0,0,0,498,852568.3,95694,8.9093,0
0.5,0.0,0,0,499,852529.5,95694,8.9089,0
0.5,0.0,0,0,500,852509.2,95694,8.9087,0
0.5,0.0,0,0,501,852512.2,95694,8.9087,0
0.5,0.0,0,0,502,852459.1,95694,8.9082,0
0.5,0.0,0,0,503,852491.7,95694,8.9085,0
0.5,0.0,0,0,504,852527.6,95694,8.9089,0
0.5,0.0,0,0,505,852474.5,95694,8.9083,0
0.5,0.0,0,0,506,852495.2,95694,8.9086,0
0.5,0.0,0,0,475,852528.5,95694,8.9089,0
0.5,0.0,0,0,476,852521.1,95694,8.9088,0
0.5,0.0,0,0,509,852532.6,95694,8.9089,0
0.5,0.0,0,0,510,852534.7,95694,8.909,0
0.5,0.0,0,0,511,852528.9,95694,8.9089,0
0.5,0.0,0,0,512,852581.3,95694,8.9095,0
0.5,0.0,0,0,481,852608.4,95694,8.9097,0
0.5,0.0,0,0,514,852559.5,95694,8.9092,0
0.5,0.0,0,0,515,852565.8,95694,8.9093,0
0.5,0.0,0,0,516,852570.5,95694,8.9093,0
0.5,0.0,0,0,517,852610.5,95694,8.9098,0
0.5,0.0,0,0,518,852632.5,95694,8.91,0
0.5,0.0,0,0,519,852653.6,95694,8.9102,0
0.5,0.0,0,0,520,852653.0,95694,8.9102,0
0.5,0.0,0,0,521,852656.4,95694,8.9102,0
0.5,0.0,0,0,522,852627.0,95694,8.9099,0
0.5,0.0,0,0,491,852628.3,95694,8.9099,0
0.5,0.0,0,0,492,852609.9,95694,8.9098,0
0.5,0.0,0,0,525,852652.3,95694,8.9102,0
0.5,0.0,0,0,526,852651.8,95694,8.9102,0
0.5,0.0,0,0,527,852652.2,95694,8.9102,0
0.5,0.0,0,0,528,852642.2,95694,8.9101,0
0.5,0.0,0,0,497,852578.0,95694,8.9094,0
0.5,0.0,0,0,530,852627.2,95694,8.9099,0
0.5,0.0,0,0,531,852644.3,95694,8.9101,0
0.5,0.0,0,0,532,852678.0,95694,8.9105,0
0.5,0.0,0,0,533,852697.1,95694,8.9107,0
0.5,0.0,0,0,534,852660.4,95694,8.9103,0
0.5,0.0,0,0,535,852654.9,95694,8.9102,0
0.5,0.0,0,0,536,852708.2,95694,8.9108,0
0.5,0.0,0,0,537,852710.6,95694,8.9108,0
0.5,0.0,0,0,538,852696.6,95694,8.9107,0
0.5,0.0,0,0,507,852504.7,95694,8.9087,0
0.5,0.0,0,0,508,852533.6,95694,8.909,0
0.5,0.0,0,0,541,852722.8,95694,8.9109,0
0.5,0.0,0,0,542,852670.7,95694,8.9104,0
0.5,0.0,0,0,543,852669.4,95694,8.9104,0
0.5,0.0,0,0,544,852680.4,95694,8.9105,0
0.5,0.0,0,0,513,852567.0,95694,8.9093,0
0.5,0.0,0,0,546,852706.1,95694,8.9108,0
0.5,0.0,0,0,547,852703.3,95694,8.9107,0
0.5,0.0,0,0,548,852708.3,95694,8.9108,0
0.5,0.0,0,0,549,852720.4,95694,8.9109,0
0.5,0.0,0,0,550,852696.0,95694,8.9107,0
0.5,0.0,0,0,551,852698.0,95694,8.9107,0
0.5,0.0,0,0,552,852695.6,95694,8.9106,0
0.5,0.0,0,0,553,852725.1,95694,8.911,0
0.5,0.0,0,0,554,852713.8,95694,8.9108,0
0.5,0.0,0,0,523,852627.4,95694,8.9099,0
0.5,0.0,0,0,524,852660.2,95694,8.9103,0
0.5,0.0,0,0,557,852767.5,95694,8.9114,0
0.5,0.0,0,0,558,852757.3,95694,8.9113,0
0.5,0.0,0,0,559,852766.6,95694,8.9114,0
0.5,0.0,0,0,560,852768.4,95694,8.9114,0
0.5,0.0,0,0,529,852666.5,95694,8.9103,0
0.5,0.0,0,0,562,852772.5,95694,8.9115,0
0.5,0.0,0,0,563,852784.4,95694,8.9116,0
0.5,0.0,0,0,564,852765.6,95694,8.9114,0
0.5,0.0,0,0,565,852793.8,95694,8.9117,0
0.5,0.0,0,0,566,852809.1,95694,8.9118,0
0.5,0.0,0,0,567,852784.0,95694,8.9116,0
0.5,0.0,0,0,568,852761.7,95694,8.9113,0
0.5,0.0,0,0,569,852763.0,95694,8.9114,0
0.5,0.0,0,0,570,852779.6,95694,8.9115,0
0.5,0.0,0,0,539,852688.5,95694,8.9106,0
0.5,0.0,0,0,540,852701.2,95694,8.9107,0
0.5,0.0,0,0,571,852775.8,95694,8.9115,0
0.5,0.0,0,0,572,852748.0,95694,8.9112,0
0.5,0.0,0,0,573,852744.8,95694,8.9112,0
0.5,0.0,0,0,574,852750.6,95694,8.9112,0
0.5,0.0,0,0,575,852746.6,95694,8.9112,0
0.5,0.0,0,0,576,852761.1,95694,8.9113,0
0.5,0.0,0,0,545,852693.2,95694,8.9106,0
0.5,0.0,0,0,555,852720.9,95694,8.9109,0
0.5,0.0,0,0,556,852749.4,95694,8.9112,0
0.5,0.0,0,0,561,852747.7,95694,8.9112,0
0.5,0.1,0,1,562,748480.5,113049,6.6209,0
0.5,0.1,0,1,564,748482.5,113049,6.6209,0
0.5,0.1,0,1,571,748485.2,113049,6.6209,0
0.5,0.1,0,1,576,748489.6,113049,6.6209,0
0.5,0.1,0,1,567,748498.2,113049,6.621,0
0.5,0.1,0,1,563,748498.4,113049,6.621,0
0.5,0.1,0,1,565,748507.7,113049,6.6211,0
0.5,0.1,0,1,566,748522.1,113049,6.6212,0
0.5,0.1,0,0,85,748538.7,114586,6.5325,0
0.5,0.1,0,0,86,749778.3,114369,6.5558,0
0.5,0.1,0,0,87,751968.7,114768,6.5521,0
0.5,0.1,0,0,88,753367.4,114725,6.5667,0
0.5,0.1,0,0,89,754216.4,114544,6.5845,0
0.5,0.1,0,0,90,755662.2,114735,6.5862,0
0.5,0.1,0,0,91,757944.8,114317,6.6302,0
0.5,0.1,0,0,92,760631.9,114887,6.6207,0
0.5,0.1,0,0,93,762744.3,114818,6.6431,0
0.5,0.1,0,0,94,764167.4,114789,6.6571,0
0.5,0.1,0,0,95,765250.0,114670,6.6735,0
0.5,0.1,0,0,96,765509.7,114861,6.6647,0
0.5,0.1,0,0,97,767361.6,114736,6.6881,0
0.5,0.1,0,0,98,767914.1,114710,6.6944,0
0.5,0.1,0,0,99,770067.4,114814,6.7071,0
0.5,0.1,0,0,100,771472.9,114790,6.7207,0
0.5,0.1,0,0,101,772549.7,114595,6.7416,0
0.5,0.1,0,0,102,773828.7,114922,6.7335,0
0.5,0.1,0,0,103,774554.6,115011,6.7346,0
0.5,0.1,0,0,104,776189.4,114849,6.7583,0
0.5,0.1,0,0,105,777156.5,114636,6.7793,0
0.5,0.1,0,0,106,778330.2,114728,6.7841,0
0.5,0.1,0,0,107,779478.5,114719,6.7947,0
0.5,0.1,0,0,108,779564.0,114709,6.796,0
0.5,0.1,0,0,109,780479.8,114863,6.7949,0
0.5,0.1,0,0,110,781614.0,114708,6.8139,0
0.5,0.1,0,0,111,782028.5,115077,6.7957,0
0.5,0.1,0,0,112,783291.7,114999,6.8113,0
0.5,0.1,0,0,113,784836.4,114971,6.8264,0
0.5,0.1,0,0,114,786956.7,114971,6.8448,0
0.5,0.1,0,0,115,788105.2,114893,6.8595,0
0.5,0.1,0,0,116,788658.0,114893,6.8643,0
0.5,0.1,0,0,117,789450.6,114879,6.872,0
0.5,0.1,0,0,118,790583.9,114930,6.8788,0
0.5,0.1,0,0,119,790787.4,114905,6.8821,0
0.5,0.1,0,0,120,790808.8,114980,6.8778,0
0.5,0.1,0,0,121,792425.9,114944,6.894,0
0.5,0.1,0,0,122,793739.1,115058,6.8986,0
0.5,0.1,0,0,123,793878.2,114887,6.9101,0
0.5,0.1,0,0,124,795305.8,115067,6.9117,0
0.5,0.1,0,0,125,796677.9,115075,6.9231,0
0.5,0.1,0,0,126,797799.0,114981,6.9385,0
0.5,0.1,0,0,127,798900.5,115201,6.9348,0
0.5,0.1,0,0,128,799659.3,115135,6.9454,0
0.5,0.1,0,0,129,800444.7,115211,6.9476,0
0.5,0.1,0,0,130,801074.5,115211,6.9531,0
0.5,0.1,0,0,131,801492.0,115287,6.9521,0
0.5,0.1,0,0,132,802381.9,115360,6.9555,0
0.5,0.1,0,0,133,802966.0,115445,6.9554,0
0.5,0.1,0,0,134,803858.0,115336,6.9697,0
0.5,0.1,0,0,135,804424.6,115346,6.974,0
0.5,0.1,0,0,136,805162.8,115183,6.9903,0
0.5,0.1,0,0,138,806663.1,115200,7.0023,0
0.5,0.1,0,0,137,807039.1,115266,7.0015,0
0.5,0.1,0,0,139,807835.7,115272,7.0081,0
0.5,0.1,0,0,140,808468.0,115368,7.0077,0
0.5,0.1,0,0,141,808605.4,115357,7.0096,0
0.5,0.1,0,0,142,809906.2,115441,7.0158,0
0.5,0.1,0,0,143,810885.1,115543,7.018,0
0.5,0.1,0,0,144,811077.5,115247,7.0377,0
0.5,0.1,0,0,145,811858.5,115434,7.0331,0
0.5,0.1,0,0,146,812392.2,115457,7.0363,0
0.5,0.1,0,0,147,812761.0,115551,7.0338,0
0.5,0.1,0,0,148,813206.9,115551,7.0376,0
0.5,0.1,0,0,149,814106.0,115386,7.0555,0
0.5,0.1,0,0,150,814817.2,115677,7.0439,0
0.5,0.1,0,0,170,825083.7,116135,7.1045,0
0.5,0.1,0,0,169,824554.6,116135,7.1,0
0.5,0.1,0,0,168,823739.2,116170,7.0908,0
0.5,0.1,0,0,167,823743.5,116178,7.0904,0
0.5,0.1,0,0,166,823477.7,116074,7.0944,0
0.5,0.1,0,0,165,823056.0,115915,7.1005,0
0.5,0.1,0,0,196,835127.2,115970,7.2012,0
0.5,0.1,0,0,163,822286.0,115747,7.1042,0
0.5,0.1,0,0,162,821534.1,115727,7.0989,0
0.5,0.1,0,0,193,834327.1,115985,7.1934,0
0.5,0.1,0,0,224,841519.1,115948,7.2577,0
0.5,0.1,0,0,223,841349.8,116037,7.2507,0
0.5,0.1,0,0,222,841468.2,116037,7.2517,0
0.5,0.1,0,0,189,832857.3,116053,7.1765,0
0.5,0.1,0,0,188,832408.9,115995,7.1762,0
0.5,0.1,0,0,155,817534.1,115470,7.0801,0
0.5,0.1,0,0,186,831149.6,115995,7.1654,0
0.5,0.1,0,0,185,830707.0,116196,7.1492,0
0.5,0.1,0,0,184,830477.4,116092,7.1536,0
0.5,0.1,0,0,183,829883.4,116092,7.1485,0
0.5,0.1,0,0,182,830143.6,116196,7.1443,0
0.5,0.1,0,0,181,829229.0,116014,7.1477,0
0.5,0.1,0,0,212,839441.8,115959,7.2391,0
0.5,0.1,0,0,179,827840.4,116015,7.1356,0
0.5,0.1,0,0,178,828098.0,116177,7.1279,0
0.5,0.1,0,0,209,839044.1,116118,7.2258,0
0.5,0.1,0,0,240,844994.0,115928,7.289,0
0.5,0.1,0,0,239,844740.9,115928,7.2868,0
0.5,0.1,0,0,238,844661.1,115928,7.2861,0
0.5,0.1,0,0,205,837444.9,116126,7.2115,0
0.5,0.1,0,0,204,836604.0,116043,7.2094,0
0.5,0.1,0,0,171,825428.9,116077,7.111,0
0.5,0.1,0,0,202,836292.5,116140,7.2007,0
0.5,0.1,0,0,201,836128.6,115876,7.2157,0
0.5,0.1,0,0,200,836507.2,116043,7.2086,0
0.5,0.1,0,0,199,835648.4,115970,7.2057,0
0.5,0.1,0,0,198,836070.5,116053,7.2042,0
0.5,0.1,0,0,197,835942.4,116150,7.1971,0
0.5,0.1,0,0,228,842327.2,116064,7.2574,0
0.5,0.1,0,0,195,835540.9,115995,7.2032,0
0.5,0.1,0,0,194,834915.6,115995,7.1979,0
0.5,0.1,0,0,225,841605.9,115948,7.2585,0
0.5,0.1,0,0,256,847214.6,115955,7.3064,0
0.5,0.1,0,0,255,847522.7,116038,7.3038,0
0.5,0.1,0,0,254,847333.1,116038,7.3022,0
0.5,0.1,0,0,221,842089.0,116042,7.2568,0
0.5,0.1,0,0,220,841937.2,116042,7.2555,0
0.5,0.1,0,0,187,831924.8,115995,7.1721,0
0.5,0.1,0,0,218,840252.9,115959,7.2461,0
0.5,0.1,0,0,217,840878.8,116042,7.2463,0
0.5,0.1,0,0,216,840739.3,116042,7.2451,0
0.5,0.1,0,0,215,840453.9,116106,7.2387,0
0.5,0.1,0,0,214,839697.5,116023,7.2373,0
0.5,0.1,0,0,213,839197.9,115959,7.237,0
0.5,0.1,0,0,244,845873.7,115928,7.2965,0
0.5,0.1,0,0,211,839352.3,116035,7.2336,0
0.5,0.1,0,0,210,839083.8,115971,7.2353,0
0.5,0.1,0,0,241,844960.1,115928,7.2887,0
0.5,0.1,0,0,272,849399.7,116114,7.3152,0
0.5,0.1,0,0,271,849690.1,116141,7.316,0
0.5,0.1,0,0,270,849144.2,116033,7.3181,0
0.5,0.1,0,0,237,844474.7,115928,7.2845,0
0.5,0.1,0,0,236,844418.9,115928,7.284,0
0.5,0.1,0,0,203,836446.3,116043,7.2081,0
0.5,0.1,0,0,234,843888.1,116081,7.2698,0
0.5,0.1,0,0,233,844326.0,116269,7.2618,0
0.5,0.1,0,0,232,843375.3,116122,7.2628,0
0.5,0.1,0,0,231,843080.7,116186,7.2563,0
0.5,0.1,0,0,230,842801.0,116186,7.2539,0
0.5,0.1,0,0,229,842625.0,116206,7.2511,0
0.5,0.1,0,0,260,847890.8,116042,7.3068,0
0.5,0.1,0,0,227,841956.9,116142,7.2494,0
0.5,0.1,0,0,226,841872.6,116117,7.2502,0
0.5,0.1,0,0,257,847380.0,115955,7.3078,0
0.5,0.1,0,0,288,852606.0,116208,7.3369,0
0.5,0.1,0,0,287,852229.5,116103,7.3403,0
0.5,0.1,0,0,286,852165.9,116103,7.3397,0
0.5,0.1,0,0,253,847603.3,116038,7.3045,0
0.5,0.1,0,0,252,847584.1,116038,7.3044,0
0.5,0.1,0,0,219,840735.5,115959,7.2503,0
0.5,0.1,0,0,246,845895.1,115928,7.2967,0
0.5,0.1,0,0,245,845833.5,115939,7.2955,0
0.5,0.1,0,0,276,849866.6,116033,7.3244,0
0.5,0.1,0,0,243,845503.0,115839,7.2989,0
0.5,0.1,0,0,242,845256.9,116017,7.2856,0
0.5,0.1,0,0,273,849295.2,116033,7.3194,0
0.5,0.1,0,0,304,853175.9,116295,7.3363,0
0.5,0.1,0,0,303,853126.0,116295,7.3359,0
0.5,0.1,0,0,302,853177.6,116203,7.3421,0
0.5,0.1,0,0,361,854362.4,116312,7.3454,0
0.5,0.1,0,0,360,854278.8,116312,7.3447,0
0.5,0.1,0,0,359,854316.3,116312,7.345,0
0.5,0.1,0,0,358,854341.2,116312,7.3453,0
0.5,0.1,0,0,269,849480.1,116141,7.3142,0
0.5,0.1,0,0,268,849354.5,116197,7.3096,0
0.5,0.1,0,0,235,844048.6,116017,7.2752,0
0.5,0.1,0,0,318,853389.6,116139,7.348,0
0.5,0.1,0,0,347,854363.1,116312,7.3454,0
0.5,0.1,0,0,345,854193.3,116312,7.344,0
0.5,0.1,0,0,344,854208.0,116312,7.3441,0
0.5,0.1,0,0,343,854165.1,116312,7.3437,0
0.5,0.1,0,0,342,854091.5,116312,7.3431,0
0.5,0.1,0,0,341,854170.3,116312,7.3438,0
0.5,0.1,0,0,339,853985.9,116312,7.3422,0
0.5,0.1,0,0,338,854115.2,116312,7.3433,0
0.5,0.1,0,0,285,851202.8,116125,7.3301,0
0.5,0.1,0,0,284,851212.6,116212,7.3247,0
0.5,0.1,0,0,251,847221.2,116038,7.3012,0
0.5,0.1,0,0,250,846660.7,115955,7.3016,0
0.5,0.1,0,0,249,846139.9,115955,7.2971,0
0.5,0.1,0,0,248,846302.1,115955,7.2985,0
0.5,0.1,0,0,247,846104.1,115928,7.2985,0
0.5,0.1,0,0,322,853563.8,116231,7.3437,0
0.5,0.1,0,0,301,853093.6,116203,7.3414,0
0.5,0.1,0,0,300,853032.8,116295,7.3351,0
0.5,0.1,0,0,267,849306.9,116203,7.3088,0
0.5,0.1,0,0,266,849001.5,116203,7.3062,0
0.5,0.1,0,0,265,848585.7,116203,7.3026,0
0.5,0.1,0,0,264,848074.2,116120,7.3034,0
0.5,0.1,0,0,263,847964.0,116120,7.3025,0
0.5,0.1,0,0,262,848536.0,116203,7.3022,0
0.5,0.1,0,0,261,847736.0,116120,7.3005,0
0.5,0.1,0,0,292,853302.1,116208,7.3429,0
0.5,0.1,0,0,259,847885.7,116120,7.3018,0
0.5,0.1,0,0,258,847559.1,116033,7.3045,0
0.5,0.1,0,0,289,852577.5,116208,7.3367,0
0.5,0.1,0,0,320,853590.2,116139,7.3497,0
0.5,0.1,0,0,319,853432.8,116139,7.3484,0
0.5,0.1,0,0,312,852378.9,116033,7.346,0
0.5,0.1,0,0,311,852331.3,116114,7.3405,0
0.5,0.1,0,0,310,853026.2,116116,7.3463,0
0.5,0.1,0,0,309,852329.0,116033,7.3456,0
0.5,0.1,0,0,340,854106.1,116312,7.3432,0
0.5,0.1,0,0,307,853179.7,116295,7.3363,0
0.5,0.1,0,0,306,853181.0,116295,7.3364,0
0.5,0.1,0,0,337,854041.3,116231,7.3478,0
0.5,0.1,0,0,331,853814.3,116231,7.3458,0
0.5,0.1,0,0,330,853555.8,116231,7.3436,0
0.5,0.1,0,0,329,853475.4,116231,7.3429,0
0.5,0.1,0,0,328,853424.2,116231,7.3425,0
0.5,0.1,0,0,327,853496.2,116231,7.3431,0
0.5,0.1,0,0,326,853562.3,116231,7.3437,0
0.5,0.1,0,0,325,853655.7,116231,7.3445,0
0.5,0.1,0,0,323,853538.8,116231,7.3435,0
0.5,0.1,0,0,333,853912.7,116231,7.3467,0
0.5,0.1,0,0,332,853898.6,116231,7.3466,0
0.5,0.1,0,0,299,853022.4,116295,7.335,0
0.5,0.1,0,0,298,853084.2,116295,7.3355,0
0.5,0.1,0,0,297,853159.2,116295,7.3362,0
0.5,0.1,0,0,296,853175.3,116295,7.3363,0
0.5,0.1,0,0,295,853063.4,116295,7.3353,0
0.5,0.1,0,0,294,852972.7,116295,7.3346,0
0.5,0.1,0,0,293,853320.4,116208,7.343,0
0.5,0.1,0,0,324,853550.3,116231,7.3436,0
0.5,0.1,0,0,291,852565.3,116208,7.3365,0
0.5,0.1,0,0,290,852872.1,116208,7.3392,0
0.5,0.1,0,0,321,853480.2,116139,7.3488,0
0.5,0.1,0,0,315,852813.4,116120,7.3442,0
0.5,0.1,0,0,314,852620.2,116033,7.3481,0
0.5,0.1,0,0,313,852521.4,116114,7.3421,0
0.5,0.1,0,0,317,852895.0,116033,7.3505,0
0.5,0.1,0,0,316,852821.6,116033,7.3498,0
0.5,0.1,0,0,283,851080.6,116212,7.3235,0
0.5,0.1,0,0,282,850854.9,116212,7.3216,0
0.5,0.1,0,0,281,850986.9,116212,7.3227,0
0.5,0.1,0,0,280,850347.4,116212,7.3172,0
0.5,0.1,0,0,279,850231.8,116033,7.3275,0
0.5,0.1,0,0,278,850180.0,116033,7.3271,0
0.5,0.1,0,0,277,850111.5,116033,7.3265,0
0.5,0.1,0,0,308,853151.3,116116,7.3474,0
0.5,0.1,0,0,275,850275.8,116208,7.3168,0
0.5,0.1,0,0,274,849985.6,116208,7.3143,0
0.5,0.1,0,0,305,853262.1,116203,7.3429,0
0.5,0.1,0,0,336,854120.1,116231,7.3485,0
0.5,0.1,0,0,335,854015.5,116231,7.3476,0
0.5,0.1,0,0,334,853889.0,116231,7.3465,0
0.5,0.1,0,0,154,816835.0,115282,7.0855,0
0.5,0.1,0,0,153,816272.1,115386,7.0743,0
0.5,0.1,0,0,152,815430.1,115530,7.0582,0
0.5,0.1,0,0,151,815076.1,115446,7.0602,0
0.5,0.1,0,0,180,827923.2,116010,7.1367,0
0.5,0.1,0,0,177,827523.1,116167,7.1236,0
0.5,0.1,0,0,208,838151.9,115965,7.2276,0
0.5,0.1,0,0,207,837317.5,116043,7.2156,0
0.5,0.1,0,0,206,837104.9,116043,7.2137,0
0.5,0.1,0,0,173,826253.0,116112,7.116,0
0.5,0.1,0,0,172,826040.2,116229,7.107,0
0.5,0.1,0,0,164,822934.4,115857,7.103,0
0.5,0.1,0,0,161,821344.9,115789,7.0935,0
0.5,0.1,0,0,192,834400.7,115985,7.194,0
0.5,0.1,0,0,191,833960.8,116053,7.186,0
0.5,0.1,0,0,190,833576.3,115995,7.1863,0
0.5,0.1,0,0,157,818940.0,115735,7.076,0
0.5,0.1,0,0,156,817496.6,115772,7.0613,0
0.5,0.1,0,0,176,827472.3,116264,7.1172,0
0.5,0.1,0,0,175,827048.4,116227,7.1158,0
0.5,0.1,0,0,174,826737.3,116124,7.1194,0
0.5,0.1,0,0,160,820674.9,115669,7.095,0
0.5,0.1,0,0,159,819894.5,115913,7.0734,0
0.5,0.1,0,0,158,819505.7,115832,7.075,0
0.5,0.1,0,0,352,854404.6,116312,7.3458,0
0.5,0.1,0,0,351,854480.8,116312,7.3465,0
0.5,0.1,0,0,350,854568.0,116312,7.3472,0
0.5,0.1,0,0,349,854420.4,116312,7.3459,0
0.5,0.1,0,0,348,854441.6,116312,7.3461,0
0.5,0.1,0,0,368,854647.5,116312,7.3479,0
0.5,0.1,0,0,367,854614.7,116312,7.3476,0
0.5,0.1,0,0,366,854588.2,116312,7.3474,0
0.5,0.1,0,0,365,854530.4,116312,7.3469,0
0.5,0.1,0,0,364,854562.4,116312,7.3472,0
0.5,0.1,0,0,356,854517.4,116312,7.3468,0
0.5,0.1,0,0,353,854416.5,116312,7.3459,0
0.5,0.1,0,0,384,855441.6,116312,7.3547,0
0.5,0.1,0,0,383,854877.0,116206,7.3566,0
0.5,0.1,0,0,382,855324.6,116312,7.3537,0
0.5,0.1,0,0,381,855333.4,116312,7.3538,0
0.5,0.1,0,0,380,855345.8,116312,7.3539,0
0.5,0.1,0,0,346,854429.2,116312,7.346,0
0.5,0.1,0,0,372,854962.5,116312,7.3506,0
0.5,0.1,0,0,369,854699.9,116312,7.3483,0
0.5,0.1,0,0,400,855390.0,116312,7.3543,0
0.5,0.1,0,0,399,855403.3,116312,7.3544,0
0.5,0.1,0,0,398,855421.9,116312,7.3545,0
0.5,0.1,0,0,397,855391.3,116312,7.3543,0
0.5,0.1,0,0,396,855403.2,116312,7.3544,0
0.5,0.1,0,0,363,854484.7,116312,7.3465,0
0.5,0.1,0,0,362,854364.1,116312,7.3455,0
0.5,0.1,0,0,357,854457.1,116312,7.3463,0
0.5,0.1,0,0,388,855409.0,116312,7.3544,0
0.5,0.1,0,0,355,854659.3,116312,7.348,0
0.5,0.1,0,0,354,854538.6,116312,7.347,0
0.5,0.1,0,0,385,855460.0,116312,7.3549,0
0.5,0.1,0,0,416,855470.4,116312,7.355,0
0.5,0.1,0,0,415,855413.7,116312,7.3545,0
0.5,0.1,0,0,414,855495.9,116377,7.3511,0
0.5,0.1,0,0,413,855522.1,116377,7.3513,0
0.5,0.1,0,0,412,855405.5,116312,7.3544,0
0.5,0.1,0,0,379,855269.4,116312,7.3532,0
0.5,0.1,0,0,378,855307.8,116312,7.3536,0
0.5,0.1,0,0,377,854786.9,116206,7.3558,0
0.5,0.1,0,0,376,855231.4,116312,7.3529,0
0.5,0.1,0,0,375,855189.0,116312,7.3525,0
0.5,0.1,0,0,374,855145.8,116312,7.3522,0
0.5,0.1,0,0,373,855116.7,116312,7.3519,0
0.5,0.1,0,0,404,855426.3,116312,7.3546,0
0.5,0.1,0,0,371,854825.2,116312,7.3494,0
0.5,0.1,0,0,370,854843.3,116312,7.3496,0
0.5,0.1,0,0,401,855412.5,116312,7.3545,0
0.5,0.1,0,0,432,855611.5,116312,7.3562,0
0.5,0.1,0,0,431,855608.1,116312,7.3561,0
0.5,0.1,0,0,430,855540.4,116312,7.3556,0
0.5,0.1,0,0,429,855503.7,116312,7.3552,0
0.5,0.1,0,0,428,855446.9,116312,7.3548,0
0.5,0.1,0,0,395,855376.5,116312,7.3542,0
0.5,0.1,0,0,394,855423.6,116312,7.3546,0
0.5,0.1,0,0,393,855381.2,116312,7.3542,0
0.5,0.1,0,0,392,855341.7,116312,7.3539,0
0.5,0.1,0,0,391,855392.0,116312,7.3543,0
0.5,0.1,0,0,390,855324.9,116312,7.3537,0
0.5,0.1,0,0,389,855436.9,116312,7.3547,0
0.5,0.1,0,0,420,855526.8,116312,7.3554,0
0.5,0.1,0,0,387,855442.7,116312,7.3547,0
0.5,0.1,0,0,386,855387.0,116312,7.3542,0
0.5,0.1,0,0,417,855441.5,116312,7.3547,0
0.5,0.1,0,0,448,855511.3,116312,7.3553,0
0.5,0.1,0,0,447,855516.2,116312,7.3554,0
0.5,0.1,0,0,446,855490.9,116312,7.3551,0
0.5,0.1,0,0,445,855523.7,116312,7.3554,0
0.5,0.1,0,0,444,855519.7,116312,7.3554,0
0.5,0.1,0,0,411,855428.8,116377,7.3505,0
0.5,0.1,0,0,410,855452.5,116377,7.3507,0
0.5,0.1,0,0,409,855520.7,116377,7.3513,0
0.5,0.1,0,0,408,855554.0,116377,7.3516,0
0.5,0.1,0,0,407,855575.2,116377,7.3518,0
0.5,0.1,0,0,406,855546.2,116377,7.3515,0
0.5,0.1,0,0,405,855569.8,116377,7.3517,0
0.5,0.1,0,0,436,855493.5,116312,7.3552,0
0.5,0.1,0,0,403,855384.4,116312,7.3542,0
0.5,0.1,0,0,402,855333.4,116312,7.3538,0
0.5,0.1,0,0,433,855558.7,116312,7.3557,0
0.5,0.1,0,0,464,855760.0,116377,7.3533,0
0.5,0.1,0,0,463,855728.5,116377,7.3531,0
0.5,0.1,0,0,462,855722.5,116377,7.353,0
0.5,0.1,0,0,461,855689.6,116377,7.3527,0
0.5,0.1,0,0,460,855745.3,116377,7.3532,0
0.5,0.1,0,0,427,855499.5,116312,7.3552,0
0.5,0.1,0,0,426,855498.4,116312,7.3552,0
0.5,0.1,0,0,425,855533.5,116312,7.3555,0
0.5,0.1,0,0,424,855538.7,116312,7.3555,0
0.5,0.1,0,0,423,855564.4,116312,7.3558,0
0.5,0.1,0,0,422,855582.6,116312,7.3559,0
0.5,0.1,0,0,421,855579.5,116312,7.3559,0
0.5,0.1,0,0,452,855599.9,116377,7.352,0
0.5,0.1,0,0,419,855483.0,116312,7.3551,0
0.5,0.1,0,0,418,855465.3,116312,7.3549,0
0.5,0.1,0,0,449,855576.0,116377,7.3518,0
0.5,0.1,0,0,480,855967.9,116312,7.3592,0
0.5,0.1,0,0,479,855959.4,116312,7.3592,0
0.5,0.1,0,0,478,855969.9,116312,7.3593,0
0.5,0.1,0,0,477,855984.0,116312,7.3594,0
0.5,0.1,0,0,476,855920.3,116312,7.3588,0
0.5,0.1,0,0,443,855488.4,116312,7.3551,0
0.5,0.1,0,0,442,855488.7,116312,7.3551,0
0.5,0.1,0,0,441,855489.2,116312,7.3551,0
0.5,0.1,0,0,440,855510.4,116312,7.3553,0
0.5,0.1,0,0,439,855473.8,116312,7.355,0
0.5,0.1,0,0,438,855472.2,116312,7.355,0
0.5,0.1,0,0,437,855487.2,116312,7.3551,0
0.5,0.1,0,0,468,855832.1,116312,7.3581,0
0.5,0.1,0,0,435,855511.2,116312,7.3553,0
0.5,0.1,0,0,434,855538.8,116312,7.3556,0
0.5,0.1,0,0,465,855788.2,116377,7.3536,0
0.5,0.1,0,0,496,855897.6,116312,7.3586,0
0.5,0.1,0,0,495,855926.4,116312,7.3589,0
0.5,0.1,0,0,494,855892.1,116312,7.3586,0
0.5,0.1,0,0,493,855901.2,116312,7.3587,0
0.5,0.1,0,0,492,855907.0,116312,7.3587,0
0.5,0.1,0,0,459,855749.5,116377,7.3533,0
0.5,0.1,0,0,458,855693.8,116377,7.3528,0
0.5,0.1,0,0,457,855692.4,116377,7.3528,0
0.5,0.1,0,0,456,855712.9,116377,7.3529,0
0.5,0.1,0,0,455,855674.5,116377,7.3526,0
0.5,0.1,0,0,454,855610.3,116377,7.3521,0
0.5,0.1,0,0,453,855616.1,116377,7.3521,0
0.5,0.1,0,0,484,855982.4,116312,7.3594,0
0.5,0.1,0,0,451,855613.2,116377,7.3521,0
0.5,0.1,0,0,450,855514.9,116312,7.3553,0
0.5,0.1,0,0,481,855981.3,116312,7.3594,0
0.5,0.1,0,0,512,855964.6,116312,7.3592,0
0.5,0.1,0,0,511,855928.4,116312,7.3589,0
0.5,0.1,0,0,510,855923.2,116312,7.3589,0
0.5,0.1,0,0,509,855894.3,116312,7.3586,0
0.5,0.1,0,0,508,855879.7,116312,7.3585,0
0.5,0.1,0,0,475,855910.2,116312,7.3587,0
0.5,0.1,0,0,474,855873.1,116312,7.3584,0
0.5,0.1,0,0,473,855878.2,116312,7.3585,0
0.5,0.1,0,0,472,855879.4,116312,7.3585,0
0.5,0.1,0,0,471,855869.5,116312,7.3584,0
0.5,0.1,0,0,470,855858.3,116312,7.3583,0
0.5,0.1,0,0,469,855852.0,116312,7.3582,0
0.5,0.1,0,0,500,855919.6,116312,7.3588,0
0.5,0.1,0,0,467,855796.5,116312,7.3578,0
0.5,0.1,0,0,466,855760.8,116312,7.3575,0
0.5,0.1,0,0,497,855911.0,116312,7.3588,0
0.5,0.1,0,0,528,856019.6,116312,7.3597,0
0.5,0.1,0,0,527,856021.1,116312,7.3597,0
0.5,0.1,0,0,526,856046.4,116312,7.3599,0
0.5,0.1,0,0,525,856034.2,116312,7.3598,0
0.5,0.1,0,0,524,856050.6,116312,7.36,0
0.5,0.1,0,0,491,855935.5,116312,7.359,0
0.5,0.1,0,0,490,855952.2,116312,7.3591,0
0.5,0.1,0,0,489,855933.7,116312,7.3589,0
0.5,0.1,0,0,488,855974.9,116312,7.3593,0
0.5,0.1,0,0,487,855972.0,116312,7.3593,0
0.5,0.1,0,0,486,855994.6,116312,7.3595,0
0.5,0.1,0,0,485,856004.0,116312,7.3596,0
0.5,0.1,0,0,516,855976.4,116312,7.3593,0
0.5,0.1,0,0,483,855984.5,116312,7.3594,0
0.5,0.1,0,0,482,855977.1,116312,7.3593,0
0.5,0.1,0,0,513,855966.6,116312,7.3592,0
0.5,0.1,0,0,544,856104.8,116312,7.3604,0
0.5,0.1,0,0,543,856084.5,116312,7.3602,0
0.5,0.1,0,0,542,856074.7,116312,7.3602,0
0.5,0.1,0,0,541,856100.7,116312,7.3604,0
0.5,0.1,0,0,540,856067.5,116312,7.3601,0
0.5,0.1,0,0,507,855845.5,116312,7.3582,0
0.5,0.1,0,0,506,855867.4,116312,7.3584,0
0.5,0.1,0,0,505,855865.8,116312,7.3584,0
0.5,0.1,0,0,504,855911.8,116312,7.3588,0
0.5,0.1,0,0,503,855911.1,116312,7.3588,0
0.5,0.1,0,0,502,855907.9,116312,7.3587,0
0.5,0.1,0,0,501,855917.5,116312,7.3588,0
0.5,0.1,0,0,532,856033.2,116312,7.3598,0
0.5,0.1,0,0,499,855894.1,116312,7.3586,0
0.5,0.1,0,0,498,855901.9,116312,7.3587,0
0.5,0.1,0,0,529,856019.7,116312,7.3597,0
0.5,0.1,0,0,560,856179.5,116312,7.3611,0
0.5,0.1,0,0,559,856183.2,116312,7.3611,0
0.5,0.1,0,0,558,856174.3,116312,7.361,0
0.5,0.1,0,0,557,856180.9,116312,7.3611,0
0.5,0.1,0,0,556,856152.8,116312,7.3608,0
0.5,0.1,0,0,523,856014.1,116312,7.3596,0
0.5,0.1,0,0,522,856021.2,116312,7.3597,0
0.5,0.1,0,0,521,856028.3,116312,7.3598,0
0.5,0.1,0,0,520,856008.5,116312,7.3596,0
0.5,0.1,0,0,519,856010.7,116312,7.3596,0
0.5,0.1,0,0,518,855997.2,116312,7.3595,0
0.5,0.1,0,0,517,855997.3,116312,7.3595,0
0.5,0.1,0,0,548,856123.6,116312,7.3606,0
0.5,0.1,0,0,515,855968.9,116312,7.3592,0
0.5,0.1,0,0,514,855964.5,116312,7.3592,0
0.5,0.1,0,0,545,856102.7,116312,7.3604,0
0.5,0.1,0,0,576,856195.4,116312,7.3612,0
0.5,0.1,0,0,575,856163.0,116312,7.3609,0
0.5,0.1,0,0,574,856164.8,116312,7.3609,0
0.5,0.1,0,0,573,856166.1,116312,7.3609,0
0.5,0.1,0,0,572,856174.9,116312,7.361,0
0.5,0.1,0,0,539,856061.0,116312,7.36,0
0.5,0.1,0,0,538,856055.2,116312,7.36,0
0.5,0.1,0,0,537,856056.2,116312,7.36,0
0.5,0.1,0,0,536,856037.9,116312,7.3598,0
0.5,0.1,0,0,535,856010.0,116312,7.3596,0
0.5,0.1,0,0,534,856016.8,116312,7.3597,0
0.5,0.1,0,0,533,856041.2,116312,7.3599,0
0.5,0.1,0,0,567,856203.5,116312,7.3613,0
0.5,0.1,0,0,531,856016.8,116312,7.3597,0
0.5,0.1,0,0,530,856002.0,116312,7.3595,0
0.5,0.1,0,0,566,856227.4,116312,7.3615,0
0.5,0.1,0,0,565,856213.0,116312,7.3613,0
0.5,0.1,0,0,564,856187.8,116312,7.3611,0
0.5,0.1,0,0,563,856203.7,116312,7.3613,0
0.5,0.1,0,0,562,856185.8,116312,7.3611,0
0.5,0.1,0,0,561,856159.7,116312,7.3609,0
0.5,0.1,0,0,555,856139.4,116312,7.3607,0
0.5,0.1,0,0,554,856135.4,116312,7.3607,0
0.5,0.1,0,0,553,856151.1,116312,7.3608,0
0.5,0.1,0,0,552,856136.0,116312,7.3607,0
0.5,0.1,0,0,551,856114.5,116312,7.3605,0
0.5,0.1,0,0,550,856128.9,116312,7.3606,0
0.5,0.1,0,0,549,856130.7,116312,7.3606,0
0.5,0.1,0,0,547,856109.1,116312,7.3605,0
0.5,0.1,0,0,546,856116.9,116312,7.3605,0
0.5,0.1,0,0,571,856190.0,116312,7.3611,0
0.5,0.1,0,0,570,856181.0,116312,7.3611,0
0.5,0.1,0,0,569,856175.6,116312,7.361,0
0.5,0.1,0,0,568,856178.2,116312,7.361,0
0.5,0.2,0,1,571,791676.7,120566,6.5663,0
0.5,0.2,0,1,576,791684.1,120566,6.5664,0
0.5,0.2,0,1,563,791689.6,120566,6.5664,0
0.5,0.2,0,1,567,791692.1,120566,6.5665,0
0.5,0.2,0,1,565,791703.0,120566,6.5666,0
0.5,0.2,0,1,566,791718.1,120566,6.5667,0
0.5,0.2,0,0,83,791919.4,121975,6.4925,0
0.5,0.2,0,0,84,792192.4,121842,6.5018,0
0.5,0.2,0,0,85,796149.2,121915,6.5304,0
0.5,0.2,0,0,86,797927.7,121945,6.5433,0
0.5,0.2,0,0,87,800240.7,122229,6.5471,0
0.5,0.2,0,0,88,801900.0,122311,6.5562,0
0.5,0.2,0,0,89,803523.6,122467,6.5611,0
0.5,0.2,0,0,90,805218.8,122523,6.572,0
0.5,0.2,0,0,91,807597.0,122426,6.5966,0
0.5,0.2,0,0,92,810364.6,122482,6.6162,0
0.5,0.2,0,0,93,812845.3,122631,6.6284,0
0.5,0.2,0,0,94,814112.1,122330,6.655,0
0.5,0.2,0,0,95,815077.9,122220,6.6689,0
0.5,0.2,0,0,96,815276.7,122148,6.6745,0
0.5,0.2,0,0,97,817509.9,122245,6.6875,0
0.5,0.2,0,0,98,818597.7,122328,6.6918,0
0.5,0.2,0,0,99,820455.9,122330,6.7069,0
0.5,0.2,0,0,100,822182.4,122474,6.7131,0
0.5,0.2,0,0,101,823621.1,122663,6.7145,0
0.5,0.2,0,0,102,824709.5,122628,6.7253,0
0.5,0.2,0,0,103,825624.0,122703,6.7286,0
0.5,0.2,0,0,104,827875.8,122949,6.7335,0
0.5,0.2,0,0,105,828485.2,122715,6.7513,0
0.5,0.2,0,0,106,830170.6,122613,6.7707,0
0.5,0.2,0,0,107,831580.2,122658,6.7797,0
0.5,0.2,0,0,108,832016.4,122524,6.7906,0
0.5,0.2,0,0,109,833101.4,122544,6.7984,0
0.5,0.2,0,0,110,834405.6,122576,6.8073,0
0.5,0.2,0,0,111,834552.4,122401,6.8182,0
0.5,0.2,0,0,112,835744.7,122413,6.8273,0
0.5,0.2,0,0,113,837748.6,122422,6.8431,0
0.5,0.2,0,0,114,839534.7,122437,6.8569,0
0.5,0.2,0,0,115,841297.8,122504,6.8675,0
0.5,0.2,0,0,116,841814.8,122356,6.88,0
0.5,0.2,0,0,117,842888.4,122536,6.8787,0
0.5,0.2,0,0,118,844636.8,122625,6.888,0
0.5,0.2,0,0,119,845456.1,122625,6.8946,0
0.5,0.2,0,0,120,845772.0,122568,6.9004,0
0.5,0.2,0,0,121,847651.4,122495,6.9199,0
0.5,0.2,0,0,123,848728.4,122648,6.92,0
0.5,0.2,0,0,122,848783.6,122655,6.9201,0
0.5,0.2,0,0,124,850477.6,122756,6.9282,0
0.5,0.2,0,0,125,851606.0,122838,6.9328,0
0.5,0.2,0,0,126,852609.8,122968,6.9336,0
0.5,0.2,0,0,127,853944.6,122876,6.9496,0
0.5,0.2,0,0,128,855275.0,122968,6.9553,0
0.5,0.2,0,0,129,855774.7,122958,6.9599,0
0.5,0.2,0,0,130,856429.8,122942,6.9661,0
0.5,0.2,0,0,131,856913.7,122951,6.9696,0
0.5,0.2,0,0,132,857743.4,122798,6.985,0
0.5,0.2,0,0,133,858912.3,123114,6.9766,0
0.5,0.2,0,0,134,859314.4,122942,6.9896,0
0.5,0.2,0,0,135,859972.8,122951,6.9944,0
0.5,0.2,0,0,136,861717.3,123138,6.998,0
0.5,0.2,0,0,137,862323.3,123036,7.0087,0
0.5,0.2,0,0,138,862972.7,123036,7.014,0
0.5,0.2,0,0,139,863716.4,123138,7.0142,0
0.5,0.2,0,0,141,863924.3,122915,7.0286,0
0.5,0.2,0,0,140,864112.3,122928,7.0294,0
0.5,0.2,0,0,142,865753.0,123034,7.0367,0
0.5,0.2,0,0,143,866338.5,122921,7.0479,0
0.5,0.2,0,0,144,867282.2,123016,7.0502,0
0.5,0.2,0,0,145,868222.7,123150,7.0501,0
0.5,0.2,0,0,146,868771.9,122914,7.0681,0
0.5,0.2,0,0,147,869136.5,122914,7.0711,0
0.5,0.2,0,0,148,870311.5,123015,7.0748,0
0.5,0.2,0,0,149,871318.8,123160,7.0747,0
0.5,0.2,0,0,150,871694.1,122954,7.0896,0
0.5,0.2,0,0,151,872116.1,123106,7.0843,0
0.5,0.2,0,0,152,872715.9,122875,7.1025,0
0.5,0.2,0,0,153,873795.2,123117,7.0973,0
0.5,0.2,0,0,154,874506.1,123190,7.0988,0
0.5,0.2,0,0,155,875084.5,123190,7.1035,0
0.5,0.2,0,0,156,875857.0,123202,7.1091,0
0.5,0.2,0,0,157,877176.3,123442,7.106,0
0.5,0.2,0,0,158,877639.9,123353,7.1149,0
0.5,0.2,0,0,159,878146.4,123353,7.119,0
0.5,0.2,0,0,160,878508.0,123457,7.1159,0
0.5,0.2,0,0,161,879249.2,123551,7.1165,0
0.5,0.2,0,0,162,879411.5,123473,7.1223,0
0.5,0.2,0,0,163,880230.5,123476,7.1288,0
0.5,0.2,0,0,165,880917.6,123213,7.1496,0
0.5,0.2,0,0,164,880930.9,123424,7.1374,0
0.5,0.2,0,0,167,881097.0,123281,7.1471,0
0.5,0.2,0,0,166,881154.8,123397,7.1408,0
0.5,0.2,0,0,168,882046.5,123397,7.148,0
0.5,0.2,0,0,169,882945.8,123315,7.1601,0
0.5,0.2,0,0,170,883470.0,123315,7.1643,0
0.5,0.2,0,0,171,884132.0,123518,7.1579,0
0.5,0.2,0,0,172,884915.4,123529,7.1636,0
0.5,0.2,0,0,173,885210.9,123530,7.166,0
0.5,0.2,0,0,174,885603.3,123601,7.165,0
0.5,0.2,0,0,175,885945.7,123601,7.1678,0
0.5,0.2,0,0,176,886488.6,123601,7.1722,0
0.5,0.2,0,0,177,886618.7,123601,7.1732,0
0.5,0.2,0,0,178,887322.2,123601,7.1789,0
0.5,0.2,0,0,180,887895.7,123601,7.1836,0
0.5,0.2,0,0,179,888126.8,123601,7.1854,0
0.5,0.2,0,0,181,888829.1,123601,7.1911,0
0.5,0.2,0,0,183,889544.3,123590,7.1975,0
0.5,0.2,0,0,198,896429.8,123742,7.2443,0
0.5,0.2,0,0,197,896322.1,123837,7.2379,0
0.5,0.2,0,0,195,895977.2,123921,7.2302,0
0.5,0.2,0,0,194,895374.7,123921,7.2254,0
0.5,0.2,0,0,193,894775.4,123826,7.2261,0
0.5,0.2,0,0,224,904426.8,123748,7.3086,0
0.5,0.2,0,0,223,904213.9,123843,7.3013,0
0.5,0.2,0,0,222,904208.4,123843,7.3012,0
0.5,0.2,0,0,221,903989.8,123843,7.2995,0
0.5,0.2,0,0,220,903814.6,123748,7.3037,0
0.5,0.2,0,0,219,903192.0,123664,7.3036,0
0.5,0.2,0,0,218,902665.7,123748,7.2944,0
0.5,0.2,0,0,217,902508.7,123748,7.2931,0
0.5,0.2,0,0,184,889998.3,123590,7.2012,0
0.5,0.2,0,0,214,901999.3,123759,7.2884,0
0.5,0.2,0,0,213,901556.9,123748,7.2854,0
0.5,0.2,0,0,211,901696.5,123759,7.2859,0
0.5,0.2,0,0,210,901159.9,123759,7.2816,0
0.5,0.2,0,0,209,900492.6,123826,7.2722,0
0.5,0.2,0,0,240,908275.7,123627,7.3469,0
0.5,0.2,0,0,239,908005.1,123627,7.3447,0
0.5,0.2,0,0,238,907925.4,123543,7.3491,0
0.5,0.2,0,0,237,907702.6,123722,7.3366,0
0.5,0.2,0,0,236,907651.6,123722,7.3362,0
0.5,0.2,0,0,235,907182.8,123722,7.3324,0
0.5,0.2,0,0,234,907023.7,123788,7.3272,0
0.5,0.2,0,0,233,906772.6,123693,7.3308,0
0.5,0.2,0,0,200,897166.8,123742,7.2503,0
0.5,0.2,0,0,199,896847.2,123742,7.2477,0
0.5,0.2,0,0,230,905810.3,123627,7.327,0
0.5,0.2,0,0,229,905683.0,123648,7.3247,0
0.5,0.2,0,0,196,896151.1,123837,7.2365,0
0.5,0.2,0,0,227,904943.0,123564,7.3237,0
0.5,0.2,0,0,226,904874.5,123648,7.3181,0
0.5,0.2,0,0,225,904577.6,123648,7.3157,0
0.5,0.2,0,0,256,911084.1,123722,7.364,0
0.5,0.2,0,0,255,910751.7,123722,7.3613,0
0.5,0.2,0,0,254,910520.7,123722,7.3594,0
0.5,0.2,0,0,253,910744.3,123722,7.3612,0
0.5,0.2,0,0,252,910687.0,123722,7.3608,0
0.5,0.2,0,0,251,910344.8,123640,7.3629,0
0.5,0.2,0,0,250,910512.1,123722,7.3593,0
0.5,0.2,0,0,249,909915.0,123722,7.3545,0
0.5,0.2,0,0,216,902355.4,123759,7.2912,0
0.5,0.2,0,0,215,902122.3,123759,7.2893,0
0.5,0.2,0,0,246,909570.0,123722,7.3517,0
0.5,0.2,0,0,245,909385.3,123627,7.3559,0
0.5,0.2,0,0,212,901224.1,123528,7.2957,0
0.5,0.2,0,0,243,909018.7,123627,7.3529,0
0.5,0.2,0,0,242,908695.8,123627,7.3503,0
0.5,0.2,0,0,241,908334.2,123627,7.3474,0
0.5,0.2,0,0,272,913851.4,123821,7.3804,0
0.5,0.2,0,0,271,913632.2,123887,7.3747,0
0.5,0.2,0,0,270,913664.4,123821,7.3789,0
0.5,0.2,0,0,269,913470.1,123821,7.3773,0
0.5,0.2,0,0,268,913147.7,123821,7.3747,0
0.5,0.2,0,0,267,913085.7,123821,7.3742,0
0.5,0.2,0,0,266,912265.7,123788,7.3696,0
0.5,0.2,0,0,265,911784.6,123722,7.3696,0
0.5,0.2,0,0,232,906379.9,123543,7.3366,0
0.5,0.2,0,0,231,906023.0,123543,7.3337,0
0.5,0.2,0,0,261,911496.7,123722,7.3673,0
0.5,0.2,0,0,228,905339.3,123564,7.3269,0
0.5,0.2,0,0,259,911687.8,123722,7.3688,0
0.5,0.2,0,0,258,911419.2,123722,7.3667,0
0.5,0.2,0,0,257,911289.2,123722,7.3656,0
0.5,0.2,0,0,288,916732.6,123942,7.3965,0
0.5,0.2,0,0,287,916360.3,123821,7.4007,0
0.5,0.2,0,0,286,916276.7,123821,7.4,0
0.5,0.2,0,0,285,916039.2,123942,7.3909,0
0.5,0.2,0,0,284,915963.2,123942,7.3903,0
0.5,0.2,0,0,283,915788.2,123942,7.3888,0
0.5,0.2,0,0,282,915570.5,123942,7.3871,0
0.5,0.2,0,0,281,915624.7,123942,7.3875,0
0.5,0.2,0,0,340,918731.6,123909,7.4146,0
0.5,0.2,0,0,248,910016.8,123722,7.3553,0
0.5,0.2,0,0,247,909775.6,123722,7.3534,0
0.5,0.2,0,0,244,909326.9,123627,7.3554,0
0.5,0.2,0,0,275,914273.2,123821,7.3838,0
0.5,0.2,0,0,274,913897.9,123821,7.3808,0
0.5,0.2,0,0,273,913852.7,123821,7.3804,0
0.5,0.2,0,0,304,917603.7,123942,7.4035,0
0.5,0.2,0,0,303,917517.4,123942,7.4028,0
0.5,0.2,0,0,302,917547.2,123942,7.403,0
0.5,0.2,0,0,301,917441.7,123942,7.4022,0
0.5,0.2,0,0,300,917378.3,123942,7.4017,0
0.5,0.2,0,0,299,917393.7,123942,7.4018,0
0.5,0.2,0,0,298,917424.8,123942,7.402,0
0.5,0.2,0,0,297,917511.3,123942,7.4027,0
0.5,0.2,0,0,324,918014.7,123843,7.4127,0
0.5,0.2,0,0,264,911918.2,123722,7.3707,0
0.5,0.2,0,0,263,911787.4,123722,7.3696,0
0.5,0.2,0,0,262,911625.3,123722,7.3683,0
0.5,0.2,0,0,320,918102.2,123909,7.4095,0
0.5,0.2,0,0,319,917982.4,123985,7.404,0
0.5,0.2,0,0,318,918281.4,124084,7.4005,0
0.5,0.2,0,0,317,918299.9,124084,7.4006,0
0.5,0.2,0,0,316,918193.1,124084,7.3998,0
0.5,0.2,0,0,315,918179.5,124084,7.3997,0
0.5,0.2,0,0,314,917980.6,124084,7.3981,0
0.5,0.2,0,0,313,917924.2,124084,7.3976,0
0.5,0.2,0,0,342,919124.8,124008,7.4118,0
0.5,0.2,0,0,308,917765.1,124084,7.3963,0
0.5,0.2,0,0,339,919001.1,123942,7.4148,0
0.5,0.2,0,0,337,919102.3,124008,7.4116,0
0.5,0.2,0,0,280,915012.0,123942,7.3826,0
0.5,0.2,0,0,279,914870.7,123942,7.3814,0
0.5,0.2,0,0,278,914824.5,123821,7.3883,0
0.5,0.2,0,0,277,914762.4,123821,7.3878,0
0.5,0.2,0,0,328,918355.7,123942,7.4096,0
0.5,0.2,0,0,327,918416.9,123942,7.4101,0
0.5,0.2,0,0,326,918053.6,123843,7.413,0
0.5,0.2,0,0,325,918153.5,123843,7.4139,0
0.5,0.2,0,0,292,917503.2,123942,7.4027,0
0.5,0.2,0,0,323,918043.3,123843,7.413,0
0.5,0.2,0,0,322,918050.7,123843,7.413,0
0.5,0.2,0,0,321,917972.8,123909,7.4084,0
0.5,0.2,0,0,296,917484.6,123942,7.4025,0
0.5,0.2,0,0,295,917363.5,123942,7.4016,0
0.5,0.2,0,0,294,917244.2,123942,7.4006,0
0.5,0.2,0,0,293,917571.2,123942,7.4032,0
0.5,0.2,0,0,260,911719.4,123722,7.3691,0
0.5,0.2,0,0,291,916828.6,123942,7.3972,0
0.5,0.2,0,0,290,917079.0,123942,7.3993,0
0.5,0.2,0,0,289,916706.3,123942,7.3963,0
0.5,0.2,0,0,312,917754.8,124008,7.4008,0
0.5,0.2,0,0,311,917693.4,124008,7.4003,0
0.5,0.2,0,0,310,917296.2,123909,7.403,0
0.5,0.2,0,0,309,917228.6,123985,7.3979,0
0.5,0.2,0,0,276,914517.7,123821,7.3858,0
0.5,0.2,0,0,307,917781.3,124084,7.3965,0
0.5,0.2,0,0,306,917786.4,124084,7.3965,0
0.5,0.2,0,0,305,917780.8,123942,7.4049,0
0.5,0.2,0,0,336,919130.4,124008,7.4119,0
0.5,0.2,0,0,335,919023.0,124008,7.411,0
0.5,0.2,0,0,334,918894.2,124008,7.41,0
0.5,0.2,0,0,333,918911.9,124008,7.4101,0
0.5,0.2,0,0,332,918843.0,123942,7.4135,0
0.5,0.2,0,0,331,918743.1,123942,7.4127,0
0.5,0.2,0,0,330,918524.2,123942,7.4109,0
0.5,0.2,0,0,329,918471.2,123942,7.4105,0
0.5,0.2,0,0,182,889801.4,123601,7.199,0
0.5,0.2,0,0,208,900210.4,123826,7.27,0
0.5,0.2,0,0,207,899312.0,123843,7.2617,0
0.5,0.2,0,0,206,898914.3,123921,7.2539,0
0.5,0.2,0,0,205,898394.1,123826,7.2553,0
0.5,0.2,0,0,204,897731.8,123690,7.2579,0
0.5,0.2,0,0,203,898105.6,123826,7.253,0
0.5,0.2,0,0,202,897901.7,123912,7.2463,0
0.5,0.2,0,0,201,897636.6,123742,7.2541,0
0.5,0.2,0,0,192,894171.0,123690,7.2291,0
0.5,0.2,0,0,191,893581.7,123685,7.2247,0
0.5,0.2,0,0,190,893142.2,123685,7.2211,0
0.5,0.2,0,0,189,892301.8,123590,7.2199,0
0.5,0.2,0,0,188,891858.3,123690,7.2104,0
0.5,0.2,0,0,187,891435.5,123590,7.2128,0
0.5,0.2,0,0,186,890598.3,123685,7.2005,0
0.5,0.2,0,0,185,890235.9,123696,7.197,0
0.5,0.2,0,0,352,919538.5,124008,7.4152,0
0.5,0.2,0,0,351,919610.6,124008,7.4157,0
0.5,0.2,0,0,350,919646.0,124008,7.416,0
0.5,0.2,0,0,349,919514.2,124008,7.415,0
0.5,0.2,0,0,348,919547.5,124008,7.4152,0
0.5,0.2,0,0,347,919447.6,124008,7.4144,0
0.5,0.2,0,0,346,919527.8,124008,7.4151,0
0.5,0.2,0,0,345,919301.4,124008,7.4132,0
0.5,0.2,0,0,344,919294.9,124008,7.4132,0
0.5,0.2,0,0,343,919208.1,124008,7.4125,0
0.5,0.2,0,0,341,919232.7,124008,7.4127,0
0.5,0.2,0,0,338,919162.7,124008,7.4121,0
0.5,0.2,0,0,368,919987.7,124008,7.4188,0
0.5,0.2,0,0,367,919979.6,124008,7.4187,0
0.5,0.2,0,0,366,919935.3,124008,7.4184,0
0.5,0.2,0,0,365,919868.9,124008,7.4178,0
0.5,0.2,0,0,364,919893.1,124008,7.418,0
0.5,0.2,0,0,363,919800.7,124008,7.4173,0
0.5,0.2,0,0,362,919685.3,124008,7.4163,0
0.5,0.2,0,0,361,919683.1,124008,7.4163,0
0.5,0.2,0,0,360,919617.0,124008,7.4158,0
0.5,0.2,0,0,359,919645.6,124008,7.416,0
0.5,0.2,0,0,358,919671.7,124008,7.4162,0
0.5,0.2,0,0,357,919751.1,124008,7.4169,0
0.5,0.2,0,0,355,919756.4,124008,7.4169,0
0.5,0.2,0,0,354,919651.0,124008,7.4161,0
0.5,0.2,0,0,353,919532.8,124008,7.4151,0
0.5,0.2,0,0,384,920697.2,124008,7.4245,0
0.5,0.2,0,0,383,920596.4,124008,7.4237,0
0.5,0.2,0,0,382,920630.2,124008,7.424,0
0.5,0.2,0,0,381,920649.5,124008,7.4241,0
0.5,0.2,0,0,380,920613.5,124008,7.4238,0
0.5,0.2,0,0,379,920515.6,124008,7.423,0
0.5,0.2,0,0,378,920545.7,124008,7.4233,0
0.5,0.2,0,0,377,920458.8,124008,7.4226,0
0.5,0.2,0,0,376,920470.6,124008,7.4227,0
0.5,0.2,0,0,375,920429.5,124008,7.4223,0
0.5,0.2,0,0,374,920417.4,124008,7.4222,0
0.5,0.2,0,0,373,920405.2,124008,7.4221,0
0.5,0.2,0,0,371,920173.3,124008,7.4203,0
0.5,0.2,0,0,370,920129.3,124008,7.4199,0
0.5,0.2,0,0,369,920004.9,124008,7.4189,0
0.5,0.2,0,0,400,920786.5,124008,7.4252,0
0.5,0.2,0,0,399,920776.8,124008,7.4251,0
0.5,0.2,0,0,398,920807.5,124008,7.4254,0
0.5,0.2,0,0,397,920805.5,124008,7.4254,0
0.5,0.2,0,0,396,920793.7,124008,7.4253,0
0.5,0.2,0,0,395,920751.1,124008,7.4249,0
0.5,0.2,0,0,394,920783.7,124008,7.4252,0
0.5,0.2,0,0,393,920748.5,124008,7.4249,0
0.5,0.2,0,0,392,920696.1,124008,7.4245,0
0.5,0.2,0,0,391,920734.2,124008,7.4248,0
0.5,0.2,0,0,390,920667.7,124008,7.4243,0
0.5,0.2,0,0,389,920806.1,124008,7.4254,0
0.5,0.2,0,0,356,919799.1,124008,7.4173,0
0.5,0.2,0,0,387,920755.0,124008,7.425,0
0.5,0.2,0,0,386,920698.6,124008,7.4245,0
0.5,0.2,0,0,385,920727.6,124008,7.4247,0
0.5,0.2,0,0,416,920848.1,124008,7.4257,0
0.5,0.2,0,0,415,920797.4,124008,7.4253,0
0.5,0.2,0,0,414,920812.6,124008,7.4254,0
0.5,0.2,0,0,413,920834.3,124008,7.4256,0
0.5,0.2,0,0,412,920763.8,124008,7.425,0
0.5,0.2,0,0,411,920753.1,124008,7.4249,0
0.5,0.2,0,0,410,920780.6,124008,7.4252,0
0.5,0.2,0,0,409,920823.3,124008,7.4255,0
0.5,0.2,0,0,408,920862.9,124008,7.4258,0
0.5,0.2,0,0,407,920905.5,124008,7.4262,0
0.5,0.2,0,0,406,920883.5,124008,7.426,0
0.5,0.2,0,0,405,920915.5,124008,7.4263,0
0.5,0.2,0,0,372,920280.0,124008,7.4211,0
0.5,0.2,0,0,403,920776.1,124008,7.4251,0
0.5,0.2,0,0,402,920731.9,124008,7.4248,0
0.5,0.2,0,0,401,920813.1,124008,7.4254,0
0.5,0.2,0,0,432,921018.8,124008,7.4271,0
0.5,0.2,0,0,431,921011.0,124008,7.427,0
0.5,0.2,0,0,430,920947.0,124008,7.4265,0
0.5,0.2,0,0,429,920892.1,124008,7.4261,0
0.5,0.2,0,0,428,920858.0,124008,7.4258,0
0.5,0.2,0,0,427,920917.8,124008,7.4263,0
0.5,0.2,0,0,426,920922.7,124008,7.4263,0
0.5,0.2,0,0,425,920938.0,124008,7.4264,0
0.5,0.2,0,0,424,920940.8,124008,7.4265,0
0.5,0.2,0,0,423,920978.0,124008,7.4268,0
0.5,0.2,0,0,422,920989.7,124008,7.4269,0
0.5,0.2,0,0,421,920983.8,124008,7.4268,0
0.5,0.2,0,0,388,920744.2,124008,7.4249,0
0.5,0.2,0,0,419,920896.6,124008,7.4261,0
0.5,0.2,0,0,418,920879.0,124008,7.426,0
0.5,0.2,0,0,417,920839.2,124008,7.4256,0
0.5,0.2,0,0,448,921447.6,124124,7.4236,0
0.5,0.2,0,0,447,921430.2,124124,7.4235,0
0.5,0.2,0,0,446,921405.8,124124,7.4233,0
0.5,0.2,0,0,445,921440.9,124124,7.4236,0
0.5,0.2,0,0,444,920935.5,124008,7.4264,0
0.5,0.2,0,0,443,920916.2,124008,7.4263,0
0.5,0.2,0,0,442,920906.8,124008,7.4262,0
0.5,0.2,0,0,441,920907.9,124008,7.4262,0
0.5,0.2,0,0,440,920932.1,124008,7.4264,0
0.5,0.2,0,0,439,920895.2,124008,7.4261,0
0.5,0.2,0,0,438,920889.7,124008,7.4261,0
0.5,0.2,0,0,437,920899.6,124008,7.4261,0
0.5,0.2,0,0,404,920802.3,124008,7.4253,0
0.5,0.2,0,0,435,920914.3,124008,7.4262,0
0.5,0.2,0,0,434,920938.1,124008,7.4264,0
0.5,0.2,0,0,433,920976.5,124008,7.4268,0
0.5,0.2,0,0,464,921167.7,124008,7.4283,0
0.5,0.2,0,0,463,921134.1,124008,7.428,0
0.5,0.2,0,0,462,921638.0,124124,7.4251,0
0.5,0.2,0,0,461,921598.2,124124,7.4248,0
0.5,0.2,0,0,460,921656.9,124124,7.4253,0
0.5,0.2,0,0,459,921666.9,124124,7.4254,0
0.5,0.2,0,0,458,921612.7,124124,7.4249,0
0.5,0.2,0,0,457,921610.7,124124,7.4249,0
0.5,0.2,0,0,456,921619.0,124124,7.425,0
0.5,0.2,0,0,455,921575.2,124124,7.4246,0
0.5,0.2,0,0,454,921522.3,124124,7.4242,0
0.5,0.2,0,0,453,921529.1,124124,7.4243,0
0.5,0.2,0,0,420,920945.8,124008,7.4265,0
0.5,0.2,0,0,451,921506.9,124124,7.4241,0
0.5,0.2,0,0,450,921452.6,124124,7.4236,0
0.5,0.2,0,0,449,921459.7,124124,7.4237,0
0.5,0.2,0,0,480,921414.8,124008,7.4303,0
0.5,0.2,0,0,479,921403.6,124008,7.4302,0
0.5,0.2,0,0,478,921411.8,124008,7.4303,0
0.5,0.2,0,0,477,921426.1,124008,7.4304,0
0.5,0.2,0,0,476,921361.4,124008,7.4299,0
0.5,0.2,0,0,475,921355.5,124008,7.4298,0
0.5,0.2,0,0,474,921318.8,124008,7.4295,0
0.5,0.2,0,0,473,921318.3,124008,7.4295,0
0.5,0.2,0,0,472,921317.9,124008,7.4295,0
0.5,0.2,0,0,471,921311.2,124008,7.4294,0
0.5,0.2,0,0,470,921303.2,124008,7.4294,0
0.5,0.2,0,0,469,921299.7,124008,7.4294,0
0.5,0.2,0,0,436,920906.5,124008,7.4262,0
0.5,0.2,0,0,467,921754.9,124124,7.4261,0
0.5,0.2,0,0,466,921728.1,124124,7.4259,0
0.5,0.2,0,0,465,921193.0,124008,7.4285,0
0.5,0.2,0,0,496,921347.3,124008,7.4297,0
0.5,0.2,0,0,495,921375.2,124008,7.43,0
0.5,0.2,0,0,494,921344.6,124008,7.4297,0
0.5,0.2,0,0,493,921345.4,124008,7.4297,0
0.5,0.2,0,0,492,921345.5,124008,7.4297,0
0.5,0.2,0,0,491,921377.0,124008,7.43,0
0.5,0.2,0,0,490,921392.4,124008,7.4301,0
0.5,0.2,0,0,489,921374.0,124008,7.43,0
0.5,0.2,0,0,488,921415.2,124008,7.4303,0
0.5,0.2,0,0,487,921421.6,124008,7.4303,0
0.5,0.2,0,0,486,921437.8,124008,7.4305,0
0.5,0.2,0,0,485,921448.7,124008,7.4306,0
0.5,0.2,0,0,452,921501.9,124124,7.424,0
0.5,0.2,0,0,483,921421.2,124008,7.4303,0
0.5,0.2,0,0,482,921414.8,124008,7.4303,0
0.5,0.2,0,0,481,921417.8,124008,7.4303,0
0.5,0.2,0,0,512,921424.8,124008,7.4304,0
0.5,0.2,0,0,511,921391.2,124008,7.4301,0
0.5,0.2,0,0,510,921383.0,124008,7.43,0
0.5,0.2,0,0,509,921360.9,124008,7.4299,0
0.5,0.2,0,0,508,921346.7,124008,7.4297,0
0.5,0.2,0,0,507,921308.4,124008,7.4294,0
0.5,0.2,0,0,506,921330.1,124008,7.4296,0
0.5,0.2,0,0,505,921334.3,124008,7.4296,0
0.5,0.2,0,0,504,921376.4,124008,7.43,0
0.5,0.2,0,0,503,921376.5,124008,7.43,0
0.5,0.2,0,0,502,921367.8,124008,7.4299,0
0.5,0.2,0,0,501,921377.9,124008,7.43,0
0.5,0.2,0,0,468,921270.2,124008,7.4291,0
0.5,0.2,0,0,499,921352.0,124008,7.4298,0
0.5,0.2,0,0,498,921360.6,124008,7.4298,0
0.5,0.2,0,0,497,921356.3,124008,7.4298,0
0.5,0.2,0,0,528,921461.9,124008,7.4307,0
0.5,0.2,0,0,527,921467.2,124008,7.4307,0
0.5,0.2,0,0,526,921491.1,124008,7.4309,0
0.5,0.2,0,0,525,921476.3,124008,7.4308,0
0.5,0.2,0,0,524,921498.0,124008,7.431,0
0.5,0.2,0,0,523,921461.8,124008,7.4307,0
0.5,0.2,0,0,522,921471.1,124008,7.4307,0
0.5,0.2,0,0,521,921483.4,124008,7.4308,0
0.5,0.2,0,0,520,921464.5,124008,7.4307,0
0.5,0.2,0,0,519,921467.7,124008,7.4307,0
0.5,0.2,0,0,518,921452.1,124008,7.4306,0
0.5,0.2,0,0,517,921455.8,124008,7.4306,0
0.5,0.2,0,0,484,921424.3,124008,7.4304,0
0.5,0.2,0,0,515,921425.4,124008,7.4304,0
0.5,0.2,0,0,514,921426.8,124008,7.4304,0
0.5,0.2,0,0,513,921427.5,124008,7.4304,0
0.5,0.2,0,0,544,921560.5,124008,7.4315,0
0.5,0.2,0,0,543,921540.3,124008,7.4313,0
0.5,0.2,0,0,542,921530.3,124008,7.4312,0
0.5,0.2,0,0,541,921550.1,124008,7.4314,0
0.5,0.2,0,0,540,921514.0,124008,7.4311,0
0.5,0.2,0,0,539,921509.1,124008,7.431,0
0.5,0.2,0,0,538,921500.4,124008,7.431,0
0.5,0.2,0,0,537,921502.9,124008,7.431,0
0.5,0.2,0,0,536,921484.1,124008,7.4308,0
0.5,0.2,0,0,535,921461.8,124008,7.4307,0
0.5,0.2,0,0,534,921467.5,124008,7.4307,0
0.5,0.2,0,0,533,921490.7,124008,7.4309,0
0.5,0.2,0,0,500,921381.8,124008,7.43,0
0.5,0.2,0,0,531,921463.4,124008,7.4307,0
0.5,0.2,0,0,530,921444.7,124008,7.4305,0
0.5,0.2,0,0,529,921463.7,124008,7.4307,0
0.5,0.2,0,0,560,921632.4,124008,7.432,0
0.5,0.2,0,0,559,921636.3,124008,7.4321,0
0.5,0.2,0,0,558,921627.2,124008,7.432,0
0.5,0.2,0,0,557,921637.6,124008,7.4321,0
0.5,0.2,0,0,556,921607.2,124008,7.4318,0
0.5,0.2,0,0,555,921591.8,124008,7.4317,0
0.5,0.2,0,0,554,921586.4,124008,7.4317,0
0.5,0.2,0,0,553,921601.4,124008,7.4318,0
0.5,0.2,0,0,552,921586.6,124008,7.4317,0
0.5,0.2,0,0,551,921564.5,124008,7.4315,0
0.5,0.2,0,0,550,921578.4,124008,7.4316,0
0.5,0.2,0,0,549,921580.0,124008,7.4316,0
0.5,0.2,0,0,516,921432.5,124008,7.4304,0
0.5,0.2,0,0,547,921556.2,124008,7.4314,0
0.5,0.2,0,0,546,921562.3,124008,7.4315,0
0.5,0.2,0,0,545,921552.9,124008,7.4314,0
0.5,0.2,0,0,576,921648.3,124008,7.4322,0
0.5,0.2,0,0,575,921615.9,124008,7.4319,0
0.5,0.2,0,0,574,921617.7,124008,7.4319,0
0.5,0.2,0,0,573,921619.0,124008,7.4319,0
0.5,0.2,0,0,572,921627.9,124008,7.432,0
0.5,0.2,0,0,571,921640.9,124008,7.4321,0
0.5,0.2,0,0,570,921632.7,124008,7.432,0
0.5,0.2,0,0,569,921627.3,124008,7.432,0
0.5,0.2,0,0,568,921631.1,124008,7.432,0
0.5,0.2,0,0,567,921656.3,124008,7.4322,0
0.5,0.2,0,0,566,921682.3,124008,7.4324,0
0.5,0.2,0,0,565,921667.2,124008,7.4323,0
0.5,0.2,0,0,532,921478.6,124008,7.4308,0
0.5,0.2,0,0,564,921640.8,124008,7.4321,0
0.5,0.2,0,0,563,921653.8,124008,7.4322,0
0.5,0.2,0,0,562,921637.1,124008,7.4321,0
0.5,0.2,0,0,561,921612.5,124008,7.4319,0
0.5,0.2,0,0,548,921573.5,124008,7.4316,0
0.5,0.3,0,0,89,798246.7,180651,4.4187,0
0.5,0.3,0,0,123,798291.0,181333,4.4023,0
0.5,0.3,0,0,122,798345.0,181333,4.4026,0
0.5,0.3,0,0,69,798367.9,181270,4.4043,0
0.5,0.3,0,0,91,798368.1,180819,4.4153,0
0.5,0.3,0,0,102,798396.3,181009,4.4108,0
0.5,0.3,0,0,87,798418.1,180946,4.4125,0
0.5,0.3,0,0,119,798444.8,181541,4.3982,0
0.5,0.3,0,0,116,798455.1,181206,4.4063,0
0.5,0.3,0,0,92,798456.0,181122,4.4084,0
0.5,0.3,0,0,131,798480.7,181520,4.3989,0
0.5,0.3,0,0,98,798521.8,181140,4.4083,0
0.5,0.3,0,0,120,798538.0,181668,4.3956,0
0.5,0.3,0,0,96,798547.3,181105,4.4093,0
0.5,0.3,0,0,121,798565.5,181668,4.3957,0
0.5,0.3,0,0,105,798594.7,180649,4.4207,0
0.5,0.3,0,0,117,798614.0,181541,4.3991,0
0.5,0.3,0,0,114,798632.1,181725,4.3947,0
0.5,0.3,0,0,118,798636.6,181340,4.4041,0
0.5,0.3,0,0,106,798674.6,180649,4.4211,0
0.5,0.3,0,0,132,798692.6,181647,4.3969,0
0.5,0.3,0,0,103,798700.1,181140,4.4093,0
0.5,0.3,0,0,135,798706.5,181520,4.4001,0
0.5,0.3,0,0,75,798712.5,181636,4.3973,0
0.5,0.3,0,0,97,798734.2,180964,4.4138,0
0.5,0.3,0,0,85,798742.5,181178,4.4086,0
0.5,0.3,0,0,112,798758.9,181607,4.3983,0
0.5,0.3,0,0,133,798771.7,181647,4.3974,0
0.5,0.3,0,0,104,798782.5,180833,4.4172,0
0.5,0.3,0,0,100,798785.7,180978,4.4137,0
0.5,0.3,0,0,99,798792.7,181140,4.4098,0
0.5,0.3,0,0,134,798798.7,181647,4.3975,0
0.5,0.3,0,0,111,798807.4,181524,4.4006,0
0.5,0.3,0,0,93,798834.6,180956,4.4145,0
0.5,0.3,0,0,130,798840.1,181654,4.3976,0
0.5,0.3,0,0,78,798855.6,181659,4.3976,0
0.5,0.3,0,0,76,798856.3,181522,4.4009,0
0.5,0.3,0,0,126,798857.8,181654,4.3977,0
0.5,0.3,0,0,124,798874.7,181632,4.3983,0
0.5,0.3,0,0,110,798886.2,181390,4.4042,0
0.5,0.3,0,0,62,798917.8,181768,4.3953,0
0.5,0.3,0,0,86,798935.5,181002,4.414,0
0.5,0.3,0,0,115,798951.9,181524,4.4014,0
0.5,0.3,0,0,136,798958.1,181534,4.4011,0
0.5,0.3,0,0,113,798969.8,181741,4.3962,0
0.5,0.3,0,0,77,798971.3,181659,4.3982,0
0.5,0.3,0,0,127,799030.5,181766,4.3959,0
0.5,0.3,0,0,101,799036.2,181154,4.4108,0
0.5,0.3,0,0,95,799083.0,181281,4.408,0
0.5,0.3,0,0,109,799083.1,181390,4.4053,0
0.5,0.3,0,0,128,799133.7,181766,4.3965,0
0.5,0.3,0,0,139,799143.4,181520,4.4025,0
0.5,0.3,0,0,138,799148.0,181534,4.4022,0
0.5,0.3,0,0,137,799160.6,181534,4.4023,0
0.5,0.3,0,0,79,799184.6,181659,4.3994,0
0.5,0.3,0,0,81,799250.8,181308,4.4082,0
0.5,0.3,0,0,94,799252.6,181140,4.4123,0
0.5,0.3,0,0,125,799254.8,181766,4.3972,0
0.5,0.3,0,0,129,799356.3,181998,4.3921,0
0.5,0.3,0,0,80,799365.7,181634,4.401,0
0.5,0.3,0,0,64,799437.8,181431,4.4063,0
0.5,0.3,0,0,108,799480.7,181524,4.4043,0
0.5,0.3,0,0,145,799554.1,181661,4.4014,0
0.5,0.3,0,0,140,799556.8,181647,4.4017,0
0.5,0.3,0,0,146,799579.4,181661,4.4015,0
0.5,0.3,0,0,141,799623.5,181661,4.4017,0
0.5,0.3,0,0,160,799660.1,181990,4.394,0
0.5,0.3,0,0,142,799692.3,181661,4.4021,0
0.5,0.3,0,0,172,799743.6,181845,4.3979,0
0.5,0.3,0,0,171,799750.5,181990,4.3945,0
0.5,0.3,0,0,170,799764.9,181792,4.3993,0
0.5,0.3,0,0,175,799770.8,181792,4.3994,0
0.5,0.3,0,0,173,799774.0,181647,4.4029,0
0.5,0.3,0,0,169,799781.6,181990,4.3946,0
0.5,0.3,0,0,211,799799.3,181661,4.4027,0
0.5,0.3,0,0,210,799811.6,181661,4.4028,0
0.5,0.3,0,0,212,799814.1,181661,4.4028,0
0.5,0.3,0,0,446,799815.3,181661,4.4028,0
0.5,0.3,0,0,447,799815.3,181661,4.4028,0
0.5,0.3,0,0,448,799815.3,181661,4.4028,0
0.5,0.3,0,0,449,799815.3,181661,4.4028,0
0.5,0.3,0,0,482,799815.3,181661,4.4028,0
0.5,0.3,0,0,483,799815.3,181661,4.4028,0
0.5,0.3,0,0,484,799815.3,181661,4.4028,0
0.5,0.3,0,0,517,799815.3,181661,4.4028,0
0.5,0.3,0,0,518,799815.3,181661,4.4028,0
0.5,0.3,0,0,519,799815.3,181661,4.4028,0
0.5,0.3,0,0,520,799815.3,181661,4.4028,0
0.5,0.3,0,0,521,799815.3,181661,4.4028,0
0.5,0.3,0,0,490,799815.3,181661,4.4028,0
0.5,0.3,0,0,491,799815.3,181661,4.4028,0
0.5,0.3,0,0,492,799815.3,181661,4.4028,0
0.5,0.3,0,0,493,799815.3,181661,4.4028,0
0.5,0.3,0,0,430,799815.3,181661,4.4028,0
0.5,0.3,0,0,431,799815.3,181661,4.4028,0
0.5,0.3,0,0,432,799815.3,181661,4.4028,0
0.5,0.3,0,0,433,799815.3,181661,4.4028,0
0.5,0.3,0,0,466,799815.3,181661,4.4028,0
0.5,0.3,0,0,467,799815.3,181661,4.4028,0
0.5,0.3,0,0,468,799815.3,181661,4.4028,0
0.5,0.3,0,0,501,799815.3,181661,4.4028,0
0.5,0.3,0,0,502,799815.3,181661,4.4028,0
0.5,0.3,0,0,503,799815.3,181661,4.4028,0
0.5,0.3,0,0,504,799815.3,181661,4.4028,0
0.5,0.3,0,0,505,799815.3,181661,4.4028,0
0.5,0.3,0,0,474,799815.3,181661,4.4028,0
0.5,0.3,0,0,475,799815.3,181661,4.4028,0
0.5,0.3,0,0,476,799815.3,181661,4.4028,0
0.5,0.3,0,0,477,799815.3,181661,4.4028,0
0.5,0.3,0,0,414,799815.3,181661,4.4028,0
0.5,0.3,0,0,415,799815.3,181661,4.4028,0
0.5,0.3,0,0,416,799815.3,181661,4.4028,0
0.5,0.3,0,0,417,799815.3,181661,4.4028,0
0.5,0.3,0,0,450,799815.3,181661,4.4028,0
0.5,0.3,0,0,451,799815.3,181661,4.4028,0
0.5,0.3,0,0,452,799815.3,181661,4.4028,0
0.5,0.3,0,0,485,799815.3,181661,4.4028,0
0.5,0.3,0,0,486,799815.3,181661,4.4028,0
0.5,0.3,0,0,487,799815.3,181661,4.4028,0
0.5,0.3,0,0,488,799815.3,181661,4.4028,0
0.5,0.3,0,0,489,799815.3,181661,4.4028,0
0.5,0.3,0,0,458,799815.3,181661,4.4028,0
0.5,0.3,0,0,459,799815.3,181661,4.4028,0
0.5,0.3,0,0,460,799815.3,181661,4.4028,0
0.5,0.3,0,0,461,799815.3,181661,4.4028,0
0.5,0.3,0,0,398,799815.3,181661,4.4028,0
0.5,0.3,0,0,399,799815.3,181661,4.4028,0
0.5,0.3,0,0,400,799815.3,181661,4.4028,0
0.5,0.3,0,0,401,799815.3,181661,4.4028,0
0.5,0.3,0,0,434,799815.3,181661,4.4028,0
0.5,0.3,0,0,435,799815.3,181661,4.4028,0
0.5,0.3,0,0,436,799815.3,181661,4.4028,0
0.5,0.3,0,0,469,799815.3,181661,4.4028,0
0.5,0.3,0,0,470,799815.3,181661,4.4028,0
0.5,0.3,0,0,471,799815.3,181661,4.4028,0
0.5,0.3,0,0,472,799815.3,181661,4.4028,0
0.5,0.3,0,0,473,799815.3,181661,4.4028,0
0.5,0.3,0,0,442,799815.3,181661,4.4028,0
0.5,0.3,0,0,443,799815.3,181661,4.4028,0
0.5,0.3,0,0,444,799815.3,181661,4.4028,0
0.5,0.3,0,0,445,799815.3,181661,4.4028,0
0.5,0.3,0,0,382,799815.3,181661,4.4028,0
0.5,0.3,0,0,383,799815.3,181661,4.4028,0
0.5,0.3,0,0,384,799815.3,181661,4.4028,0
0.5,0.3,0,0,385,799815.3,181661,4.4028,0
0.5,0.3,0,0,418,799815.3,181661,4.4028,0
0.5,0.3,0,0,419,799815.3,181661,4.4028,0
0.5,0.3,0,0,420,799815.3,181661,4.4028,0
0.5,0.3,0,0,453,799815.3,181661,4.4028,0
0.5,0.3,0,0,454,799815.3,181661,4.4028,0
0.5,0.3,0,0,455,799815.3,181661,4.4028,0
0.5,0.3,0,0,456,799815.3,181661,4.4028,0
0.5,0.3,0,0,457,799815.3,181661,4.4028,0
0.5,0.3,0,0,426,799815.3,181661,4.4028,0
0.5,0.3,0,0,427,799815.3,181661,4.4028,0
0.5,0.3,0,0,428,799815.3,181661,4.4028,0
0.5,0.3,0,0,429,799815.3,181661,4.4028,0
0.5,0.3,0,0,366,799815.3,181661,4.4028,0
0.5,0.3,0,0,367,799815.3,181661,4.4028,0
0.5,0.3,0,0,368,799815.3,181661,4.4028,0
0.5,0.3,0,0,369,799815.3,181661,4.4028,0
0.5,0.3,0,0,402,799815.3,181661,4.4028,0
0.5,0.3,0,0,403,799815.3,181661,4.4028,0
0.5,0.3,0,0,404,799815.3,181661,4.4028,0
0.5,0.3,0,0,437,799815.3,181661,4.4028,0
0.5,0.3,0,0,438,799815.3,181661,4.4028,0
0.5,0.3,0,0,439,799815.3,181661,4.4028,0
0.5,0.3,0,0,440,799815.3,181661,4.4028,0
0.5,0.3,0,0,441,799815.3,181661,4.4028,0
0.5,0.3,0,0,410,799815.3,181661,4.4028,0
0.5,0.3,0,0,411,799815.3,181661,4.4028,0
0.5,0.3,0,0,412,799815.3,181661,4.4028,0
0.5,0.3,0,0,413,799815.3,181661,4.4028,0
0.5,0.3,0,0,350,799815.3,181661,4.4028,0
0.5,0.3,0,0,351,799815.3,181661,4.4028,0
0.5,0.3,0,0,352,799815.3,181661,4.4028,0
0.5,0.3,0,0,353,799815.3,181661,4.4028,0
0.5,0.3,0,0,386,799815.3,181661,4.4028,0
0.5,0.3,0,0,387,799815.3,181661,4.4028,0
0.5,0.3,0,0,388,799815.3,181661,4.4028,0
0.5,0.3,0,0,421,799815.3,181661,4.4028,0
0.5,0.3,0,0,422,799815.3,181661,4.4028,0
0.5,0.3,0,0,423,799815.3,181661,4.4028,0
0.5,0.3,0,0,424,799815.3,181661,4.4028,0
0.5,0.3,0,0,425,799815.3,181661,4.4028,0
0.5,0.3,0,0,394,799815.3,181661,4.4028,0
0.5,0.3,0,0,395,799815.3,181661,4.4028,0
0.5,0.3,0,0,396,799815.3,181661,4.4028,0
0.5,0.3,0,0,397,799815.3,181661,4.4028,0
0.5,0.3,0,0,334,799815.3,181661,4.4028,0
0.5,0.3,0,0,335,799815.3,181661,4.4028,0
0.5,0.3,0,0,336,799815.3,181661,4.4028,0
0.5,0.3,0,0,337,799815.3,181661,4.4028,0
0.5,0.3,0,0,370,799815.3,181661,4.4028,0
0.5,0.3,0,0,371,799815.3,181661,4.4028,0
0.5,0.3,0,0,372,799815.3,181661,4.4028,0
0.5,0.3,0,0,405,799815.3,181661,4.4028,0
0.5,0.3,0,0,406,799815.3,181661,4.4028,0
0.5,0.3,0,0,407,799815.3,181661,4.4028,0
0.5,0.3,0,0,408,799815.3,181661,4.4028,0
0.5,0.3,0,0,409,799815.3,181661,4.4028,0
0.5,0.3,0,0,378,799815.3,181661,4.4028,0
0.5,0.3,0,0,379,799815.3,181661,4.4028,0
0.5,0.3,0,0,380,799815.3,181661,4.4028,0
0.5,0.3,0,0,381,799815.3,181661,4.4028,0
0.5,0.3,0,0,318,799815.3,181661,4.4028,0
0.5,0.3,0,0,319,799815.3,181661,4.4028,0
0.5,0.3,0,0,320,799815.3,181661,4.4028,0
0.5,0.3,0,0,321,799815.3,181661,4.4028,0
0.5,0.3,0,0,354,799815.3,181661,4.4028,0
0.5,0.3,0,0,355,799815.3,181661,4.4028,0
0.5,0.3,0,0,356,799815.3,181661,4.4028,0
0.5,0.3,0,0,389,799815.3,181661,4.4028,0
0.5,0.3,0,0,390,799815.3,181661,4.4028,0
0.5,0.3,0,0,391,799815.3,181661,4.4028,0
0.5,0.3,0,0,392,799815.3,181661,4.4028,0
0.5,0.3,0,0,393,799815.3,181661,4.4028,0
0.5,0.3,0,0,362,799815.3,181661,4.4028,0
0.5,0.3,0,0,363,799815.3,181661,4.4028,0
0.5,0.3,0,0,364,799815.3,181661,4.4028,0
0.5,0.3,0,0,365,799815.3,181661,4.4028,0
0.5,0.3,0,0,302,799815.3,181661,4.4028,0
0.5,0.3,0,0,303,799815.3,181661,4.4028,0
0.5,0.3,0,0,304,799815.3,181661,4.4028,0
0.5,0.3,0,0,305,799815.3,181661,4.4028,0
0.5,0.3,0,0,338,799815.3,181661,4.4028,0
0.5,0.3,0,0,339,799815.3,181661,4.4028,0
0.5,0.3,0,0,340,799815.3,181661,4.4028,0
0.5,0.3,0,0,373,799815.3,181661,4.4028,0
0.5,0.3,0,0,374,799815.3,181661,4.4028,0
0.5,0.3,0,0,375,799815.3,181661,4.4028,0
0.5,0.3,0,0,376,799815.3,181661,4.4028,0
0.5,0.3,0,0,377,799815.3,181661,4.4028,0
0.5,0.3,0,0,346,799815.3,181661,4.4028,0
0.5,0.3,0,0,347,799815.3,181661,4.4028,0
0.5,0.3,0,0,348,799815.3,181661,4.4028,0
0.5,0.3,0,0,349,799815.3,181661,4.4028,0
0.5,0.3,0,0,286,799815.3,181661,4.4028,0
0.5,0.3,0,0,287,799815.3,181661,4.4028,0
0.5,0.3,0,0,288,799815.3,181661,4.4028,0
0.5,0.3,0,0,289,799815.3,181661,4.4028,0
0.5,0.3,0,0,322,799815.3,181661,4.4028,0
0.5,0.3,0,0,323,799815.3,181661,4.4028,0
0.5,0.3,0,0,324,799815.3,181661,4.4028,0
0.5,0.3,0,0,357,799815.3,181661,4.4028,0
0.5,0.3,0,0,358,799815.3,181661,4.4028,0
0.5,0.3,0,0,359,799815.3,181661,4.4028,0
0.5,0.3,0,0,360,799815.3,181661,4.4028,0
0.5,0.3,0,0,361,799815.3,181661,4.4028,0
0.5,0.3,0,0,330,799815.3,181661,4.4028,0
0.5,0.3,0,0,331,799815.3,181661,4.4028,0
0.5,0.3,0,0,332,799815.3,181661,4.4028,0
0.5,0.3,0,0,333,799815.3,181661,4.4028,0
0.5,0.3,0,0,270,799815.3,181661,4.4028,0
0.5,0.3,0,0,271,799815.3,181661,4.4028,0
0.5,0.3,0,0,272,799815.3,181661,4.4028,0
0.5,0.3,0,0,273,799815.3,181661,4.4028,0
0.5,0.3,0,0,306,799815.3,181661,4.4028,0
0.5,0.3,0,0,307,799815.3,181661,4.4028,0
0.5,0.3,0,0,308,799815.3,181661,4.4028,0
0.5,0.3,0,0,341,799815.3,181661,4.4028,0
0.5,0.3,0,0,342,799815.3,181661,4.4028,0
0.5,0.3,0,0,343,799815.3,181661,4.4028,0
0.5,0.3,0,0,344,799815.3,181661,4.4028,0
0.5,0.3,0,0,345,799815.3,181661,4.4028,0
0.5,0.3,0,0,314,799815.3,181661,4.4028,0
0.5,0.3,0,0,315,799815.3,181661,4.4028,0
0.5,0.3,0,0,316,799815.3,181661,4.4028,0
0.5,0.3,0,0,317,799815.3,181661,4.4028,0
0.5,0.3,0,0,254,799818.7,181661,4.4028,0
0.5,0.3,0,0,255,799815.3,181661,4.4028,0
0.5,0.3,0,0,256,799815.3,181661,4.4028,0
0.5,0.3,0,0,257,799815.3,181661,4.4028,0
0.5,0.3,0,0,290,799815.3,181661,4.4028,0
0.5,0.3,0,0,291,799815.3,181661,4.4028,0
0.5,0.3,0,0,292,799815.3,181661,4.4028,0
0.5,0.3,0,0,325,799815.3,181661,4.4028,0
0.5,0.3,0,0,326,799815.3,181661,4.4028,0
0.5,0.3,0,0,327,799815.3,181661,4.4028,0
0.5,0.3,0,0,328,799815.3,181661,4.4028,0
0.5,0.3,0,0,329,799815.3,181661,4.4028,0
0.5,0.3,0,0,298,799815.3,181661,4.4028,0
0.5,0.3,0,0,299,799815.3,181661,4.4028,0
0.5,0.3,0,0,300,799815.3,181661,4.4028,0
0.5,0.3,0,0,301,799815.3,181661,4.4028,0
0.5,0.3,0,0,238,799854.6,181661,4.403,0
0.5,0.3,0,0,239,799838.0,181661,4.4029,0
0.5,0.3,0,0,240,799852.8,181661,4.403,0
0.5,0.3,0,0,241,799873.3,181661,4.4031,0
0.5,0.3,0,0,274,799815.3,181661,4.4028,0
0.5,0.3,0,0,275,799815.3,181661,4.4028,0
0.5,0.3,0,0,276,799815.3,181661,4.4028,0
0.5,0.3,0,0,309,799815.3,181661,4.4028,0
0.5,0.3,0,0,310,799815.3,181661,4.4028,0
0.5,0.3,0,0,311,799815.3,181661,4.4028,0
0.5,0.3,0,0,312,799815.3,181661,4.4028,0
0.5,0.3,0,0,313,799815.3,181661,4.4028,0
0.5,0.3,0,0,282,799815.3,181661,4.4028,0
0.5,0.3,0,0,283,799815.3,181661,4.4028,0
0.5,0.3,0,0,284,799815.3,181661,4.4028,0
0.5,0.3,0,0,285,799815.3,181661,4.4028,0
0.5,0.3,0,0,222,799920.5,181661,4.4034,0
0.5,0.3,0,0,223,799907.5,181661,4.4033,0
0.5,0.3,0,0,224,799904.6,181661,4.4033,0
0.5,0.3,0,0,225,799881.3,181661,4.4032,0
0.5,0.3,0,0,258,799815.3,181661,4.4028,0
0.5,0.3,0,0,259,799815.3,181661,4.4028,0
0.5,0.3,0,0,260,799815.3,181661,4.4028,0
0.5,0.3,0,0,293,799815.3,181661,4.4028,0
0.5,0.3,0,0,294,799815.3,181661,4.4028,0
0.5,0.3,0,0,295,799815.3,181661,4.4028,0
0.5,0.3,0,0,296,799815.3,181661,4.4028,0
0.5,0.3,0,0,297,799815.3,181661,4.4028,0
0.5,0.3,0,0,266,799815.3,181661,4.4028,0
0.5,0.3,0,0,267,799815.3,181661,4.4028,0
0.5,0.3,0,0,268,799815.3,181661,4.4028,0
0.5,0.3,0,0,269,799815.3,181661,4.4028,0
0.5,0.3,0,0,206,799870.4,181661,4.4031,0
0.5,0.3,0,0,207,799839.6,181661,4.4029,0
0.5,0.3,0,0,208,799847.7,181661,4.403,0
0.5,0.3,0,0,209,799846.1,181661,4.403,0
0.5,0.3,0,0,242,799871.8,181661,4.4031,0
0.5,0.3,0,0,243,799858.0,181661,4.403,0
0.5,0.3,0,0,244,799858.4,181661,4.403,0
0.5,0.3,0,0,277,799815.3,181661,4.4028,0
0.5,0.3,0,0,278,799815.3,181661,4.4028,0
0.5,0.3,0,0,279,799815.3,181661,4.4028,0
0.5,0.3,0,0,280,799815.3,181661,4.4028,0
0.5,0.3,0,0,281,799815.3,181661,4.4028,0
0.5,0.3,0,0,250,799836.8,181661,4.4029,0
0.5,0.3,0,0,251,799829.3,181661,4.4029,0
0.5,0.3,0,0,252,799828.5,181661,4.4029,0
0.5,0.3,0,0,253,799825.9,181661,4.4028,0
0.5,0.3,0,0,190,799968.1,181661,4.4036,0
0.5,0.3,0,0,191,799969.5,181661,4.4036,0
0.5,0.3,0,0,192,799996.3,181661,4.4038,0
0.5,0.3,0,0,193,799955.0,181661,4.4036,0
0.5,0.3,0,0,226,799895.2,181661,4.4032,0
0.5,0.3,0,0,227,799895.9,181661,4.4032,0
0.5,0.3,0,0,228,799889.1,181661,4.4032,0
0.5,0.3,0,0,261,799815.3,181661,4.4028,0
0.5,0.3,0,0,262,799815.3,181661,4.4028,0
0.5,0.3,0,0,263,799815.3,181661,4.4028,0
0.5,0.3,0,0,264,799815.3,181661,4.4028,0
0.5,0.3,0,0,265,799815.3,181661,4.4028,0
0.5,0.3,0,0,234,799889.4,181661,4.4032,0
0.5,0.3,0,0,235,799868.6,181661,4.4031,0
0.5,0.3,0,0,236,799853.4,181661,4.403,0
0.5,0.3,0,0,237,799872.2,181661,4.4031,0
0.5,0.3,0,0,174,800429.4,182023,4.3974,0
0.5,0.3,0,0,176,800027.3,181806,4.4004,0
0.5,0.3,0,0,177,799989.2,181806,4.4002,0
0.5,0.3,0,0,245,799860.3,181661,4.403,0
0.5,0.3,0,0,246,799860.5,181661,4.403,0
0.5,0.3,0,0,247,799846.6,181661,4.403,0
0.5,0.3,0,0,248,799844.4,181661,4.403,0
0.5,0.3,0,0,249,799840.4,181661,4.4029,0
0.5,0.3,0,0,218,799874.5,181661,4.4031,0
0.5,0.3,0,0,219,799887.4,181661,4.4032,0
0.5,0.3,0,0,220,799931.8,181661,4.4034,0
0.5,0.3,0,0,221,799928.3,181661,4.4034,0
0.5,0.3,0,0,158,800579.8,182124,4.3958,0
0.5,0.3,0,0,159,800585.7,182124,4.3958,0
0.5,0.3,0,0,161,800706.0,182124,4.3965,0
0.5,0.3,0,0,194,800039.3,181661,4.404,0
0.5,0.3,0,0,195,799996.5,181661,4.4038,0
0.5,0.3,0,0,196,799988.4,181661,4.4037,0
0.5,0.3,0,0,229,799892.6,181661,4.4032,0
0.5,0.3,0,0,230,799921.7,181661,4.4034,0
0.5,0.3,0,0,231,799929.1,181661,4.4034,0
0.5,0.3,0,0,232,799900.5,181661,4.4033,0
0.5,0.3,0,0,233,799900.4,181661,4.4033,0
0.5,0.3,0,0,202,799943.6,181661,4.4035,0
0.5,0.3,0,0,203,799917.8,181661,4.4034,0
0.5,0.3,0,0,204,799877.9,181661,4.4031,0
0.5,0.3,0,0,205,799851.7,181661,4.403,0
0.5,0.3,0,0,143,800594.1,181781,4.4042,0
0.5,0.3,0,0,144,800667.3,181795,4.4042,0
0.5,0.3,0,0,178,800063.9,181806,4.4006,0
0.5,0.3,0,0,179,800037.9,181806,4.4005,0
0.5,0.3,0,0,180,799862.1,181792,4.3999,0
0.5,0.3,0,0,213,799852.8,181661,4.403,0
0.5,0.3,0,0,214,799852.8,181661,4.403,0
0.5,0.3,0,0,215,799854.9,181661,4.403,0
0.5,0.3,0,0,216,799880.7,181661,4.4032,0
0.5,0.3,0,0,217,799852.7,181661,4.403,0
0.5,0.3,0,0,186,799886.5,181661,4.4032,0
0.5,0.3,0,0,187,799924.3,181661,4.4034,0
0.5,0.3,0,0,188,799939.2,181661,4.4035,0
0.5,0.3,0,0,189,800001.7,181661,4.4038,0
0.5,0.3,0,0,462,799815.3,181661,4.4028,0
0.5,0.3,0,0,463,799815.3,181661,4.4028,0
0.5,0.3,0,0,464,799815.3,181661,4.4028,0
0.5,0.3,0,0,465,799815.3,181661,4.4028,0
0.5,0.3,0,0,498,799815.3,181661,4.4028,0
0.5,0.3,0,0,499,799815.3,181661,4.4028,0
0.5,0.3,0,0,500,799815.3,181661,4.4028,0
0.5,0.3,0,0,533,799815.3,181661,4.4028,0
0.5,0.3,0,0,534,799815.3,181661,4.4028,0
0.5,0.3,0,0,535,799815.3,181661,4.4028,0
0.5,0.3,0,0,536,799815.3,181661,4.4028,0
0.5,0.3,0,0,537,799815.3,181661,4.4028,0
0.5,0.3,0,0,506,799815.3,181661,4.4028,0
0.5,0.3,0,0,507,799815.3,181661,4.4028,0
0.5,0.3,0,0,508,799815.3,181661,4.4028,0
0.5,0.3,0,0,509,799815.3,181661,4.4028,0
0.5,0.3,0,0,162,800809.5,182124,4.3971,0
0.5,0.3,0,0,163,800844.6,182124,4.3972,0
0.5,0.3,0,0,164,800870.4,182124,4.3974,0
0.5,0.3,0,0,197,799950.5,181661,4.4035,0
0.5,0.3,0,0,198,799925.4,181661,4.4034,0
0.5,0.3,0,0,199,799949.6,181661,4.4035,0
0.5,0.3,0,0,200,799963.2,181661,4.4036,0
0.5,0.3,0,0,201,799957.7,181661,4.4036,0
0.5,0.3,0,0,147,800652.3,181795,4.4041,0
0.5,0.3,0,0,148,800613.9,181795,4.4039,0
0.5,0.3,0,0,181,800013.7,181806,4.4004,0
0.5,0.3,0,0,182,800035.6,181806,4.4005,0
0.5,0.3,0,0,183,800008.4,181661,4.4039,0
0.5,0.3,0,0,184,799904.6,181661,4.4033,0
0.5,0.3,0,0,185,799899.2,181661,4.4033,0
0.5,0.3,0,0,154,800563.0,181979,4.3992,0
0.5,0.3,0,0,155,800482.9,181979,4.3988,0
0.5,0.3,0,0,156,800513.2,181979,4.3989,0
0.5,0.3,0,0,157,800585.8,181979,4.3993,0
0.5,0.3,0,0,478,799815.3,181661,4.4028,0
0.5,0.3,0,0,479,799815.3,181661,4.4028,0
0.5,0.3,0,0,480,799815.3,181661,4.4028,0
0.5,0.3,0,0,481,799815.3,181661,4.4028,0
0.5,0.3,0,0,514,799815.3,181661,4.4028,0
0.5,0.3,0,0,515,799815.3,181661,4.4028,0
0.5,0.3,0,0,516,799815.3,181661,4.4028,0
0.5,0.3,0,0,549,799815.3,181661,4.4028,0
0.5,0.3,0,0,550,799815.3,181661,4.4028,0
0.5,0.3,0,0,551,799815.3,181661,4.4028,0
0.5,0.3,0,0,552,799815.3,181661,4.4028,0
0.5,0.3,0,0,553,799815.3,181661,4.4028,0
0.5,0.3,0,0,522,799815.3,181661,4.4028,0
0.5,0.3,0,0,523,799815.3,181661,4.4028,0
0.5,0.3,0,0,524,799815.3,181661,4.4028,0
0.5,0.3,0,0,525,799815.3,181661,4.4028,0
0.5,0.3,0,0,165,799829.1,181990,4.3949,0
0.5,0.3,0,0,166,799864.2,181990,4.3951,0
0.5,0.3,0,0,167,799841.2,181990,4.395,0
0.5,0.3,0,0,168,799834.5,181990,4.3949,0
0.5,0.3,0,0,494,799815.3,181661,4.4028,0
0.5,0.3,0,0,495,799815.3,181661,4.4028,0
0.5,0.3,0,0,496,799815.3,181661,4.4028,0
0.5,0.3,0,0,497,799815.3,181661,4.4028,0
0.5,0.3,0,0,530,799815.3,181661,4.4028,0
0.5,0.3,0,0,531,799815.3,181661,4.4028,0
0.5,0.3,0,0,532,799815.3,181661,4.4028,0
0.5,0.3,0,0,565,799815.3,181661,4.4028,0
0.5,0.3,0,0,566,799815.3,181661,4.4028,0
0.5,0.3,0,0,567,799815.3,181661,4.4028,0
0.5,0.3,0,0,568,799815.3,181661,4.4028,0
0.5,0.3,0,0,569,799815.3,181661,4.4028,0
0.5,0.3,0,0,538,799815.3,181661,4.4028,0
0.5,0.3,0,0,539,799815.3,181661,4.4028,0
0.5,0.3,0,0,540,799815.3,181661,4.4028,0
0.5,0.3,0,0,541,799815.3,181661,4.4028,0
0.5,0.3,0,0,149,800644.9,181795,4.4041,0
0.5,0.3,0,0,150,800609.3,181781,4.4043,0
0.5,0.3,0,0,151,800655.8,181781,4.4045,0
0.5,0.3,0,0,152,800571.1,181781,4.404,0
0.5,0.3,0,0,153,800567.0,181979,4.3992,0
0.5,0.3,0,0,510,799815.3,181661,4.4028,0
0.5,0.3,0,0,511,799815.3,181661,4.4028,0
0.5,0.3,0,0,512,799815.3,181661,4.4028,0
0.5,0.3,0,0,513,799815.3,181661,4.4028,0
0.5,0.3,0,0,546,799815.3,181661,4.4028,0
0.5,0.3,0,0,547,799815.3,181661,4.4028,0
0.5,0.3,0,0,548,799815.3,181661,4.4028,0
0.5,0.3,0,0,573,799815.3,181661,4.4028,0
0.5,0.3,0,0,574,799815.3,181661,4.4028,0
0.5,0.3,0,0,575,799815.3,181661,4.4028,0
0.5,0.3,0,0,576,799815.3,181661,4.4028,0
0.5,0.3,0,0,554,799815.3,181661,4.4028,0
0.5,0.3,0,0,555,799815.3,181661,4.4028,0
0.5,0.3,0,0,556,799815.3,181661,4.4028,0
0.5,0.3,0,0,557,799815.3,181661,4.4028,0
0.5,0.3,0,0,558,799815.3,181661,4.4028,0
0.5,0.3,0,0,107,799841.4,181348,4.4105,0
0.5,0.3,0,0,526,799815.3,181661,4.4028,0
0.5,0.3,0,0,527,799815.3,181661,4.4028,0
0.5,0.3,0,0,528,799815.3,181661,4.4028,0
0.5,0.3,0,0,529,799815.3,181661,4.4028,0
0.5,0.3,0,0,562,799815.3,181661,4.4028,0
0.5,0.3,0,0,563,799815.3,181661,4.4028,0
0.5,0.3,0,0,564,799815.3,181661,4.4028,0
0.5,0.3,0,0,559,799815.3,181661,4.4028,0
0.5,0.3,0,0,560,799815.3,181661,4.4028,0
0.5,0.3,0,0,561,799815.3,181661,4.4028,0
0.5,0.3,0,0,542,799815.3,181661,4.4028,0
0.5,0.3,0,0,543,799815.3,181661,4.4028,0
0.5,0.3,0,0,544,799815.3,181661,4.4028,0
0.5,0.3,0,0,545,799815.3,181661,4.4028,0
0.5,0.3,0,0,570,799815.3,181661,4.4028,0
0.5,0.3,0,0,571,799815.3,181661,4.4028,0
0.5,0.3,0,0,572,799815.3,181661,4.4028,0
0.5,0.4,0,0,88,732428.1,191967,3.8154,0
0.5,0.4,0,0,87,732465.5,192143,3.8121,0
0.5,0.4,0,0,94,732514.4,191949,3.8162,0
0.5,0.4,0,0,99,732662.3,192130,3.8134,0
0.5,0.4,0,0,93,732799.0,192205,3.8126,0
0.5,0.4,0,0,76,732825.3,193003,3.797,0
0.5,0.4,0,0,67,732880.6,192754,3.8022,0
0.5,0.4,0,0,75,732946.5,193253,3.7927,0
0.5,0.4,0,0,82,732966.8,192632,3.805,0
0.5,0.4,0,0,78,733023.0,192841,3.8012,0
0.5,0.4,0,0,77,733079.5,193016,3.798,0
0.5,0.4,0,0,97,733137.3,192573,3.8071,0
0.5,0.4,0,0,62,733198.3,193426,3.7906,0
0.5,0.4,0,0,100,733231.3,192611,3.8068,0
0.5,0.4,0,0,80,733251.6,192771,3.8037,0
0.5,0.4,0,0,84,733403.0,192884,3.8023,0
0.5,0.4,0,0,103,733441.7,192374,3.8126,0
0.5,0.4,0,0,132,733483.4,192736,3.8056,0
0.5,0.4,0,0,120,733507.5,192409,3.8122,0
0.5,0.4,0,0,127,733536.0,192736,3.8059,0
0.5,0.4,0,0,131,733541.4,192736,3.8059,0
0.5,0.4,0,0,133,733571.9,192736,3.8061,0
0.5,0.4,0,0,123,733578.1,192736,3.8061,0
0.5,0.4,0,0,81,733581.2,192858,3.8037,0
0.5,0.4,0,0,126,733584.7,192585,3.8091,0
0.5,0.4,0,0,114,733615.0,192936,3.8024,0
0.5,0.4,0,0,130,733626.8,192736,3.8064,0
0.5,0.4,0,0,121,733631.1,192736,3.8064,0
0.5,0.4,0,0,128,733634.9,192736,3.8064,0
0.5,0.4,0,0,129,733638.3,192736,3.8064,0
0.5,0.4,0,0,124,733638.3,192736,3.8064,0
0.5,0.4,0,0,134,733639.4,192736,3.8064,0
0.5,0.4,0,0,86,733680.4,192513,3.8111,0
0.5,0.4,0,0,113,733684.2,192530,3.8108,0
0.5,0.4,0,0,122,733690.5,192736,3.8067,0
0.5,0.4,0,0,104,733732.5,192480,3.812,0
0.5,0.4,0,0,119,733767.2,192706,3.8077,0
0.5,0.4,0,0,125,733771.8,192736,3.8071,0
0.5,0.4,0,0,70,733786.6,193367,3.7948,0
0.5,0.4,0,0,112,733800.4,192760,3.8068,0
0.5,0.4,0,0,102,733848.0,192776,3.8067,0
0.5,0.4,0,0,83,733871.2,192884,3.8047,0
0.5,0.4,0,0,85,733920.6,192710,3.8084,0
0.5,0.4,0,0,118,733927.1,192530,3.812,0
0.5,0.4,0,0,101,733944.2,192776,3.8072,0
0.5,0.4,0,0,111,733946.1,192681,3.8091,0
0.5,0.4,0,0,117,733954.1,192706,3.8087,0
0.5,0.4,0,0,64,733998.4,193549,3.7923,0
0.5,0.4,0,0,116,734021.0,192706,3.809,0
0.5,0.4,0,0,115,734022.0,193087,3.8015,0
0.5,0.4,0,0,110,734237.8,192681,3.8106,0
0.5,0.4,0,0,141,734263.9,192736,3.8097,0
0.5,0.4,0,0,140,734286.7,192736,3.8098,0
0.5,0.4,0,0,108,734323.3,192697,3.8108,0
0.5,0.4,0,0,109,734372.7,193024,3.8046,0
0.5,0.4,0,0,142,734374.9,192736,3.8103,0
0.5,0.4,0,0,145,734433.1,192736,3.8106,0
0.5,0.4,0,0,69,734464.9,193703,3.7917,0
0.5,0.4,0,0,146,734475.3,192736,3.8108,0
0.5,0.4,0,0,143,734529.8,192736,3.8111,0
0.5,0.4,0,0,148,734530.6,192736,3.8111,0
0.5,0.4,0,0,149,734543.7,192736,3.8111,0
0.5,0.4,0,0,156,734545.0,192736,3.8111,0
0.5,0.4,0,0,155,734550.0,192736,3.8112,0
0.5,0.4,0,0,144,734557.9,192736,3.8112,0
0.5,0.4,0,0,135,734566.8,192913,3.8078,0
0.5,0.4,0,0,147,734567.9,192736,3.8113,0
0.5,0.4,0,0,152,734568.3,192736,3.8113,0
0.5,0.4,0,0,174,734595.5,192736,3.8114,0
0.5,0.4,0,0,153,734601.4,192736,3.8114,0
0.5,0.4,0,0,150,734608.7,192736,3.8115,0
0.5,0.4,0,0,157,734614.8,192736,3.8115,0
0.5,0.4,0,0,172,734616.9,192736,3.8115,0
0.5,0.4,0,0,154,734618.7,192736,3.8115,0
0.5,0.4,0,0,175,734621.9,192736,3.8115,0
0.5,0.4,0,0,173,734629.9,192736,3.8116,0
0.5,0.4,0,0,160,734630.6,192736,3.8116,0
0.5,0.4,0,0,158,734631.2,192736,3.8116,0
0.5,0.4,0,0,159,734633.9,192736,3.8116,0
0.5,0.4,0,0,151,734637.0,192736,3.8116,0
0.5,0.4,0,0,211,734642.0,192736,3.8116,0
0.5,0.4,0,0,210,734654.3,192736,3.8117,0
0.5,0.4,0,0,212,734656.8,192736,3.8117,0
0.5,0.4,0,0,68,735017.3,193723,3.7942,0
0.5,0.4,0,0,440,734658.0,192736,3.8117,0
0.5,0.4,0,0,439,734658.0,192736,3.8117,0
0.5,0.4,0,0,438,734658.0,192736,3.8117,0
0.5,0.4,0,0,437,734658.0,192736,3.8117,0
0.5,0.4,0,0,468,734658.0,192736,3.8117,0
0.5,0.4,0,0,467,734658.0,192736,3.8117,0
0.5,0.4,0,0,466,734658.0,192736,3.8117,0
0.5,0.4,0,0,465,734658.0,192736,3.8117,0
0.5,0.4,0,0,464,734658.0,192736,3.8117,0
0.5,0.4,0,0,463,734658.0,192736,3.8117,0
0.5,0.4,0,0,462,734658.0,192736,3.8117,0
0.5,0.4,0,0,461,734658.0,192736,3.8117,0
0.5,0.4,0,0,460,734658.0,192736,3.8117,0
0.5,0.4,0,0,459,734658.0,192736,3.8117,0
0.5,0.4,0,0,458,734658.0,192736,3.8117,0
0.5,0.4,0,0,457,734658.0,192736,3.8117,0
0.5,0.4,0,0,424,734658.0,192736,3.8117,0
0.5,0.4,0,0,423,734658.0,192736,3.8117,0
0.5,0.4,0,0,422,734658.0,192736,3.8117,0
0.5,0.4,0,0,421,734658.0,192736,3.8117,0
0.5,0.4,0,0,452,734658.0,192736,3.8117,0
0.5,0.4,0,0,451,734658.0,192736,3.8117,0
0.5,0.4,0,0,450,734658.0,192736,3.8117,0
0.5,0.4,0,0,449,734658.0,192736,3.8117,0
0.5,0.4,0,0,448,734658.0,192736,3.8117,0
0.5,0.4,0,0,447,734658.0,192736,3.8117,0
0.5,0.4,0,0,446,734658.0,192736,3.8117,0
0.5,0.4,0,0,445,734658.0,192736,3.8117,0
0.5,0.4,0,0,444,734658.0,192736,3.8117,0
0.5,0.4,0,0,443,734658.0,192736,3.8117,0
0.5,0.4,0,0,442,734658.0,192736,3.8117,0
0.5,0.4,0,0,441,734658.0,192736,3.8117,0
0.5,0.4,0,0,408,734658.0,192736,3.8117,0
0.5,0.4,0,0,407,734658.0,192736,3.8117,0
0.5,0.4,0,0,406,734658.0,192736,3.8117,0
0.5,0.4,0,0,405,734658.0,192736,3.8117,0
0.5,0.4,0,0,436,734658.0,192736,3.8117,0
0.5,0.4,0,0,435,734658.0,192736,3.8117,0
0.5,0.4,0,0,434,734658.0,192736,3.8117,0
0.5,0.4,0,0,433,734658.0,192736,3.8117,0
0.5,0.4,0,0,432,734658.0,192736,3.8117,0
0.5,0.4,0,0,431,734658.0,192736,3.8117,0
0.5,0.4,0,0,430,734658.0,192736,3.8117,0
0.5,0.4,0,0,429,734658.0,192736,3.8117,0
0.5,0.4,0,0,428,734658.0,192736,3.8117,0
0.5,0.4,0,0,427,734658.0,192736,3.8117,0
0.5,0.4,0,0,426,734658.0,192736,3.8117,0
0.5,0.4,0,0,425,734658.0,192736,3.8117,0
0.5,0.4,0,0,392,734658.0,192736,3.8117,0
0.5,0.4,0,0,391,734658.0,192736,3.8117,0
0.5,0.4,0,0,390,734658.0,192736,3.8117,0
0.5,0.4,0,0,389,734658.0,192736,3.8117,0
0.5,0.4,0,0,420,734658.0,192736,3.8117,0
0.5,0.4,0,0,419,734658.0,192736,3.8117,0
0.5,0.4,0,0,418,734658.0,192736,3.8117,0
0.5,0.4,0,0,417,734658.0,192736,3.8117,0
0.5,0.4,0,0,416,734658.0,192736,3.8117,0
0.5,0.4,0,0,415,734658.0,192736,3.8117,0
0.5,0.4,0,0,414,734658.0,192736,3.8117,0
0.5,0.4,0,0,413,734658.0,192736,3.8117,0
0.5,0.4,0,0,412,734658.0,192736,3.8117,0
0.5,0.4,0,0,411,734658.0,192736,3.8117,0
0.5,0.4,0,0,410,734658.0,192736,3.8117,0
0.5,0.4,0,0,409,734658.0,192736,3.8117,0
0.5,0.4,0,0,376,734658.0,192736,3.8117,0
0.5,0.4,0,0,375,734658.0,192736,3.8117,0
0.5,0.4,0,0,374,734658.0,192736,3.8117,0
0.5,0.4,0,0,373,734658.0,192736,3.8117,0
0.5,0.4,0,0,404,734658.0,192736,3.8117,0
0.5,0.4,0,0,403,734658.0,192736,3.8117,0
0.5,0.4,0,0,402,734658.0,192736,3.8117,0
0.5,0.4,0,0,401,734658.0,192736,3.8117,0
0.5,0.4,0,0,400,734658.0,192736,3.8117,0
0.5,0.4,0,0,399,734658.0,192736,3.8117,0
0.5,0.4,0,0,398,734658.0,192736,3.8117,0
0.5,0.4,0,0,397,734658.0,192736,3.8117,0
0.5,0.4,0,0,396,734658.0,192736,3.8117,0
0.5,0.4,0,0,395,734658.0,192736,3.8117,0
0.5,0.4,0,0,394,734658.0,192736,3.8117,0
0.5,0.4,0,0,393,734658.0,192736,3.8117,0
0.5,0.4,0,0,360,734658.0,192736,3.8117,0
0.5,0.4,0,0,359,734658.0,192736,3.8117,0
0.5,0.4,0,0,358,734658.0,192736,3.8117,0
0.5,0.4,0,0,357,734658.0,192736,3.8117,0
0.5,0.4,0,0,388,734658.0,192736,3.8117,0
0.5,0.4,0,0,387,734658.0,192736,3.8117,0
0.5,0.4,0,0,386,734658.0,192736,3.8117,0
0.5,0.4,0,0,385,734658.0,192736,3.8117,0
0.5,0.4,0,0,384,734658.0,192736,3.8117,0
0.5,0.4,0,0,383,734658.0,192736,3.8117,0
0.5,0.4,0,0,382,734658.0,192736,3.8117,0
0.5,0.4,0,0,381,734658.0,192736,3.8117,0
0.5,0.4,0,0,380,734658.0,192736,3.8117,0
0.5,0.4,0,0,379,734658.0,192736,3.8117,0
0.5,0.4,0,0,378,734658.0,192736,3.8117,0
0.5,0.4,0,0,377,734658.0,192736,3.8117,0
0.5,0.4,0,0,344,734658.0,192736,3.8117,0
0.5,0.4,0,0,343,734658.0,192736,3.8117,0
0.5,0.4,0,0,342,734658.0,192736,3.8117,0
0.5,0.4,0,0,341,734658.0,192736,3.8117,0
0.5,0.4,0,0,372,734658.0,192736,3.8117,0
0.5,0.4,0,0,371,734658.0,192736,3.8117,0
0.5,0.4,0,0,370,734658.0,192736,3.8117,0
0.5,0.4,0,0,369,734658.0,192736,3.8117,0
0.5,0.4,0,0,368,734658.0,192736,3.8117,0
0.5,0.4,0,0,367,734658.0,192736,3.8117,0
0.5,0.4,0,0,366,734658.0,192736,3.8117,0
0.5,0.4,0,0,365,734658.0,192736,3.8117,0
0.5,0.4,0,0,364,734658.0,192736,3.8117,0
0.5,0.4,0,0,363,734658.0,192736,3.8117,0
0.5,0.4,0,0,362,734658.0,192736,3.8117,0
0.5,0.4,0,0,361,734658.0,192736,3.8117,0
0.5,0.4,0,0,328,734658.0,192736,3.8117,0
0.5,0.4,0,0,327,734658.0,192736,3.8117,0
0.5,0.4,0,0,326,734658.0,192736,3.8117,0
0.5,0.4,0,0,325,734658.0,192736,3.8117,0
0.5,0.4,0,0,356,734658.0,192736,3.8117,0
0.5,0.4,0,0,355,734658.0,192736,3.8117,0
0.5,0.4,0,0,354,734658.0,192736,3.8117,0
0.5,0.4,0,0,353,734658.0,192736,3.8117,0
0.5,0.4,0,0,352,734658.0,192736,3.8117,0
0.5,0.4,0,0,351,734658.0,192736,3.8117,0
0.5,0.4,0,0,350,734658.0,192736,3.8117,0
0.5,0.4,0,0,349,734658.0,192736,3.8117,0
0.5,0.4,0,0,348,734658.0,192736,3.8117,0
0.5,0.4,0,0,347,734658.0,192736,3.8117,0
0.5,0.4,0,0,346,734658.0,192736,3.8117,0
0.5,0.4,0,0,345,734658.0,192736,3.8117,0
0.5,0.4,0,0,312,734658.0,192736,3.8117,0
0.5,0.4,0,0,311,734658.0,192736,3.8117,0
0.5,0.4,0,0,310,734658.0,192736,3.8117,0
0.5,0.4,0,0,309,734658.0,192736,3.8117,0
0.5,0.4,0,0,340,734658.0,192736,3.8117,0
0.5,0.4,0,0,339,734658.0,192736,3.8117,0
0.5,0.4,0,0,338,734658.0,192736,3.8117,0
0.5,0.4,0,0,337,734658.0,192736,3.8117,0
0.5,0.4,0,0,336,734658.0,192736,3.8117,0
0.5,0.4,0,0,335,734658.0,192736,3.8117,0
0.5,0.4,0,0,334,734658.0,192736,3.8117,0
0.5,0.4,0,0,333,734658.0,192736,3.8117,0
0.5,0.4,0,0,332,734658.0,192736,3.8117,0
0.5,0.4,0,0,331,734658.0,192736,3.8117,0
0.5,0.4,0,0,330,734658.0,192736,3.8117,0
0.5,0.4,0,0,329,734658.0,192736,3.8117,0
0.5,0.4,0,0,296,734658.0,192736,3.8117,0
0.5,0.4,0,0,295,734658.0,192736,3.8117,0
0.5,0.4,0,0,294,734658.0,192736,3.8117,0
0.5,0.4,0,0,293,734658.0,192736,3.8117,0
0.5,0.4,0,0,324,734658.0,192736,3.8117,0
0.5,0.4,0,0,323,734658.0,192736,3.8117,0
0.5,0.4,0,0,322,734658.0,192736,3.8117,0
0.5,0.4,0,0,321,734658.0,192736,3.8117,0
0.5,0.4,0,0,320,734658.0,192736,3.8117,0
0.5,0.4,0,0,319,734658.0,192736,3.8117,0
0.5,0.4,0,0,318,734658.0,192736,3.8117,0
0.5,0.4,0,0,317,734658.0,192736,3.8117,0
0.5,0.4,0,0,316,734658.0,192736,3.8117,0
0.5,0.4,0,0,315,734658.0,192736,3.8117,0
0.5,0.4,0,0,314,734658.0,192736,3.8117,0
0.5,0.4,0,0,313,734658.0,192736,3.8117,0
0.5,0.4,0,0,280,734658.0,192736,3.8117,0
0.5,0.4,0,0,279,734658.0,192736,3.8117,0
0.5,0.4,0,0,278,734658.0,192736,3.8117,0
0.5,0.4,0,0,277,734658.0,192736,3.8117,0
0.5,0.4,0,0,308,734658.0,192736,3.8117,0
0.5,0.4,0,0,307,734658.0,192736,3.8117,0
0.5,0.4,0,0,306,734658.0,192736,3.8117,0
0.5,0.4,0,0,305,734658.0,192736,3.8117,0
0.5,0.4,0,0,304,734658.0,192736,3.8117,0
0.5,0.4,0,0,303,734658.0,192736,3.8117,0
0.5,0.4,0,0,302,734658.0,192736,3.8117,0
0.5,0.4,0,0,301,734658.0,192736,3.8117,0
0.5,0.4,0,0,300,734658.0,192736,3.8117,0
0.5,0.4,0,0,299,734658.0,192736,3.8117,0
0.5,0.4,0,0,298,734658.0,192736,3.8117,0
0.5,0.4,0,0,297,734658.0,192736,3.8117,0
0.5,0.4,0,0,264,734658.0,192736,3.8117,0
0.5,0.4,0,0,263,734658.0,192736,3.8117,0
0.5,0.4,0,0,262,734658.0,192736,3.8117,0
0.5,0.4,0,0,261,734658.0,192736,3.8117,0
0.5,0.4,0,0,292,734658.0,192736,3.8117,0
0.5,0.4,0,0,291,734658.0,192736,3.8117,0
0.5,0.4,0,0,290,734658.0,192736,3.8117,0
0.5,0.4,0,0,289,734658.0,192736,3.8117,0
0.5,0.4,0,0,288,734658.0,192736,3.8117,0
0.5,0.4,0,0,287,734658.0,192736,3.8117,0
0.5,0.4,0,0,286,734658.0,192736,3.8117,0
0.5,0.4,0,0,285,734658.0,192736,3.8117,0
0.5,0.4,0,0,284,734658.0,192736,3.8117,0
0.5,0.4,0,0,283,734658.0,192736,3.8117,0
0.5,0.4,0,0,282,734658.0,192736,3.8117,0
0.5,0.4,0,0,281,734658.0,192736,3.8117,0
0.5,0.4,0,0,248,734687.1,192736,3.8119,0
0.5,0.4,0,0,247,734689.3,192736,3.8119,0
0.5,0.4,0,0,246,734703.2,192736,3.812,0
0.5,0.4,0,0,245,734703.0,192736,3.812,0
0.5,0.4,0,0,276,734658.0,192736,3.8117,0
0.5,0.4,0,0,275,734658.0,192736,3.8117,0
0.5,0.4,0,0,274,734658.0,192736,3.8117,0
0.5,0.4,0,0,273,734658.0,192736,3.8117,0
0.5,0.4,0,0,272,734658.0,192736,3.8117,0
0.5,0.4,0,0,271,734658.0,192736,3.8117,0
0.5,0.4,0,0,270,734658.0,192736,3.8117,0
0.5,0.4,0,0,269,734658.0,192736,3.8117,0
0.5,0.4,0,0,268,734658.0,192736,3.8117,0
0.5,0.4,0,0,267,734658.0,192736,3.8117,0
0.5,0.4,0,0,266,734658.0,192736,3.8117,0
0.5,0.4,0,0,265,734658.0,192736,3.8117,0
0.5,0.4,0,0,232,734743.2,192736,3.8122,0
0.5,0.4,0,0,231,734771.8,192736,3.8123,0
0.5,0.4,0,0,230,734764.4,192736,3.8123,0
0.5,0.4,0,0,229,734735.3,192736,3.8121,0
0.5,0.4,0,0,260,734658.0,192736,3.8117,0
0.5,0.4,0,0,259,734658.0,192736,3.8117,0
0.5,0.4,0,0,258,734658.0,192736,3.8117,0
0.5,0.4,0,0,257,734658.0,192736,3.8117,0
0.5,0.4,0,0,256,734658.0,192736,3.8117,0
0.5,0.4,0,0,255,734658.0,192736,3.8117,0
0.5,0.4,0,0,254,734661.4,192736,3.8117,0
0.5,0.4,0,0,253,734668.6,192736,3.8118,0
0.5,0.4,0,0,252,734671.2,192736,3.8118,0
0.5,0.4,0,0,251,734672.0,192736,3.8118,0
0.5,0.4,0,0,250,734679.5,192736,3.8118,0
0.5,0.4,0,0,249,734683.1,192736,3.8119,0
0.5,0.4,0,0,216,734723.4,192736,3.8121,0
0.5,0.4,0,0,215,734697.6,192736,3.8119,0
0.5,0.4,0,0,214,734695.5,192736,3.8119,0
0.5,0.4,0,0,213,734695.5,192736,3.8119,0
0.5,0.4,0,0,244,734701.1,192736,3.812,0
0.5,0.4,0,0,243,734700.7,192736,3.812,0
0.5,0.4,0,0,242,734714.5,192736,3.812,0
0.5,0.4,0,0,241,734716.0,192736,3.812,0
0.5,0.4,0,0,240,734695.5,192736,3.8119,0
0.5,0.4,0,0,239,734680.7,192736,3.8118,0
0.5,0.4,0,0,238,734697.3,192736,3.8119,0
0.5,0.4,0,0,237,734714.9,192736,3.812,0
0.5,0.4,0,0,236,734696.1,192736,3.8119,0
0.5,0.4,0,0,235,734711.3,192736,3.812,0
0.5,0.4,0,0,234,734732.1,192736,3.8121,0
0.5,0.4,0,0,233,734743.1,192736,3.8122,0
0.5,0.4,0,0,200,734801.3,192736,3.8125,0
0.5,0.4,0,0,199,734773.3,192736,3.8123,0
0.5,0.4,0,0,198,734739.0,192736,3.8122,0
0.5,0.4,0,0,197,734750.5,192736,3.8122,0
0.5,0.4,0,0,228,734731.8,192736,3.8121,0
0.5,0.4,0,0,227,734738.6,192736,3.8122,0
0.5,0.4,0,0,226,734737.9,192736,3.8121,0
0.5,0.4,0,0,225,734724.0,192736,3.8121,0
0.5,0.4,0,0,224,734747.3,192736,3.8122,0
0.5,0.4,0,0,223,734750.2,192736,3.8122,0
0.5,0.4,0,0,222,734763.2,192736,3.8123,0
0.5,0.4,0,0,221,734771.0,192736,3.8123,0
0.5,0.4,0,0,220,734774.5,192736,3.8123,0
0.5,0.4,0,0,219,734730.1,192736,3.8121,0
0.5,0.4,0,0,218,734717.2,192736,3.812,0
0.5,0.4,0,0,217,734695.4,192736,3.8119,0
0.5,0.4,0,0,456,734658.0,192736,3.8117,0
0.5,0.4,0,0,455,734658.0,192736,3.8117,0
0.5,0.4,0,0,454,734658.0,192736,3.8117,0
0.5,0.4,0,0,453,734658.0,192736,3.8117,0
0.5,0.4,0,0,484,734658.0,192736,3.8117,0
0.5,0.4,0,0,483,734658.0,192736,3.8117,0
0.5,0.4,0,0,482,734658.0,192736,3.8117,0
0.5,0.4,0,0,481,734658.0,192736,3.8117,0
0.5,0.4,0,0,480,734658.0,192736,3.8117,0
0.5,0.4,0,0,479,734658.0,192736,3.8117,0
0.5,0.4,0,0,478,734658.0,192736,3.8117,0
0.5,0.4,0,0,477,734658.0,192736,3.8117,0
0.5,0.4,0,0,476,734658.0,192736,3.8117,0
0.5,0.4,0,0,475,734658.0,192736,3.8117,0
0.5,0.4,0,0,474,734658.0,192736,3.8117,0
0.5,0.4,0,0,473,734658.0,192736,3.8117,0
0.5,0.4,0,0,184,734726.7,192736,3.8121,0
0.5,0.4,0,0,183,734788.3,192736,3.8124,0
0.5,0.4,0,0,182,734786.0,192736,3.8124,0
0.5,0.4,0,0,181,734757.2,192736,3.8122,0
0.5,0.4,0,0,209,734688.8,192736,3.8119,0
0.5,0.4,0,0,208,734690.4,192736,3.8119,0
0.5,0.4,0,0,207,734682.3,192736,3.8119,0
0.5,0.4,0,0,206,734713.1,192736,3.812,0
0.5,0.4,0,0,205,734694.4,192736,3.8119,0
0.5,0.4,0,0,204,734720.6,192736,3.8121,0
0.5,0.4,0,0,203,734760.5,192736,3.8123,0
0.5,0.4,0,0,202,734781.1,192736,3.8124,0
0.5,0.4,0,0,201,734795.2,192736,3.8124,0
0.5,0.4,0,0,168,734746.8,192736,3.8122,0
0.5,0.4,0,0,167,734778.4,192736,3.8124,0
0.5,0.4,0,0,166,734734.6,192736,3.8121,0
0.5,0.4,0,0,165,734708.2,192736,3.812,0
0.5,0.4,0,0,196,734792.8,192736,3.8124,0
0.5,0.4,0,0,195,734801.0,192736,3.8125,0
0.5,0.4,0,0,194,734843.0,192736,3.8127,0
0.5,0.4,0,0,193,734768.7,192736,3.8123,0
0.5,0.4,0,0,192,734832.3,192736,3.8126,0
0.5,0.4,0,0,191,734803.1,192736,3.8125,0
0.5,0.4,0,0,190,734798.8,192736,3.8125,0
0.5,0.4,0,0,189,734839.2,192736,3.8127,0
0.5,0.4,0,0,188,734771.7,192736,3.8123,0
0.5,0.4,0,0,187,734762.9,192736,3.8123,0
0.5,0.4,0,0,186,734735.7,192736,3.8121,0
0.5,0.4,0,0,185,734722.2,192736,3.8121,0
0.5,0.4,0,0,180,734738.1,192736,3.8121,0
0.5,0.4,0,0,179,734788.4,192736,3.8124,0
0.5,0.4,0,0,178,734804.1,192736,3.8125,0
0.5,0.4,0,0,177,734724.1,192736,3.8121,0
0.5,0.4,0,0,176,734742.0,192736,3.8122,0
0.5,0.4,0,0,171,734677.8,192736,3.8118,0
0.5,0.4,0,0,170,734700.8,192736,3.812,0
0.5,0.4,0,0,169,734706.7,192736,3.812,0
0.5,0.4,0,0,472,734658.0,192736,3.8117,0
0.5,0.4,0,0,471,734658.0,192736,3.8117,0
0.5,0.4,0,0,470,734658.0,192736,3.8117,0
0.5,0.4,0,0,469,734658.0,192736,3.8117,0
0.5,0.4,0,0,500,734658.0,192736,3.8117,0
0.5,0.4,0,0,499,734658.0,192736,3.8117,0
0.5,0.4,0,0,498,734658.0,192736,3.8117,0
0.5,0.4,0,0,497,734658.0,192736,3.8117,0
0.5,0.4,0,0,496,734658.0,192736,3.8117,0
0.5,0.4,0,0,495,734658.0,192736,3.8117,0
0.5,0.4,0,0,494,734658.0,192736,3.8117,0
0.5,0.4,0,0,493,734658.0,192736,3.8117,0
0.5,0.4,0,0,492,734658.0,192736,3.8117,0
0.5,0.4,0,0,491,734658.0,192736,3.8117,0
0.5,0.4,0,0,490,734658.0,192736,3.8117,0
0.5,0.4,0,0,489,734658.0,192736,3.8117,0
0.5,0.4,0,0,136,734751.6,192913,3.8087,0
0.5,0.4,0,0,164,734776.2,192736,3.8123,0
0.5,0.4,0,0,163,734784.3,192736,3.8124,0
0.5,0.4,0,0,162,734781.5,192736,3.8124,0
0.5,0.4,0,0,161,734732.4,192736,3.8121,0
0.5,0.4,0,0,488,734658.0,192736,3.8117,0
0.5,0.4,0,0,487,734658.0,192736,3.8117,0
0.5,0.4,0,0,486,734658.0,192736,3.8117,0
0.5,0.4,0,0,485,734658.0,192736,3.8117,0
0.5,0.4,0,0,516,734658.0,192736,3.8117,0
0.5,0.4,0,0,515,734658.0,192736,3.8117,0
0.5,0.4,0,0,514,734658.0,192736,3.8117,0
0.5,0.4,0,0,513,734658.0,192736,3.8117,0
0.5,0.4,0,0,512,734658.0,192736,3.8117,0
0.5,0.4,0,0,511,734658.0,192736,3.8117,0
0.5,0.4,0,0,510,734658.0,192736,3.8117,0
0.5,0.4,0,0,509,734658.0,192736,3.8117,0
0.5,0.4,0,0,508,734658.0,192736,3.8117,0
0.5,0.4,0,0,507,734658.0,192736,3.8117,0
0.5,0.4,0,0,506,734658.0,192736,3.8117,0
0.5,0.4,0,0,505,734658.0,192736,3.8117,0
0.5,0.4,0,0,139,734985.2,192913,3.8099,0
0.5,0.4,0,0,138,734925.5,192913,3.8096,0
0.5,0.4,0,0,137,734948.9,192913,3.8097,0
0.5,0.4,0,0,504,734658.0,192736,3.8117,0
0.5,0.4,0,0,503,734658.0,192736,3.8117,0
0.5,0.4,0,0,502,734658.0,192736,3.8117,0
0.5,0.4,0,0,501,734658.0,192736,3.8117,0
0.5,0.4,0,0,532,734658.0,192736,3.8117,0
0.5,0.4,0,0,531,734658.0,192736,3.8117,0
0.5,0.4,0,0,530,734658.0,192736,3.8117,0
0.5,0.4,0,0,529,734658.0,192736,3.8117,0
0.5,0.4,0,0,528,734658.0,192736,3.8117,0
0.5,0.4,0,0,527,734658.0,192736,3.8117,0
0.5,0.4,0,0,526,734658.0,192736,3.8117,0
0.5,0.4,0,0,525,734658.0,192736,3.8117,0
0.5,0.4,0,0,524,734658.0,192736,3.8117,0
0.5,0.4,0,0,523,734658.0,192736,3.8117,0
0.5,0.4,0,0,522,734658.0,192736,3.8117,0
0.5,0.4,0,0,521,734658.0,192736,3.8117,0
0.5,0.4,0,0,107,735515.2,192858,3.8138,0
0.5,0.4,0,0,106,734741.6,192848,3.81,0
0.5,0.4,0,0,105,734870.8,192666,3.8142,0
0.5,0.4,0,0,520,734658.0,192736,3.8117,0
0.5,0.4,0,0,519,734658.0,192736,3.8117,0
0.5,0.4,0,0,518,734658.0,192736,3.8117,0
0.5,0.4,0,0,517,734658.0,192736,3.8117,0
0.5,0.4,0,0,548,734658.0,192736,3.8117,0
0.5,0.4,0,0,547,734658.0,192736,3.8117,0
0.5,0.4,0,0,546,734658.0,192736,3.8117,0
0.5,0.4,0,0,545,734658.0,192736,3.8117,0
0.5,0.4,0,0,544,734658.0,192736,3.8117,0
0.5,0.4,0,0,543,734658.0,192736,3.8117,0
0.5,0.4,0,0,542,734658.0,192736,3.8117,0
0.5,0.4,0,0,541,734658.0,192736,3.8117,0
0.5,0.4,0,0,540,734658.0,192736,3.8117,0
0.5,0.4,0,0,539,734658.0,192736,3.8117,0
0.5,0.4,0,0,538,734658.0,192736,3.8117,0
0.5,0.4,0,0,537,734658.0,192736,3.8117,0
0.5,0.4,0,0,536,734658.0,192736,3.8117,0
0.5,0.4,0,0,535,734658.0,192736,3.8117,0
0.5,0.4,0,0,534,734658.0,192736,3.8117,0
0.5,0.4,0,0,533,734658.0,192736,3.8117,0
0.5,0.4,0,0,564,734658.0,192736,3.8117,0
0.5,0.4,0,0,563,734658.0,192736,3.8117,0
0.5,0.4,0,0,562,734658.0,192736,3.8117,0
0.5,0.4,0,0,561,734658.0,192736,3.8117,0
0.5,0.4,0,0,560,734658.0,192736,3.8117,0
0.5,0.4,0,0,559,734658.0,192736,3.8117,0
0.5,0.4,0,0,558,734658.0,192736,3.8117,0
0.5,0.4,0,0,557,734658.0,192736,3.8117,0
0.5,0.4,0,0,556,734658.0,192736,3.8117,0
0.5,0.4,0,0,555,734658.0,192736,3.8117,0
0.5,0.4,0,0,554,734658.0,192736,3.8117,0
0.5,0.4,0,0,553,734658.0,192736,3.8117,0
0.5,0.4,0,0,552,734658.0,192736,3.8117,0
0.5,0.4,0,0,551,734658.0,192736,3.8117,0
0.5,0.4,0,0,550,734658.0,192736,3.8117,0
0.5,0.4,0,0,549,734658.0,192736,3.8117,0
0.5,0.4,0,0,576,734658.0,192736,3.8117,0
0.5,0.4,0,0,575,734658.0,192736,3.8117,0
0.5,0.4,0,0,574,734658.0,192736,3.8117,0
0.5,0.4,0,0,573,734658.0,192736,3.8117,0
0.5,0.4,0,0,572,734658.0,192736,3.8117,0
0.5,0.4,0,0,571,734658.0,192736,3.8117,0
0.5,0.4,0,0,570,734658.0,192736,3.8117,0
0.5,0.4,0,0,569,734658.0,192736,3.8117,0
0.5,0.4,0,0,568,734658.0,192736,3.8117,0
0.5,0.4,0,0,567,734658.0,192736,3.8117,0
0.5,0.4,0,0,566,734658.0,192736,3.8117,0
0.5,0.4,0,0,565,734658.0,192736,3.8117,0
0.5,0.5,0,0,78,820138.6,244077,3.3602,0
0.5,0.5,0,0,77,820255.0,244077,3.3606,0
0.5,0.5,0,0,79,820766.2,244077,3.3627,0
0.5,0.5,0,0,81,820833.0,244077,3.363,0
0.5,0.5,0,0,80,820997.4,244077,3.3637,0
0.5,0.5,0,0,82,821159.9,244077,3.3643,0
0.5,0.5,0,0,84,821480.7,244276,3.3629,0
0.5,0.5,0,0,83,821647.2,244276,3.3636,0
0.5,0.5,0,0,85,822425.4,244052,3.3699,0
0.5,0.5,0,0,87,822575.7,244592,3.3631,0
0.5,0.5,0,0,86,822624.1,244077,3.3703,0
0.5,0.5,0,0,88,822708.8,244276,3.3679,0
0.5,0.5,0,0,90,822996.8,244052,3.3722,0
0.5,0.5,0,0,91,823548.3,243853,3.3772,0
0.5,0.5,0,0,89,825095.4,244511,3.3745,0
0.5,0.5,0,0,92,825917.3,244088,3.3837,0
0.5,0.5,0,0,93,826220.1,244088,3.3849,0
0.5,0.5,0,0,94,826653.9,244287,3.3839,0
0.5,0.5,0,0,95,826686.5,244088,3.3868,0
0.5,0.5,0,0,96,826825.2,244287,3.3846,0
0.5,0.5,0,0,97,827165.6,244287,3.386,0
0.5,0.5,0,0,98,827318.4,244334,3.386,0
0.5,0.5,0,0,106,827366.7,244334,3.3862,0
0.5,0.5,0,0,105,827376.4,244334,3.3863,0
0.5,0.5,0,0,102,827418.6,244334,3.3864,0
0.5,0.5,0,0,99,827432.2,244526,3.3838,0
0.5,0.5,0,0,107,827487.1,244334,3.3867,0
0.5,0.5,0,0,103,827491.5,244334,3.3867,0
0.5,0.5,0,0,101,827533.0,244526,3.3842,0
0.5,0.5,0,0,104,827538.5,244334,3.3869,0
0.5,0.5,0,0,100,827541.2,244526,3.3843,0
0.5,0.5,0,0,108,827619.8,244334,3.3872,0
0.5,0.5,0,0,109,827674.4,244334,3.3875,0
0.5,0.5,0,0,110,827769.6,244334,3.3879,0
0.5,0.5,0,0,111,827770.7,244334,3.3879,0
0.5,0.5,0,0,112,827832.4,244334,3.3881,0
0.5,0.5,0,0,113,827995.2,244334,3.3888,0
0.5,0.5,0,0,114,828114.4,244334,3.3893,0
0.5,0.5,0,0,130,828246.7,244334,3.3898,0
0.5,0.5,0,0,131,828259.2,244334,3.3899,0
0.5,0.5,0,0,115,828288.9,244334,3.39,0
0.5,0.5,0,0,129,828293.9,244334,3.39,0
0.5,0.5,0,0,132,828294.0,244334,3.39,0
0.5,0.5,0,0,135,828302.2,244577,3.3867,0
0.5,0.5,0,0,133,828322.1,244334,3.3901,0
0.5,0.5,0,0,127,828335.2,244334,3.3902,0
0.5,0.5,0,0,136,828337.3,244334,3.3902,0
0.5,0.5,0,0,139,828346.1,244334,3.3902,0
0.5,0.5,0,0,134,828348.7,244577,3.3869,0
0.5,0.5,0,0,138,828351.2,244334,3.3902,0
0.5,0.5,0,0,137,828363.1,244334,3.3903,0
0.5,0.5,0,0,116,828372.2,244334,3.3903,0
0.5,0.5,0,0,128,828373.3,244334,3.3903,0
0.5,0.5,0,0,124,828374.4,244334,3.3903,0
0.5,0.5,0,0,126,828383.4,244334,3.3904,0
0.5,0.5,0,0,123,828385.7,244334,3.3904,0
0.5,0.5,0,0,147,828388.1,244334,3.3904,0
0.5,0.5,0,0,145,828393.7,244334,3.3904,0
0.5,0.5,0,0,140,828394.0,244334,3.3904,0
0.5,0.5,0,0,155,828412.0,244334,3.3905,0
0.5,0.5,0,0,153,828413.4,244334,3.3905,0
0.5,0.5,0,0,144,828413.7,244334,3.3905,0
0.5,0.5,0,0,164,828414.0,244334,3.3905,0
0.5,0.5,0,0,149,828415.0,244334,3.3905,0
0.5,0.5,0,0,165,828417.7,244334,3.3905,0
0.5,0.5,0,0,151,828417.7,244334,3.3905,0
0.5,0.5,0,0,166,828422.4,244334,3.3905,0
0.5,0.5,0,0,156,828422.9,244334,3.3905,0
0.5,0.5,0,0,174,828424.3,244334,3.3905,0
0.5,0.5,0,0,148,828424.6,244334,3.3905,0
0.5,0.5,0,0,157,828425.0,244334,3.3905,0
0.5,0.5,0,0,122,828425.5,244334,3.3905,0
0.5,0.5,0,0,146,828427.8,244334,3.3906,0
0.5,0.5,0,0,154,828428.5,244334,3.3906,0
0.5,0.5,0,0,143,828429.1,244334,3.3906,0
0.5,0.5,0,0,173,828429.5,244334,3.3906,0
0.5,0.5,0,0,172,828430.0,244334,3.3906,0
0.5,0.5,0,0,168,828431.1,244334,3.3906,0
0.5,0.5,0,0,159,828432.3,244334,3.3906,0
0.5,0.5,0,0,141,828432.4,244334,3.3906,0
0.5,0.5,0,0,163,828434.1,244334,3.3906,0
0.5,0.5,0,0,171,828435.5,244334,3.3906,0
0.5,0.5,0,0,158,828439.3,244334,3.3906,0
0.5,0.5,0,0,167,828440.1,244334,3.3906,0
0.5,0.5,0,0,161,828441.0,244334,3.3906,0
0.5,0.5,0,0,150,828441.2,244334,3.3906,0
0.5,0.5,0,0,142,828443.3,244334,3.3906,0
0.5,0.5,0,0,169,828445.7,244334,3.3906,0
0.5,0.5,0,0,162,828447.2,244334,3.3906,0
0.5,0.5,0,0,152,828451.9,244334,3.3907,0
0.5,0.5,0,0,160,828452.4,244334,3.3907,0
0.5,0.5,0,0,170,828455.7,244334,3.3907,0
0.5,0.5,0,0,117,828456.2,244334,3.3907,0
0.5,0.5,0,0,120,828456.7,244334,3.3907,0
0.5,0.5,0,0,175,828460.1,244334,3.3907,0
0.5,0.5,0,0,177,828468.7,244334,3.3907,0
0.5,0.5,0,0,176,828470.6,244334,3.3907,0
0.5,0.5,0,0,178,828485.1,244334,3.3908,0
0.5,0.5,0,0,182,828485.8,244334,3.3908,0
0.5,0.5,0,0,180,828486.0,244334,3.3908,0
0.5,0.5,0,0,118,828487.0,244334,3.3908,0
0.5,0.5,0,0,184,828488.5,244334,3.3908,0
0.5,0.5,0,0,179,828489.5,244334,3.3908,0
0.5,0.5,0,0,186,828494.6,244334,3.3908,0
0.5,0.5,0,0,125,828495.8,244334,3.3908,0
0.5,0.5,0,0,185,828497.2,244334,3.3908,0
0.5,0.5,0,0,181,828498.8,244334,3.3908,0
0.5,0.5,0,0,183,828500.2,244334,3.3909,0
0.5,0.5,0,0,187,828504.1,244334,3.3909,0
0.5,0.5,0,0,189,828510.6,244334,3.3909,0
0.5,0.5,0,0,121,828513.4,244334,3.3909,0
0.5,0.5,0,0,188,828514.5,244334,3.3909,0
0.5,0.5,0,0,190,828518.7,244334,3.3909,0
0.5,0.5,0,0,191,828520.0,244334,3.3909,0
0.5,0.5,0,0,193,828534.3,244334,3.391,0
0.5,0.5,0,0,192,828540.8,244334,3.391,0
0.5,0.5,0,0,194,828541.7,244334,3.391,0
0.5,0.5,0,0,198,828544.8,244334,3.391,0
0.5,0.5,0,0,197,828551.1,244334,3.3911,0
0.5,0.5,0,0,119,828551.4,244334,3.3911,0
0.5,0.5,0,0,195,828565.6,244334,3.3911,0
0.5,0.5,0,0,199,828565.6,244334,3.3911,0
0.5,0.5,0,0,196,828572.1,244334,3.3911,0
0.5,0.5,0,0,206,828573.9,244334,3.3912,0
0.5,0.5,0,0,200,828578.4,244334,3.3912,0
0.5,0.5,0,0,208,828578.6,244334,3.3912,0
0.5,0.5,0,0,207,828579.8,244334,3.3912,0
0.5,0.5,0,0,205,828580.8,244334,3.3912,0
0.5,0.5,0,0,201,828584.5,244334,3.3912,0
0.5,0.5,0,0,204,828585.7,244334,3.3912,0
0.5,0.5,0,0,202,828591.6,244334,3.3912,0
0.5,0.5,0,0,203,828594.7,244334,3.3912,0
0.5,0.5,0,0,376,828598.8,244334,3.3913,0
0.5,0.5,0,0,375,828598.8,244334,3.3913,0
0.5,0.5,0,0,374,828598.8,244334,3.3913,0
0.5,0.5,0,0,405,828598.8,244334,3.3913,0
0.5,0.5,0,0,404,828598.8,244334,3.3913,0
0.5,0.5,0,0,403,828598.8,244334,3.3913,0
0.5,0.5,0,0,402,828598.8,244334,3.3913,0
0.5,0.5,0,0,433,828598.8,244334,3.3913,0
0.5,0.5,0,0,400,828598.8,244334,3.3913,0
0.5,0.5,0,0,399,828598.8,244334,3.3913,0
0.5,0.5,0,0,430,828598.8,244334,3.3913,0
0.5,0.5,0,0,429,828598.8,244334,3.3913,0
0.5,0.5,0,0,428,828598.8,244334,3.3913,0
0.5,0.5,0,0,427,828598.8,244334,3.3913,0
0.5,0.5,0,0,394,828598.8,244334,3.3913,0
0.5,0.5,0,0,393,828598.8,244334,3.3913,0
0.5,0.5,0,0,360,828598.8,244334,3.3913,0
0.5,0.5,0,0,359,828598.8,244334,3.3913,0
0.5,0.5,0,0,358,828598.8,244334,3.3913,0
0.5,0.5,0,0,389,828598.8,244334,3.3913,0
0.5,0.5,0,0,388,828598.8,244334,3.3913,0
0.5,0.5,0,0,387,828598.8,244334,3.3913,0
0.5,0.5,0,0,386,828598.8,244334,3.3913,0
0.5,0.5,0,0,417,828598.8,244334,3.3913,0
0.5,0.5,0,0,384,828598.8,244334,3.3913,0
0.5,0.5,0,0,383,828598.8,244334,3.3913,0
0.5,0.5,0,0,414,828598.8,244334,3.3913,0
0.5,0.5,0,0,413,828598.8,244334,3.3913,0
0.5,0.5,0,0,412,828598.8,244334,3.3913,0
0.5,0.5,0,0,411,828598.8,244334,3.3913,0
0.5,0.5,0,0,378,828598.8,244334,3.3913,0
0.5,0.5,0,0,377,828598.8,244334,3.3913,0
0.5,0.5,0,0,344,828598.8,244334,3.3913,0
0.5,0.5,0,0,343,828598.8,244334,3.3913,0
0.5,0.5,0,0,342,828598.8,244334,3.3913,0
0.5,0.5,0,0,373,828598.8,244334,3.3913,0
0.5,0.5,0,0,372,828598.8,244334,3.3913,0
0.5,0.5,0,0,371,828598.8,244334,3.3913,0
0.5,0.5,0,0,370,828598.8,244334,3.3913,0
0.5,0.5,0,0,401,828598.8,244334,3.3913,0
0.5,0.5,0,0,368,828598.8,244334,3.3913,0
0.5,0.5,0,0,367,828598.8,244334,3.3913,0
0.5,0.5,0,0,398,828598.8,244334,3.3913,0
0.5,0.5,0,0,397,828598.8,244334,3.3913,0
0.5,0.5,0,0,396,828598.8,244334,3.3913,0
0.5,0.5,0,0,395,828598.8,244334,3.3913,0
0.5,0.5,0,0,362,828598.8,244334,3.3913,0
0.5,0.5,0,0,361,828598.8,244334,3.3913,0
0.5,0.5,0,0,328,828598.8,244334,3.3913,0
0.5,0.5,0,0,327,828598.8,244334,3.3913,0
0.5,0.5,0,0,326,828598.8,244334,3.3913,0
0.5,0.5,0,0,357,828598.8,244334,3.3913,0
0.5,0.5,0,0,356,828598.8,244334,3.3913,0
0.5,0.5,0,0,355,828598.8,244334,3.3913,0
0.5,0.5,0,0,354,828598.8,244334,3.3913,0
0.5,0.5,0,0,385,828598.8,244334,3.3913,0
0.5,0.5,0,0,352,828598.8,244334,3.3913,0
0.5,0.5,0,0,351,828598.8,244334,3.3913,0
0.5,0.5,0,0,382,828598.8,244334,3.3913,0
0.5,0.5,0,0,381,828598.8,244334,3.3913,0
0.5,0.5,0,0,380,828598.8,244334,3.3913,0
0.5,0.5,0,0,379,828598.8,244334,3.3913,0
0.5,0.5,0,0,346,828598.8,244334,3.3913,0
0.5,0.5,0,0,345,828598.8,244334,3.3913,0
0.5,0.5,0,0,312,828598.8,244334,3.3913,0
0.5,0.5,0,0,311,828598.8,244334,3.3913,0
0.5,0.5,0,0,310,828598.8,244334,3.3913,0
0.5,0.5,0,0,341,828598.8,244334,3.3913,0
0.5,0.5,0,0,340,828598.8,244334,3.3913,0
0.5,0.5,0,0,339,828598.8,244334,3.3913,0
0.5,0.5,0,0,338,828598.8,244334,3.3913,0
0.5,0.5,0,0,369,828598.8,244334,3.3913,0
0.5,0.5,0,0,336,828598.8,244334,3.3913,0
0.5,0.5,0,0,335,828598.8,244334,3.3913,0
0.5,0.5,0,0,366,828598.8,244334,3.3913,0
0.5,0.5,0,0,365,828598.8,244334,3.3913,0
0.5,0.5,0,0,364,828598.8,244334,3.3913,0
0.5,0.5,0,0,363,828598.8,244334,3.3913,0
0.5,0.5,0,0,330,828598.8,244334,3.3913,0
0.5,0.5,0,0,329,828598.8,244334,3.3913,0
0.5,0.5,0,0,296,828598.8,244334,3.3913,0
0.5,0.5,0,0,295,828598.8,244334,3.3913,0
0.5,0.5,0,0,294,828598.8,244334,3.3913,0
0.5,0.5,0,0,325,828598.8,244334,3.3913,0
0.5,0.5,0,0,324,828598.8,244334,3.3913,0
0.5,0.5,0,0,323,828598.8,244334,3.3913,0
0.5,0.5,0,0,322,828598.8,244334,3.3913,0
0.5,0.5,0,0,353,828598.8,244334,3.3913,0
0.5,0.5,0,0,320,828598.8,244334,3.3913,0
0.5,0.5,0,0,319,828598.8,244334,3.3913,0
0.5,0.5,0,0,350,828598.8,244334,3.3913,0
0.5,0.5,0,0,349,828598.8,244334,3.3913,0
0.5,0.5,0,0,348,828598.8,244334,3.3913,0
0.5,0.5,0,0,347,828598.8,244334,3.3913,0
0.5,0.5,0,0,314,828598.8,244334,3.3913,0
0.5,0.5,0,0,313,828598.8,244334,3.3913,0
0.5,0.5,0,0,280,828598.8,244334,3.3913,0
0.5,0.5,0,0,279,828598.8,244334,3.3913,0
0.5,0.5,0,0,278,828598.8,244334,3.3913,0
0.5,0.5,0,0,309,828598.8,244334,3.3913,0
0.5,0.5,0,0,308,828598.8,244334,3.3913,0
0.5,0.5,0,0,307,828598.8,244334,3.3913,0
0.5,0.5,0,0,306,828598.8,244334,3.3913,0
0.5,0.5,0,0,337,828598.8,244334,3.3913,0
0.5,0.5,0,0,304,828598.8,244334,3.3913,0
0.5,0.5,0,0,303,828598.8,244334,3.3913,0
0.5,0.5,0,0,334,828598.8,244334,3.3913,0
0.5,0.5,0,0,333,828598.8,244334,3.3913,0
0.5,0.5,0,0,332,828598.8,244334,3.3913,0
0.5,0.5,0,0,331,828598.8,244334,3.3913,0
0.5,0.5,0,0,298,828598.8,244334,3.3913,0
0.5,0.5,0,0,297,828598.8,244334,3.3913,0
0.5,0.5,0,0,264,828598.8,244334,3.3913,0
0.5,0.5,0,0,263,828598.8,244334,3.3913,0
0.5,0.5,0,0,262,828598.8,244334,3.3913,0
0.5,0.5,0,0,293,828598.8,244334,3.3913,0
0.5,0.5,0,0,292,828598.8,244334,3.3913,0
0.5,0.5,0,0,291,828598.8,244334,3.3913,0
0.5,0.5,0,0,290,828598.8,244334,3.3913,0
0.5,0.5,0,0,321,828598.8,244334,3.3913,0
0.5,0.5,0,0,288,828598.8,244334,3.3913,0
0.5,0.5,0,0,287,828598.8,244334,3.3913,0
0.5,0.5,0,0,318,828598.8,244334,3.3913,0
0.5,0.5,0,0,317,828598.8,244334,3.3913,0
0.5,0.5,0,0,316,828598.8,244334,3.3913,0
0.5,0.5,0,0,315,828598.8,244334,3.3913,0
0.5,0.5,0,0,282,828598.8,244334,3.3913,0
0.5,0.5,0,0,281,828598.8,244334,3.3913,0
0.5,0.5,0,0,248,828598.8,244334,3.3913,0
0.5,0.5,0,0,247,828598.8,244334,3.3913,0
0.5,0.5,0,0,246,828598.8,244334,3.3913,0
0.5,0.5,0,0,277,828598.8,244334,3.3913,0
0.5,0.5,0,0,276,828598.8,244334,3.3913,0
0.5,0.5,0,0,275,828598.8,244334,3.3913,0
0.5,0.5,0,0,274,828598.8,244334,3.3913,0
0.5,0.5,0,0,305,828598.8,244334,3.3913,0
0.5,0.5,0,0,272,828598.8,244334,3.3913,0
0.5,0.5,0,0,271,828598.8,244334,3.3913,0
0.5,0.5,0,0,302,828598.8,244334,3.3913,0
0.5,0.5,0,0,301,828598.8,244334,3.3913,0
0.5,0.5,0,0,300,828598.8,244334,3.3913,0
0.5,0.5,0,0,299,828598.8,244334,3.3913,0
0.5,0.5,0,0,266,828598.8,244334,3.3913,0
0.5,0.5,0,0,265,828598.8,244334,3.3913,0
0.5,0.5,0,0,232,828598.8,244334,3.3913,0
0.5,0.5,0,0,231,828598.8,244334,3.3913,0
0.5,0.5,0,0,230,828598.8,244334,3.3913,0
0.5,0.5,0,0,261,828598.8,244334,3.3913,0
0.5,0.5,0,0,260,828598.8,244334,3.3913,0
0.5,0.5,0,0,259,828598.8,244334,3.3913,0
0.5,0.5,0,0,258,828598.8,244334,3.3913,0
0.5,0.5,0,0,289,828598.8,244334,3.3913,0
0.5,0.5,0,0,256,828598.8,244334,3.3913,0
0.5,0.5,0,0,255,828598.8,244334,3.3913,0
0.5,0.5,0,0,286,828598.8,244334,3.3913,0
0.5,0.5,0,0,285,828598.8,244334,3.3913,0
0.5,0.5,0,0,284,828598.8,244334,3.3913,0
0.5,0.5,0,0,283,828598.8,244334,3.3913,0
0.5,0.5,0,0,250,828598.8,244334,3.3913,0
0.5,0.5,0,0,249,828598.8,244334,3.3913,0
0.5,0.5,0,0,216,828641.6,244334,3.3914,0
0.5,0.5,0,0,215,828643.1,244334,3.3914,0
0.5,0.5,0,0,214,828626.4,244334,3.3914,0
0.5,0.5,0,0,245,828598.8,244334,3.3913,0
0.5,0.5,0,0,244,828598.8,244334,3.3913,0
0.5,0.5,0,0,243,828598.8,244334,3.3913,0
0.5,0.5,0,0,242,828598.8,244334,3.3913,0
0.5,0.5,0,0,273,828598.8,244334,3.3913,0
0.5,0.5,0,0,240,828598.8,244334,3.3913,0
0.5,0.5,0,0,239,828598.8,244334,3.3913,0
0.5,0.5,0,0,270,828598.8,244334,3.3913,0
0.5,0.5,0,0,269,828598.8,244334,3.3913,0
0.5,0.5,0,0,268,828598.8,244334,3.3913,0
0.5,0.5,0,0,267,828598.8,244334,3.3913,0
0.5,0.5,0,0,234,828598.8,244334,3.3913,0
0.5,0.5,0,0,233,828598.8,244334,3.3913,0
0.5,0.5,0,0,392,828598.8,244334,3.3913,0
0.5,0.5,0,0,391,828598.8,244334,3.3913,0
0.5,0.5,0,0,390,828598.8,244334,3.3913,0
0.5,0.5,0,0,421,828598.8,244334,3.3913,0
0.5,0.5,0,0,420,828598.8,244334,3.3913,0
0.5,0.5,0,0,419,828598.8,244334,3.3913,0
0.5,0.5,0,0,418,828598.8,244334,3.3913,0
0.5,0.5,0,0,449,828598.8,244334,3.3913,0
0.5,0.5,0,0,416,828598.8,244334,3.3913,0
0.5,0.5,0,0,415,828598.8,244334,3.3913,0
0.5,0.5,0,0,446,828598.8,244334,3.3913,0
0.5,0.5,0,0,445,828598.8,244334,3.3913,0
0.5,0.5,0,0,444,828598.8,244334,3.3913,0
0.5,0.5,0,0,443,828598.8,244334,3.3913,0
0.5,0.5,0,0,410,828598.8,244334,3.3913,0
0.5,0.5,0,0,409,828598.8,244334,3.3913,0
0.5,0.5,0,0,229,828598.8,244334,3.3913,0
0.5,0.5,0,0,228,828598.8,244334,3.3913,0
0.5,0.5,0,0,227,828598.8,244334,3.3913,0
0.5,0.5,0,0,226,828598.8,244334,3.3913,0
0.5,0.5,0,0,257,828598.8,244334,3.3913,0
0.5,0.5,0,0,224,828598.8,244334,3.3913,0
0.5,0.5,0,0,223,828598.8,244334,3.3913,0
0.5,0.5,0,0,254,828598.8,244334,3.3913,0
0.5,0.5,0,0,253,828598.8,244334,3.3913,0
0.5,0.5,0,0,252,828598.8,244334,3.3913,0
0.5,0.5,0,0,251,828598.8,244334,3.3913,0
0.5,0.5,0,0,218,828621.9,244334,3.3913,0
0.5,0.5,0,0,217,828622.3,244334,3.3914,0
0.5,0.5,0,0,213,828629.6,244334,3.3914,0
0.5,0.5,0,0,212,828613.0,244334,3.3913,0
0.5,0.5,0,0,211,828604.5,244334,3.3913,0
0.5,0.5,0,0,210,828609.0,244334,3.3913,0
0.5,0.5,0,0,241,828598.8,244334,3.3913,0
0.5,0.5,0,0,238,828598.8,244334,3.3913,0
0.5,0.5,0,0,237,828598.8,244334,3.3913,0
0.5,0.5,0,0,236,828598.8,244334,3.3913,0
0.5,0.5,0,0,235,828598.8,244334,3.3913,0
0.5,0.5,0,0,408,828598.8,244334,3.3913,0
0.5,0.5,0,0,407,828598.8,244334,3.3913,0
0.5,0.5,0,0,406,828598.8,244334,3.3913,0
0.5,0.5,0,0,437,828598.8,244334,3.3913,0
0.5,0.5,0,0,436,828598.8,244334,3.3913,0
0.5,0.5,0,0,435,828598.8,244334,3.3913,0
0.5,0.5,0,0,434,828598.8,244334,3.3913,0
0.5,0.5,0,0,465,828598.8,244334,3.3913,0
0.5,0.5,0,0,432,828598.8,244334,3.3913,0
0.5,0.5,0,0,431,828598.8,244334,3.3913,0
0.5,0.5,0,0,462,828598.8,244334,3.3913,0
0.5,0.5,0,0,461,828598.8,244334,3.3913,0
0.5,0.5,0,0,460,828598.8,244334,3.3913,0
0.5,0.5,0,0,459,828598.8,244334,3.3913,0
0.5,0.5,0,0,426,828598.8,244334,3.3913,0
0.5,0.5,0,0,425,828598.8,244334,3.3913,0
0.5,0.5,0,0,225,828598.8,244334,3.3913,0
0.5,0.5,0,0,222,828607.9,244334,3.3913,0
0.5,0.5,0,0,221,828617.5,244334,3.3913,0
0.5,0.5,0,0,220,828635.5,244334,3.3914,0
0.5,0.5,0,0,219,828630.7,244334,3.3914,0
0.5,0.5,0,0,424,828598.8,244334,3.3913,0
0.5,0.5,0,0,423,828598.8,244334,3.3913,0
0.5,0.5,0,0,422,828598.8,244334,3.3913,0
0.5,0.5,0,0,453,828598.8,244334,3.3913,0
0.5,0.5,0,0,452,828598.8,244334,3.3913,0
0.5,0.5,0,0,451,828598.8,244334,3.3913,0
0.5,0.5,0,0,450,828598.8,244334,3.3913,0
0.5,0.5,0,0,481,828598.8,244334,3.3913,0
0.5,0.5,0,0,448,828598.8,244334,3.3913,0
0.5,0.5,0,0,447,828598.8,244334,3.3913,0
0.5,0.5,0,0,478,828598.8,244334,3.3913,0
0.5,0.5,0,0,477,828598.8,244334,3.3913,0
0.5,0.5,0,0,476,828598.8,244334,3.3913,0
0.5,0.5,0,0,475,828598.8,244334,3.3913,0
0.5,0.5,0,0,442,828598.8,244334,3.3913,0
0.5,0.5,0,0,441,828598.8,244334,3.3913,0
0.5,0.5,0,0,209,828607.4,244334,3.3913,0
0.5,0.5,0,0,440,828598.8,244334,3.3913,0
0.5,0.5,0,0,439,828598.8,244334,3.3913,0
0.5,0.5,0,0,438,828598.8,244334,3.3913,0
0.5,0.5,0,0,469,828598.8,244334,3.3913,0
0.5,0.5,0,0,468,828598.8,244334,3.3913,0
0.5,0.5,0,0,467,828598.8,244334,3.3913,0
0.5,0.5,0,0,466,828598.8,244334,3.3913,0
0.5,0.5,0,0,497,828598.8,244334,3.3913,0
0.5,0.5,0,0,464,828598.8,244334,3.3913,0
0.5,0.5,0,0,463,828598.8,244334,3.3913,0
0.5,0.5,0,0,494,828598.8,244334,3.3913,0
0.5,0.5,0,0,493,828598.8,244334,3.3913,0
0.5,0.5,0,0,492,828598.8,244334,3.3913,0
0.5,0.5,0,0,491,828598.8,244334,3.3913,0
0.5,0.5,0,0,458,828598.8,244334,3.3913,0
0.5,0.5,0,0,457,828598.8,244334,3.3913,0
0.5,0.5,0,0,456,828598.8,244334,3.3913,0
0.5,0.5,0,0,455,828598.8,244334,3.3913,0
0.5,0.5,0,0,454,828598.8,244334,3.3913,0
0.5,0.5,0,0,485,828598.8,244334,3.3913,0
0.5,0.5,0,0,484,828598.8,244334,3.3913,0
0.5,0.5,0,0,483,828598.8,244334,3.3913,0
0.5,0.5,0,0,482,828598.8,244334,3.3913,0
0.5,0.5,0,0,513,828598.8,244334,3.3913,0
0.5,0.5,0,0,480,828598.8,244334,3.3913,0
0.5,0.5,0,0,479,828598.8,244334,3.3913,0
0.5,0.5,0,0,510,828598.8,244334,3.3913,0
0.5,0.5,0,0,509,828598.8,244334,3.3913,0
0.5,0.5,0,0,508,828598.8,244334,3.3913,0
0.5,0.5,0,0,507,828598.8,244334,3.3913,0
0.5,0.5,0,0,474,828598.8,244334,3.3913,0
0.5,0.5,0,0,473,828598.8,244334,3.3913,0
0.5,0.5,0,0,472,828598.8,244334,3.3913,0
0.5,0.5,0,0,471,828598.8,244334,3.3913,0
0.5,0.5,0,0,470,828598.8,244334,3.3913,0
0.5,0.5,0,0,501,828598.8,244334,3.3913,0
0.5,0.5,0,0,500,828598.8,244334,3.3913,0
0.5,0.5,0,0,499,828598.8,244334,3.3913,0
0.5,0.5,0,0,498,828598.8,244334,3.3913,0
0.5,0.5,0,0,529,828598.8,244334,3.3913,0
0.5,0.5,0,0,496,828598.8,244334,3.3913,0
0.5,0.5,0,0,495,828598.8,244334,3.3913,0
0.5,0.5,0,0,526,828598.8,244334,3.3913,0
0.5,0.5,0,0,525,828598.8,244334,3.3913,0
0.5,0.5,0,0,524,828598.8,244334,3.3913,0
0.5,0.5,0,0,523,828598.8,244334,3.3913,0
0.5,0.5,0,0,490,828598.8,244334,3.3913,0
0.5,0.5,0,0,489,828598.8,244334,3.3913,0
0.5,0.5,0,0,488,828598.8,244334,3.3913,0
0.5,0.5,0,0,487,828598.8,244334,3.3913,0
0.5,0.5,0,0,486,828598.8,244334,3.3913,0
0.5,0.5,0,0,517,828598.8,244334,3.3913,0
0.5,0.5,0,0,516,828598.8,244334,3.3913,0
0.5,0.5,0,0,515,828598.8,244334,3.3913,0
0.5,0.5,0,0,514,828598.8,244334,3.3913,0
0.5,0.5,0,0,545,828598.8,244334,3.3913,0
0.5,0.5,0,0,512,828598.8,244334,3.3913,0
0.5,0.5,0,0,511,828598.8,244334,3.3913,0
0.5,0.5,0,0,542,828598.8,244334,3.3913,0
0.5,0.5,0,0,541,828598.8,244334,3.3913,0
0.5,0.5,0,0,540,828598.8,244334,3.3913,0
0.5,0.5,0,0,539,828598.8,244334,3.3913,0
0.5,0.5,0,0,506,828598.8,244334,3.3913,0
0.5,0.5,0,0,505,828598.8,244334,3.3913,0
0.5,0.5,0,0,504,828598.8,244334,3.3913,0
0.5,0.5,0,0,503,828598.8,244334,3.3913,0
0.5,0.5,0,0,502,828598.8,244334,3.3913,0
0.5,0.5,0,0,533,828598.8,244334,3.3913,0
0.5,0.5,0,0,532,828598.8,244334,3.3913,0
0.5,0.5,0,0,531,828598.8,244334,3.3913,0
0.5,0.5,0,0,530,828598.8,244334,3.3913,0
0.5,0.5,0,0,561,828598.8,244334,3.3913,0
0.5,0.5,0,0,528,828598.8,244334,3.3913,0
0.5,0.5,0,0,527,828598.8,244334,3.3913,0
0.5,0.5,0,0,558,828598.8,244334,3.3913,0
0.5,0.5,0,0,557,828598.8,244334,3.3913,0
0.5,0.5,0,0,556,828598.8,244334,3.3913,0
0.5,0.5,0,0,555,828598.8,244334,3.3913,0
0.5,0.5,0,0,522,828598.8,244334,3.3913,0
0.5,0.5,0,0,521,828598.8,244334,3.3913,0
0.5,0.5,0,0,520,828598.8,244334,3.3913,0
0.5,0.5,0,0,519,828598.8,244334,3.3913,0
0.5,0.5,0,0,518,828598.8,244334,3.3913,0
0.5,0.5,0,0,549,828598.8,244334,3.3913,0
0.5,0.5,0,0,548,828598.8,244334,3.3913,0
0.5,0.5,0,0,547,828598.8,244334,3.3913,0
0.5,0.5,0,0,546,828598.8,244334,3.3913,0
0.5,0.5,0,0,575,828598.8,244334,3.3913,0
0.5,0.5,0,0,544,828598.8,244334,3.3913,0
0.5,0.5,0,0,543,828598.8,244334,3.3913,0
0.5,0.5,0,0,574,828598.8,244334,3.3913,0
0.5,0.5,0,0,573,828598.8,244334,3.3913,0
0.5,0.5,0,0,572,828598.8,244334,3.3913,0
0.5,0.5,0,0,571,828598.8,244334,3.3913,0
0.5,0.5,0,0,538,828598.8,244334,3.3913,0
0.5,0.5,0,0,537,828598.8,244334,3.3913,0
0.5,0.5,0,0,536,828598.8,244334,3.3913,0
0.5,0.5,0,0,535,828598.8,244334,3.3913,0
0.5,0.5,0,0,534,828598.8,244334,3.3913,0
0.5,0.5,0,0,569,828598.8,244334,3.3913,0
0.5,0.5,0,0,568,828598.8,244334,3.3913,0
0.5,0.5,0,0,567,828598.8,244334,3.3913,0
0.5,0.5,0,0,566,828598.8,244334,3.3913,0
0.5,0.5,0,0,565,828598.8,244334,3.3913,0
0.5,0.5,0,0,564,828598.8,244334,3.3913,0
0.5,0.5,0,0,563,828598.8,244334,3.3913,0
0.5,0.5,0,0,562,828598.8,244334,3.3913,0
0.5,0.5,0,0,560,828598.8,244334,3.3913,0
0.5,0.5,0,0,559,828598.8,244334,3.3913,0
0.5,0.5,0,0,576,828598.8,244334,3.3913,0
0.5,0.5,0,0,554,828598.8,244334,3.3913,0
0.5,0.5,0,0,553,828598.8,244334,3.3913,0
0.5,0.5,0,0,552,828598.8,244334,3.3913,0
0.5,0.5,0,0,551,828598.8,244334,3.3913,0
0.5,0.5,0,0,550,828598.8,244334,3.3913,0
0.5,0.5,0,0,570,828598.8,244334,3.3913,0
0.6,0.0,0,1,520,649072.9,73870,8.7867,0
0.6,0.0,0,1,522,649073.2,73942,8.7781,0
0.6,0.0,0,1,575,649076.4,73870,8.7867,0
0.6,0.0,0,1,517,649080.5,73942,8.7782,0
0.6,0.0,0,1,573,649080.9,73870,8.7868,0
0.6,0.0,0,1,485,649082.3,73942,8.7783,0
0.6,0.0,0,0,567,734667.5,77137,9.5242,0
0.6,0.0,0,0,566,734669.7,77137,9.5242,0
0.6,0.0,0,0,565,734677.1,77137,9.5243,0
0.6,0.0,0,0,564,734671.4,77137,9.5242,0
0.6,0.0,0,0,563,734683.5,77137,9.5244,0
0.6,0.0,0,0,562,734681.9,77137,9.5244,0
0.6,0.0,0,0,558,734662.3,77137,9.5241,0
0.6,0.0,0,0,561,734638.2,77137,9.5238,0
0.6,0.0,0,0,545,734558.7,77137,9.5228,0
0.6,0.0,0,0,576,734683.9,77137,9.5244,0
0.6,0.0,0,0,575,734649.1,77137,9.524,0
0.6,0.0,0,0,574,734665.7,77137,9.5242,0
0.6,0.0,0,0,554,734588.9,77137,9.5232,0
0.6,0.0,0,0,553,734588.3,77137,9.5232,0
0.6,0.0,0,0,552,734569.0,77137,9.5229,0
0.6,0.0,0,0,551,734571.2,77137,9.5229,0
0.6,0.0,0,0,550,734591.0,77137,9.5232,0
0.6,0.0,0,0,549,734588.7,77137,9.5232,0
0.6,0.0,0,0,548,734582.9,77137,9.5231,0
0.6,0.0,0,0,547,734551.3,77137,9.5227,0
0.6,0.0,0,0,546,734561.2,77137,9.5228,0
0.6,0.0,0,0,542,734570.1,77137,9.5229,0
0.6,0.0,0,0,573,734653.6,77137,9.524,0
0.6,0.0,0,0,572,734657.2,77137,9.5241,0
0.6,0.0,0,0,571,734676.1,77137,9.5243,0
0.6,0.0,0,0,570,734688.2,77137,9.5245,0
0.6,0.0,0,0,569,734652.4,77137,9.524,0
0.6,0.0,0,0,568,734645.9,77137,9.5239,0
0.6,0.0,0,0,538,734573.5,77137,9.523,0
0.6,0.0,0,0,537,734573.4,77137,9.523,0
0.6,0.0,0,0,536,734605.5,77137,9.5234,0
0.6,0.0,0,0,535,734585.3,77137,9.5231,0
0.6,0.0,0,0,534,734603.1,77137,9.5234,0
0.6,0.0,0,0,533,734630.6,77137,9.5237,0
0.6,0.0,0,0,532,734594.5,77137,9.5232,0
0.6,0.0,0,0,531,734584.4,77137,9.5231,0
0.6,0.0,0,0,530,734570.9,77137,9.5229,0
0.6,0.0,0,0,529,734585.4,77137,9.5231,0
0.6,0.0,0,0,560,734668.6,77137,9.5242,0
0.6,0.0,0,0,559,734673.4,77137,9.5243,0
0.6,0.0,0,0,526,734591.4,77137,9.5232,0
0.6,0.0,0,0,557,734649.6,77137,9.524,0
0.6,0.0,0,0,556,734635.6,77137,9.5238,0
0.6,0.0,0,0,555,734608.4,77137,9.5234,0
0.6,0.0,0,0,522,734612.8,77137,9.5235,0
0.6,0.0,0,0,521,734602.6,77137,9.5233,0
0.6,0.0,0,0,520,734611.9,77137,9.5235,0
0.6,0.0,0,0,519,734603.9,77137,9.5234,0
0.6,0.0,0,0,518,734595.7,77137,9.5233,0
0.6,0.0,0,0,517,734610.7,77137,9.5235,0
0.6,0.0,0,0,516,734571.0,77137,9.5229,0
0.6,0.0,0,0,515,734530.2,77137,9.5224,0
0.6,0.0,0,0,514,734541.2,77137,9.5226,0
0.6,0.0,0,0,513,734554.9,77137,9.5227,0
0.6,0.0,0,0,544,734562.3,77137,9.5228,0
0.6,0.0,0,0,543,734570.3,77137,9.5229,0
0.6,0.0,0,0,510,734488.8,77137,9.5219,0
0.6,0.0,0,0,541,734558.3,77137,9.5228,0
0.6,0.0,0,0,540,734584.5,77137,9.5231,0
0.6,0.0,0,0,539,734580.7,77137,9.5231,0
0.6,0.0,0,0,506,734431.0,77137,9.5211,0
0.6,0.0,0,0,505,734438.6,77137,9.5212,0
0.6,0.0,0,0,504,734484.1,77137,9.5218,0
0.6,0.0,0,0,503,734477.9,77137,9.5217,0
0.6,0.0,0,0,502,734463.9,77137,9.5216,0
0.6,0.0,0,0,501,734482.5,77137,9.5218,0
0.6,0.0,0,0,500,734476.9,77137,9.5217,0
0.6,0.0,0,0,499,734483.5,77137,9.5218,0
0.6,0.0,0,0,498,734511.3,77137,9.5222,0
0.6,0.0,0,0,497,734544.1,77137,9.5226,0
0.6,0.0,0,0,528,734586.3,77137,9.5231,0
0.6,0.0,0,0,527,734568.1,77137,9.5229,0
0.6,0.0,0,0,494,734512.9,77137,9.5222,0
0.6,0.0,0,0,525,734589.6,77137,9.5232,0
0.6,0.0,0,0,524,734635.5,77137,9.5238,0
0.6,0.0,0,0,523,734599.1,77137,9.5233,0
0.6,0.0,0,0,490,734853.2,77182,9.521,0
0.6,0.0,0,0,489,734838.6,77182,9.5209,0
0.6,0.0,0,0,488,734877.5,77182,9.5214,0
0.6,0.0,0,0,487,734858.8,77182,9.5211,0
0.6,0.0,0,0,486,734932.6,77182,9.5221,0
0.6,0.0,0,0,485,734628.3,77137,9.5237,0
0.6,0.0,0,0,484,734611.6,77137,9.5235,0
0.6,0.0,0,0,483,734594.1,77137,9.5232,0
0.6,0.0,0,0,482,734581.6,77137,9.5231,0
0.6,0.0,0,0,481,734562.8,77137,9.5228,0
0.6,0.0,0,0,512,734529.7,77137,9.5224,0
0.6,0.0,0,0,511,734475.5,77137,9.5217,0
0.6,0.0,0,0,478,734496.3,77137,9.522,0
0.6,0.0,0,0,509,734490.4,77137,9.5219,0
0.6,0.0,0,0,508,734482.0,77137,9.5218,0
0.6,0.0,0,0,507,734469.5,77137,9.5216,0
0.6,0.0,0,0,474,734398.5,77137,9.5207,0
0.6,0.0,0,0,473,734355.1,77137,9.5201,0
0.6,0.0,0,0,472,734332.4,77137,9.5198,0
0.6,0.0,0,0,471,734307.3,77137,9.5195,0
0.6,0.0,0,0,470,734297.5,77137,9.5194,0
0.6,0.0,0,0,469,734333.9,77137,9.5199,0
0.6,0.0,0,0,468,734349.8,77137,9.5201,0
0.6,0.0,0,0,467,734301.1,77137,9.5194,0
0.6,0.0,0,0,466,734281.2,77137,9.5192,0
0.6,0.0,0,0,465,734267.2,77137,9.519,0
0.6,0.0,0,0,496,734526.8,77137,9.5224,0
0.6,0.0,0,0,495,734539.2,77137,9.5225,0
0.6,0.0,0,0,462,734096.4,77137,9.5168,0
0.6,0.0,0,0,493,734512.9,77137,9.5222,0
0.6,0.0,0,0,492,734802.4,77182,9.5204,0
0.6,0.0,0,0,491,734843.4,77182,9.5209,0
0.6,0.0,0,0,458,733991.1,77137,9.5154,0
0.6,0.0,0,0,457,733998.6,77137,9.5155,0
0.6,0.0,0,0,456,734021.3,77137,9.5158,0
0.6,0.0,0,0,455,733938.2,77137,9.5147,0
0.6,0.0,0,0,454,733887.5,77137,9.5141,0
0.6,0.0,0,0,453,733890.1,77137,9.5141,0
0.6,0.0,0,0,452,733783.2,77137,9.5127,0
0.6,0.0,0,0,451,733776.5,77137,9.5126,0
0.6,0.0,0,0,450,733725.7,77137,9.512,0
0.6,0.0,0,0,449,733708.7,77137,9.5118,0
0.6,0.0,0,0,480,734566.3,77137,9.5229,0
0.6,0.0,0,0,479,734536.2,77137,9.5225,0
0.6,0.0,0,0,446,733641.0,77137,9.5109,0
0.6,0.0,0,0,477,734534.1,77137,9.5225,0
0.6,0.0,0,0,476,734475.5,77137,9.5217,0
0.6,0.0,0,0,475,734459.1,77137,9.5215,0
0.6,0.0,0,0,442,733704.2,77137,9.5117,0
0.6,0.0,0,0,441,733731.1,77137,9.5121,0
0.6,0.0,0,0,440,733711.0,77137,9.5118,0
0.6,0.0,0,0,439,733647.1,77137,9.511,0
0.6,0.0,0,0,438,733675.7,77137,9.5113,0
0.6,0.0,0,0,437,733716.3,77199,9.5042,0
0.6,0.0,0,0,436,733722.8,77199,9.5043,0
0.6,0.0,0,0,435,733681.9,77199,9.5038,0
0.6,0.0,0,0,434,733684.6,77199,9.5038,0
0.6,0.0,0,0,433,733666.4,77199,9.5036,0
0.6,0.0,0,0,464,734178.2,77137,9.5178,0
0.6,0.0,0,0,463,734119.0,77137,9.5171,0
0.6,0.0,0,0,430,733592.4,77199,9.5026,0
0.6,0.0,0,0,461,734032.1,77137,9.516,0
0.6,0.0,0,0,460,734069.7,77137,9.5164,0
0.6,0.0,0,0,459,734062.9,77137,9.5164,0
0.6,0.0,0,0,426,733594.4,77199,9.5026,0
0.6,0.0,0,0,425,733633.4,77137,9.5108,0
0.6,0.0,0,0,424,733632.1,77137,9.5108,0
0.6,0.0,0,0,423,733651.1,77137,9.511,0
0.6,0.0,0,0,422,733624.6,77137,9.5107,0
0.6,0.0,0,0,421,733633.9,77137,9.5108,0
0.6,0.0,0,0,420,733585.9,77137,9.5102,0
0.6,0.0,0,0,419,733517.0,77137,9.5093,0
0.6,0.0,0,0,418,733506.9,77137,9.5091,0
0.6,0.0,0,0,417,733467.2,77137,9.5086,0
0.6,0.0,0,0,448,733706.0,77137,9.5117,0
0.6,0.0,0,0,447,733650.5,77137,9.511,0
0.6,0.0,0,0,414,733436.2,77137,9.5082,0
0.6,0.0,0,0,445,733686.1,77137,9.5115,0
0.6,0.0,0,0,444,733698.9,77137,9.5116,0
0.6,0.0,0,0,443,733684.3,77137,9.5114,0
0.6,0.0,0,0,410,733348.4,77137,9.5071,0
0.6,0.0,0,0,409,733382.4,77137,9.5075,0
0.6,0.0,0,0,408,733452.6,77137,9.5084,0
0.6,0.0,0,0,407,733451.8,77137,9.5084,0
0.6,0.0,0,0,406,733428.5,77137,9.5081,0
0.6,0.0,0,0,405,733497.6,77199,9.5014,0
0.6,0.0,0,0,404,733407.8,77137,9.5079,0
0.6,0.0,0,0,403,733343.3,77199,9.4994,0
0.6,0.0,0,0,402,733383.1,77199,9.4999,0
0.6,0.0,0,0,401,733432.4,77137,9.5082,0
0.6,0.0,0,0,432,733683.7,77199,9.5038,0
0.6,0.0,0,0,431,733676.6,77137,9.5113,0
0.6,0.0,0,0,398,733520.4,77199,9.5017,0
0.6,0.0,0,0,429,733534.4,77199,9.5019,0
0.6,0.0,0,0,428,733515.4,77199,9.5016,0
0.6,0.0,0,0,427,733559.8,77137,9.5098,0
0.6,0.0,0,0,394,733487.0,77199,9.5013,0
0.6,0.0,0,0,393,733482.3,77199,9.5012,0
0.6,0.0,0,0,392,733410.7,77199,9.5003,0
0.6,0.0,0,0,391,733591.9,77173,9.5058,0
0.6,0.0,0,0,390,733567.9,77173,9.5055,0
0.6,0.0,0,0,389,733663.5,77173,9.5067,0
0.6,0.0,0,0,388,733597.6,77137,9.5103,0
0.6,0.0,0,0,387,733672.3,77173,9.5069,0
0.6,0.0,0,0,386,733555.3,77173,9.5053,0
0.6,0.0,0,0,385,733564.2,77173,9.5055,0
0.6,0.0,0,0,416,733458.9,77137,9.5085,0
0.6,0.0,0,0,415,733371.7,77137,9.5074,0
0.6,0.0,0,0,382,733261.9,77133,9.5065,0
0.6,0.0,0,0,413,733432.8,77137,9.5082,0
0.6,0.0,0,0,412,733401.6,77137,9.5078,0
0.6,0.0,0,0,411,733332.0,77137,9.5069,0
0.6,0.0,0,0,378,733444.0,77173,9.5039,0
0.6,0.0,0,0,377,733271.2,77137,9.5061,0
0.6,0.0,0,0,376,732969.7,77074,9.5099,0
0.6,0.0,0,0,375,733091.8,77110,9.5071,0
0.6,0.0,0,0,374,732954.4,77133,9.5025,0
0.6,0.0,0,0,373,732953.1,77110,9.5053,0
0.6,0.0,0,0,372,732795.4,77133,9.5004,0
0.6,0.0,0,0,371,732739.8,77133,9.4997,0
0.6,0.0,0,0,370,732660.3,77133,9.4987,0
0.6,0.0,0,0,369,732582.3,77133,9.4977,0
0.6,0.0,0,0,400,733455.6,77199,9.5008,0
0.6,0.0,0,0,399,733464.4,77199,9.501,0
0.6,0.0,0,0,366,732511.3,77133,9.4967,0
0.6,0.0,0,0,397,733372.3,77199,9.4998,0
0.6,0.0,0,0,396,733443.0,77199,9.5007,0
0.6,0.0,0,0,395,733461.3,77199,9.5009,0
0.6,0.0,0,0,362,732270.6,77195,9.486,0
0.6,0.0,0,0,361,732310.3,77172,9.4893,0
0.6,0.0,0,0,360,732328.3,77110,9.4972,0
0.6,0.0,0,0,359,732373.8,77133,9.4949,0
0.6,0.0,0,0,358,732409.7,77133,9.4954,0
0.6,0.0,0,0,357,732480.7,77133,9.4963,0
0.6,0.0,0,0,356,732339.0,77074,9.5018,0
0.6,0.0,0,0,355,732535.1,77074,9.5043,0
0.6,0.0,0,0,354,732414.4,77074,9.5027,0
0.6,0.0,0,0,353,732343.1,77074,9.5018,0
0.6,0.0,0,0,384,733556.3,77173,9.5053,0
0.6,0.0,0,0,383,733510.6,77196,9.5019,0
0.6,0.0,0,0,350,732397.8,77074,9.5025,0
0.6,0.0,0,0,381,733515.7,77196,9.502,0
0.6,0.0,0,0,380,733530.3,77196,9.5022,0
0.6,0.0,0,0,379,733038.5,77110,9.5064,0
0.6,0.0,0,0,346,732378.5,77136,9.4946,0
0.6,0.0,0,0,345,732212.7,77136,9.4925,0
0.6,0.0,0,0,344,732180.3,77136,9.4921,0
0.6,0.0,0,0,343,732132.5,77136,9.4915,0
0.6,0.0,0,0,342,732099.0,77136,9.491,0
0.6,0.0,0,0,341,732177.9,77136,9.492,0
0.6,0.0,0,0,340,732078.3,77136,9.4907,0
0.6,0.0,0,0,339,732038.7,77136,9.4902,0
0.6,0.0,0,0,338,732149.7,77136,9.4917,0
0.6,0.0,0,0,337,732105.6,77136,9.4911,0
0.6,0.0,0,0,368,732533.6,77133,9.497,0
0.6,0.0,0,0,367,732511.7,77133,9.4967,0
0.6,0.0,0,0,334,731960.2,77074,9.4968,0
0.6,0.0,0,0,365,732451.0,77195,9.4883,0
0.6,0.0,0,0,364,732451.1,77195,9.4883,0
0.6,0.0,0,0,363,732353.6,77195,9.4871,0
0.6,0.0,0,0,330,731952.7,77137,9.489,0
0.6,0.0,0,0,329,731587.2,77074,9.492,0
0.6,0.0,0,0,328,731940.6,77137,9.4888,0
0.6,0.0,0,0,327,731977.4,77137,9.4893,0
0.6,0.0,0,0,326,731756.2,77074,9.4942,0
0.6,0.0,0,0,325,731835.1,77074,9.4952,0
0.6,0.0,0,0,324,731798.8,77074,9.4948,0
0.6,0.0,0,0,323,731723.0,77074,9.4938,0
0.6,0.0,0,0,322,731694.8,77074,9.4934,0
0.6,0.0,0,0,321,731668.9,77074,9.4931,0
0.6,0.0,0,0,352,732427.6,77074,9.5029,0
0.6,0.0,0,0,351,732362.5,77074,9.5021,0
0.6,0.0,0,0,318,731558.1,77074,9.4916,0
0.6,0.0,0,0,349,732331.2,77074,9.5017,0
0.6,0.0,0,0,348,732369.1,77074,9.5022,0
0.6,0.0,0,0,347,732350.1,77074,9.5019,0
0.6,0.0,0,0,314,731461.7,77074,9.4904,0
0.6,0.0,0,0,313,731329.9,77074,9.4887,0
0.6,0.0,0,0,312,731066.7,77074,9.4853,0
0.6,0.0,0,0,311,730927.5,77074,9.4835,0
0.6,0.0,0,0,310,730943.9,77074,9.4837,0
0.6,0.0,0,0,309,730943.4,77074,9.4837,0
0.6,0.0,0,0,308,731020.9,77074,9.4847,0
0.6,0.0,0,0,307,731113.5,77074,9.4859,0
0.6,0.0,0,0,306,731102.9,77074,9.4857,0
0.6,0.0,0,0,305,731009.2,77039,9.4888,0
0.6,0.0,0,0,336,732115.0,77136,9.4912,0
0.6,0.0,0,0,335,732157.2,77074,9.4994,0
0.6,0.0,0,0,302,730916.5,77039,9.4876,0
0.6,0.0,0,0,333,731915.5,77074,9.4963,0
0.6,0.0,0,0,332,731930.3,77074,9.4965,0
0.6,0.0,0,0,331,731799.5,77074,9.4948,0
0.6,0.0,0,0,298,730736.3,77074,9.481,0
0.6,0.0,0,0,297,730777.7,77074,9.4815,0
0.6,0.0,0,0,296,730924.2,77074,9.4834,0
0.6,0.0,0,0,295,730748.8,77074,9.4811,0
0.6,0.0,0,0,294,730588.4,77074,9.4791,0
0.6,0.0,0,0,293,731115.3,77074,9.4859,0
0.6,0.0,0,0,292,730977.4,77074,9.4841,0
0.6,0.0,0,0,291,730318.9,77074,9.4756,0
0.6,0.0,0,0,290,730667.1,77074,9.4801,0
0.6,0.0,0,0,289,730131.8,77074,9.4731,0
0.6,0.0,0,0,320,731728.3,77074,9.4938,0
0.6,0.0,0,0,319,731605.6,77074,9.4922,0
0.6,0.0,0,0,286,728895.1,76969,9.47,0
0.6,0.0,0,0,317,731663.9,77074,9.493,0
0.6,0.0,0,0,316,731533.2,77074,9.4913,0
0.6,0.0,0,0,315,731632.8,77074,9.4926,0
0.6,0.0,0,0,282,727801.8,76969,9.4558,0
0.6,0.0,0,0,281,727636.3,76934,9.4579,0
0.6,0.0,0,0,280,726806.6,76934,9.4471,0
0.6,0.0,0,0,279,726726.4,76934,9.4461,0
0.6,0.0,0,0,278,726657.8,76934,9.4452,0
0.6,0.0,0,0,277,726417.4,76934,9.4421,0
0.6,0.0,0,0,276,726242.6,76969,9.4355,0
0.6,0.0,0,0,275,726076.9,76969,9.4334,0
0.6,0.0,0,0,274,725666.9,76969,9.428,0
0.6,0.0,0,0,273,725214.2,76910,9.4294,0
0.6,0.0,0,0,304,730970.9,77039,9.4883,0
0.6,0.0,0,0,303,731039.6,77074,9.4849,0
0.6,0.0,0,0,270,725401.6,76969,9.4246,0
0.6,0.0,0,0,301,730584.4,77039,9.4833,0
0.6,0.0,0,0,300,730575.8,77074,9.4789,0
0.6,0.0,0,0,299,730667.6,77074,9.4801,0
0.6,0.0,0,0,266,724439.4,76910,9.4193,0
0.6,0.0,0,0,265,724154.5,76910,9.4156,0
0.6,0.0,0,0,264,724871.0,77032,9.41,0
0.6,0.0,0,0,263,724278.3,76910,9.4172,0
0.6,0.0,0,0,262,724411.0,77043,9.4027,0
0.6,0.0,0,0,261,724197.6,77043,9.3999,0
0.6,0.0,0,0,260,724332.0,77043,9.4017,0
0.6,0.0,0,0,259,724366.2,77043,9.4021,0
0.6,0.0,0,0,258,724017.9,77043,9.3976,0
0.6,0.0,0,0,257,723685.0,77043,9.3933,0
0.6,0.0,0,0,288,729148.7,76969,9.4733,0
0.6,0.0,0,0,287,730049.2,77074,9.4721,0
0.6,0.0,0,0,254,722578.4,76973,9.3874,0
0.6,0.0,0,0,285,728349.7,76934,9.4672,0
0.6,0.0,0,0,284,728427.6,76969,9.4639,0
0.6,0.0,0,0,283,728178.5,76969,9.4607,0
0.6,0.0,0,0,250,722620.0,76910,9.3957,0
0.6,0.0,0,0,249,722578.6,76973,9.3874,0
0.6,0.0,0,0,248,722801.6,76973,9.3903,0
0.6,0.0,0,0,247,722517.2,76910,9.3943,0
0.6,0.0,0,0,246,722521.3,76973,9.3867,0
0.6,0.0,0,0,245,722133.6,76910,9.3893,0
0.6,0.0,0,0,244,722031.7,76910,9.388,0
0.6,0.0,0,0,243,721627.0,76875,9.387,0
0.6,0.0,0,0,242,721692.4,77067,9.3645,0
0.6,0.0,0,0,241,721100.0,76969,9.3687,0
0.6,0.0,0,0,272,725363.6,76910,9.4313,0
0.6,0.0,0,0,271,725157.7,76910,9.4287,0
0.6,0.0,0,0,238,720140.0,76910,9.3634,0
0.6,0.0,0,0,269,724941.6,76910,9.4258,0
0.6,0.0,0,0,268,724742.2,76910,9.4233,0
0.6,0.0,0,0,267,724997.0,76969,9.4193,0
0.6,0.0,0,0,234,719630.5,76945,9.3525,0
0.6,0.0,0,0,233,719396.4,77038,9.3382,0
0.6,0.0,0,0,232,719678.5,77027,9.3432,0
0.6,0.0,0,0,231,719406.4,76934,9.351,0
0.6,0.0,0,0,230,719247.3,76934,9.3489,0
0.6,0.0,0,0,229,719134.7,76934,9.3474,0
0.6,0.0,0,0,228,718744.5,76972,9.3377,0
0.6,0.0,0,0,227,718060.4,76962,9.3301,0
0.6,0.0,0,0,226,718362.0,77007,9.3285,0
0.6,0.0,0,0,225,717946.7,76934,9.332,0
0.6,0.0,0,0,256,723006.2,76980,9.3921,0
0.6,0.0,0,0,255,722441.6,76980,9.3848,0
0.6,0.0,0,0,222,718304.5,77008,9.3277,0
0.6,0.0,0,0,253,722581.8,76910,9.3952,0
0.6,0.0,0,0,252,722509.3,76910,9.3942,0
0.6,0.0,0,0,251,722314.9,76910,9.3917,0
0.6,0.0,0,0,218,717218.6,77112,9.301,0
0.6,0.0,0,0,217,716979.5,77231,9.2836,0
0.6,0.0,0,0,216,716806.9,77196,9.2855,0
0.6,0.0,0,0,215,716897.7,77196,9.2867,0
0.6,0.0,0,0,214,716044.6,77102,9.287,0
0.6,0.0,0,0,213,715356.3,77106,9.2776,0
0.6,0.0,0,0,212,715388.7,77070,9.2823,0
0.6,0.0,0,0,211,715343.6,77092,9.2791,0
0.6,0.0,0,0,210,715227.5,77068,9.2805,0
0.6,0.0,0,0,209,714000.3,77016,9.2708,0
0.6,0.0,0,0,240,720763.6,76969,9.3643,0
0.6,0.0,0,0,239,720182.8,76910,9.364,0
0.6,0.0,0,0,206,712308.6,76971,9.2542,0
0.6,0.0,0,0,237,720335.9,76945,9.3617,0
0.6,0.0,0,0,236,719905.9,76945,9.3561,0
0.6,0.0,0,0,235,720477.3,77063,9.3492,0
0.6,0.0,0,0,202,711741.8,76989,9.2447,0
0.6,0.0,0,0,201,711482.5,76913,9.2505,0
0.6,0.0,0,0,200,711307.2,76917,9.2477,0
0.6,0.0,0,0,199,710747.8,76908,9.2415,0
0.6,0.0,0,0,198,710547.8,77012,9.2265,0
0.6,0.0,0,0,197,710380.8,76940,9.2329,0
0.6,0.0,0,0,196,710016.7,76909,9.2319,0
0.6,0.0,0,0,195,709992.8,76980,9.2231,0
0.6,0.0,0,0,194,709192.7,77012,9.2089,0
0.6,0.0,0,0,193,708676.0,76933,9.2116,0
0.6,0.0,0,0,224,718168.4,77008,9.3259,0
0.6,0.0,0,0,223,718194.2,77040,9.3224,0
0.6,0.0,0,0,190,707896.5,77082,9.1837,0
0.6,0.0,0,0,221,718132.0,77008,9.3254,0
0.6,0.0,0,0,220,717934.2,77013,9.3222,0
0.6,0.0,0,0,219,717397.3,77042,9.3118,0
0.6,0.0,0,0,186,704575.8,76998,9.1506,0
0.6,0.0,0,0,185,704334.2,76760,9.1758,0
0.6,0.0,0,0,184,703837.5,76696,9.177,0
0.6,0.0,0,0,183,703294.8,76897,9.1459,0
0.6,0.0,0,0,182,703072.6,76860,9.1474,0
0.6,0.0,0,0,181,701876.4,76924,9.1243,0
0.6,0.0,0,0,180,701041.9,76831,9.1245,0
0.6,0.0,0,0,179,700973.1,76829,9.1238,0
0.6,0.0,0,0,178,701374.9,76790,9.1337,0
0.6,0.0,0,0,177,701100.9,76997,9.1056,0
0.6,0.0,0,0,208,713458.3,76977,9.2685,0
0.6,0.0,0,0,207,712504.3,76963,9.2578,0
0.6,0.0,0,0,174,699839.2,76889,9.1019,0
0.6,0.0,0,0,205,711774.5,76862,9.2604,0
0.6,0.0,0,0,204,711678.2,76999,9.2427,0
0.6,0.0,0,0,203,711888.7,76982,9.2475,0
0.6,0.0,0,0,170,697606.8,76731,9.0916,0
0.6,0.0,0,0,169,696761.0,76659,9.0891,0
0.6,0.0,0,0,168,695955.6,76565,9.0897,0
0.6,0.0,0,0,167,696442.4,76687,9.0816,0
0.6,0.0,0,0,166,695360.4,76588,9.0792,0
0.6,0.0,0,0,165,695496.2,76497,9.0918,0
0.6,0.0,0,0,164,695087.7,76528,9.0828,0
0.6,0.0,0,0,163,694473.0,76447,9.0844,0
0.6,0.0,0,0,162,693997.7,76548,9.0662,0
0.6,0.0,0,0,161,693441.9,76524,9.0618,0
0.6,0.0,0,0,192,708464.1,76906,9.2121,0
0.6,0.0,0,0,191,708158.0,77015,9.1951,0
0.6,0.0,0,0,158,691625.2,76657,9.0223,0
0.6,0.0,0,0,189,706565.9,76908,9.1872,0
0.6,0.0,0,0,188,705887.6,77073,9.1587,0
0.6,0.0,0,0,187,705357.5,76906,9.1717,0
0.6,0.0,0,0,154,689526.1,76850,8.9724,0
0.6,0.0,0,0,153,689247.3,76865,8.967,0
0.6,0.0,0,0,152,688969.1,76791,8.972,0
0.6,0.0,0,0,151,688548.0,76635,8.9848,0
0.6,0.0,0,0,150,687609.3,76764,8.9574,0
0.6,0.0,0,0,149,687578.8,76692,8.9655,0
0.6,0.0,0,0,148,686819.2,76744,8.9495,0
0.6,0.0,0,0,147,686114.1,76730,8.9419,0
0.6,0.0,0,0,146,685221.0,76760,8.9268,0
0.6,0.0,0,0,145,684131.0,76797,8.9083,0
0.6,0.0,0,0,176,700920.3,76781,9.1288,0
0.6,0.0,0,0,175,700131.1,76858,9.1094,0
0.6,0.0,0,0,142,682338.8,76728,8.893,0
0.6,0.0,0,0,173,699502.8,76734,9.1159,0
0.6,0.0,0,0,172,698971.2,76741,9.1082,0
0.6,0.0,0,0,171,698259.1,76753,9.0975,0
0.6,0.0,0,0,138,679116.2,76525,8.8744,0
0.6,0.0,0,0,137,678113.7,76458,8.8691,0
0.6,0.0,0,0,136,677450.2,76479,8.858,0
0.6,0.0,0,0,135,676745.9,76449,8.8523,0
0.6,0.0,0,0,134,675025.4,76292,8.8479,0
0.6,0.0,0,0,133,674182.0,76319,8.8337,0
0.6,0.0,0,0,132,673327.0,76169,8.8399,0
0.6,0.0,0,0,131,672372.9,76052,8.841,0
0.6,0.0,0,0,130,672335.8,76105,8.8343,0
0.6,0.0,0,0,129,670756.5,75964,8.8299,0
0.6,0.0,0,0,160,692842.7,76704,9.0327,0
0.6,0.0,0,0,159,692349.3,76696,9.0272,0
0.6,0.0,0,0,126,668025.4,76024,8.787,0
0.6,0.0,0,0,157,690814.6,76845,8.9897,0
0.6,0.0,0,0,156,689575.6,76773,8.982,0
0.6,0.0,0,0,155,690073.6,76806,8.9846,0
0.6,0.0,0,0,122,662612.0,75990,8.7197,0
0.6,0.0,0,0,121,660903.3,75870,8.711,0
0.6,0.0,0,0,120,659361.7,76017,8.6739,0
0.6,0.0,0,0,119,658939.6,75818,8.6911,0
0.6,0.0,0,0,118,658540.7,75936,8.6723,0
0.6,0.0,0,0,117,657603.0,75821,8.6731,0
0.6,0.0,0,0,116,655275.0,75449,8.685,0
0.6,0.0,0,0,115,654462.1,75355,8.6851,0
0.6,0.0,0,0,114,653402.2,75470,8.6578,0
0.6,0.0,0,0,113,650315.2,75465,8.6174,0
0.6,0.0,0,0,144,682975.3,76713,8.903,0
0.6,0.0,0,0,143,682468.7,76778,8.8889,0
0.6,0.0,0,0,141,680927.9,76596,8.8899,0
0.6,0.0,0,0,140,680028.6,76591,8.8787,0
0.6,0.0,0,0,139,679572.6,76497,8.8837,0
0.6,0.0,0,1,486,649086.7,73942,8.7783,0
0.6,0.0,0,1,547,649282.1,73915,8.7842,0
0.6,0.0,0,1,546,649284.4,73915,8.7842,0
0.6,0.0,0,1,545,649286.5,73915,8.7842,0
0.6,0.0,0,1,541,649276.5,73987,8.7755,0
0.6,0.0,0,0,128,670016.4,76152,8.7984,0
0.6,0.0,0,0,127,669475.9,75968,8.8126,0
0.6,0.0,0,0,125,665844.0,76125,8.7467,0
0.6,0.0,0,0,124,664408.6,75966,8.7461,0
0.6,0.0,0,0,123,663259.9,76019,8.7249,0
0.6,0.0,0,1,564,649380.4,73915,8.7855,0
0.6,0.0,0,1,563,649393.2,73915,8.7857,0
0.6,0.0,0,1,562,649391.6,73915,8.7857,0
0.6,0.0,0,1,561,649347.9,73915,8.7851,0
0.6,0.0,0,1,560,649396.7,73915,8.7857,0
0.6,0.0,0,1,559,649396.4,73915,8.7857,0
0.6,0.0,0,1,558,649389.3,73915,8.7856,0
0.6,0.0,0,1,557,649368.7,73915,8.7853,0
0.6,0.0,0,1,524,649088.9,73942,8.7784,0
0.6,0.0,0,1,554,649312.4,73915,8.7846,0
0.6,0.0,0,1,576,649111.2,73870,8.7872,0
0.6,0.0,0,1,574,649093.0,73870,8.787,0
0.6,0.0,0,1,572,649084.5,73870,8.7868,0
0.6,0.0,0,1,571,649385.1,73915,8.7856,0
0.6,0.0,0,1,570,649397.2,73915,8.7857,0
0.6,0.0,0,1,538,649298.7,73987,8.7758,0
0.6,0.0,0,1,537,649296.5,73987,8.7758,0
0.6,0.0,0,1,565,649386.1,73915,8.7856,0
0.6,0.0,0,1,556,649358.2,73915,8.7852,0
0.6,0.0,0,1,555,649329.9,73915,8.7848,0
0.6,0.0,0,1,553,649304.2,73915,8.7845,0
0.6,0.0,0,1,569,649361.4,73915,8.7852,0
0.6,0.0,0,1,568,649354.9,73915,8.7852,0
0.6,0.0,0,1,567,649376.5,73915,8.7854,0
0.6,0.0,0,1,566,649378.7,73915,8.7855,0
0.6,0.1,0,1,549,610142.0,84917,7.1852,0
0.6,0.1,0,1,550,610142.6,84917,7.1852,0
0.6,0.1,0,1,552,610143.8,84917,7.1852,0
0.6,0.1,0,1,553,610151.9,84917,7.1853,0
0.6,0.1,0,1,554,610154.4,84917,7.1853,0
0.6,0.1,0,1,555,610172.2,84917,7.1855,0
0.6,0.1,0,1,556,610187.1,84917,7.1857,0
0.6,0.1,0,1,561,610191.8,84917,7.1857,0
0.6,0.1,0,1,575,610198.3,84917,7.1858,0
0.6,0.1,0,1,568,610199.2,84917,7.1858,0
0.6,0.1,0,1,569,610203.0,84917,7.1859,0
0.6,0.1,0,1,557,610207.1,84917,7.1859,0
0.6,0.1,0,1,573,610207.6,84917,7.1859,0
0.6,0.1,0,1,572,610215.3,84917,7.186,0
0.6,0.1,0,1,574,610216.8,84917,7.186,0
0.6,0.1,0,1,567,610222.8,84917,7.1861,0
0.6,0.1,0,1,558,610223.0,84917,7.1861,0
0.6,0.1,0,1,560,610223.2,84917,7.1861,0
0.6,0.1,0,1,566,610227.2,84917,7.1862,0
0.6,0.1,0,1,571,610230.0,84917,7.1862,0
0.6,0.1,0,1,570,610230.3,84917,7.1862,0
0.6,0.1,0,1,564,610233.6,84917,7.1862,0
0.6,0.1,0,1,565,610233.7,84917,7.1862,0
0.6,0.1,0,1,562,610234.8,84917,7.1863,0
0.6,0.1,0,1,559,610236.3,84917,7.1863,0
0.6,0.1,0,1,576,610244.9,84917,7.1864,0
0.6,0.1,0,1,563,610245.2,84917,7.1864,0
0.6,0.1,0,0,104,611158.4,86611,7.0564,0
0.6,0.1,0,0,105,612543.6,86731,7.0626,0
0.6,0.1,0,0,106,614055.6,86947,7.0624,0
0.6,0.1,0,0,107,615515.7,86978,7.0767,0
0.6,0.1,0,0,108,615786.4,86836,7.0914,0
0.6,0.1,0,0,109,616479.5,86845,7.0986,0
0.6,0.1,0,0,110,617675.7,86975,7.1018,0
0.6,0.1,0,0,111,618217.6,87060,7.1011,0
0.6,0.1,0,0,112,618678.6,86893,7.12,0
0.6,0.1,0,0,113,620044.2,87011,7.126,0
0.6,0.1,0,0,114,621965.3,86908,7.1566,0
0.6,0.1,0,0,115,622874.4,86959,7.1629,0
0.6,0.1,0,0,116,623542.6,87198,7.1509,0
0.6,0.1,0,0,117,624483.5,87021,7.1762,0
0.6,0.1,0,0,118,625136.2,87222,7.1672,0
0.6,0.1,0,0,120,625919.6,87318,7.1683,0
0.6,0.1,0,0,119,626076.4,87527,7.153,0
0.6,0.1,0,0,121,627905.5,87409,7.1835,0
0.6,0.1,0,0,122,628366.7,87168,7.2087,0
0.6,0.1,0,0,123,629385.8,87155,7.2215,0
0.6,0.1,0,0,124,630893.2,87304,7.2264,0
0.6,0.1,0,0,125,632917.3,87245,7.2545,0
0.6,0.1,0,0,126,633184.2,87469,7.239,0
0.6,0.1,0,0,127,634943.6,87857,7.227,0
0.6,0.1,0,0,128,634995.5,87782,7.2338,0
0.6,0.1,0,0,129,635568.1,87886,7.2317,0
0.6,0.1,0,0,130,636538.9,87826,7.2477,0
0.6,0.1,0,0,131,637364.6,87966,7.2456,0
0.6,0.1,0,0,132,638725.0,88113,7.2489,0
0.6,0.1,0,0,133,639118.9,88030,7.2602,0
0.6,0.1,0,0,134,639953.6,88180,7.2574,0
0.6,0.1,0,0,135,640193.2,88140,7.2634,0
0.6,0.1,0,0,136,640526.7,88022,7.2769,0
0.6,0.1,0,0,137,641006.2,88010,7.2833,0
0.6,0.1,0,0,139,641816.1,88157,7.2804,0
0.6,0.1,0,0,138,642292.5,88202,7.2821,0
0.6,0.1,0,0,140,642398.2,88190,7.2843,0
0.6,0.1,0,0,141,643789.6,88297,7.2912,0
0.6,0.1,0,0,142,644314.4,88275,7.2989,0
0.6,0.1,0,0,144,644848.7,88278,7.3047,0
0.6,0.1,0,0,143,645393.4,88510,7.2918,0
0.6,0.1,0,0,145,646284.0,88639,7.2912,0
0.6,0.1,0,0,146,647228.6,88612,7.3041,0
0.6,0.1,0,0,147,647386.6,88608,7.3062,0
0.6,0.1,0,0,148,648006.8,88346,7.3349,0
0.6,0.1,0,0,149,649057.9,88465,7.3369,0
0.6,0.1,0,0,150,649117.8,88407,7.3424,0
0.6,0.1,0,0,151,649763.1,88341,7.3552,0
0.6,0.1,0,0,152,650305.0,88187,7.3742,0
0.6,0.1,0,0,153,650999.5,88333,7.3698,0
0.6,0.1,0,0,181,663427.0,88412,7.5038,0
0.6,0.1,0,0,180,662664.4,88323,7.5027,0
0.6,0.1,0,0,179,662807.1,88469,7.492,0
0.6,0.1,0,0,210,674370.7,88409,7.6279,0
0.6,0.1,0,0,209,673403.9,88450,7.6134,0
0.6,0.1,0,0,208,673210.1,88502,7.6067,0
0.6,0.1,0,0,207,672538.6,88446,7.6039,0
0.6,0.1,0,0,206,672297.0,88394,7.6057,0
0.6,0.1,0,0,173,660352.6,88266,7.4814,0
0.6,0.1,0,0,172,659879.8,88134,7.4872,0
0.6,0.1,0,0,171,659429.5,88075,7.4871,0
0.6,0.1,0,0,169,658244.3,88185,7.4644,0
0.6,0.1,0,0,168,657413.9,88060,7.4655,0
0.6,0.1,0,0,167,657291.2,88059,7.4642,0
0.6,0.1,0,0,166,657009.7,88013,7.4649,0
0.6,0.1,0,0,197,670812.7,88453,7.5838,0
0.6,0.1,0,0,196,670411.7,88326,7.5902,0
0.6,0.1,0,0,195,670316.4,88382,7.5843,0
0.6,0.1,0,0,226,676714.1,88583,7.6393,0
0.6,0.1,0,0,225,676518.0,88658,7.6306,0
0.6,0.1,0,0,224,676569.8,88499,7.6449,0
0.6,0.1,0,0,223,676621.2,88574,7.639,0
0.6,0.1,0,0,222,676748.9,88574,7.6405,0
0.6,0.1,0,0,189,666774.9,88338,7.548,0
0.6,0.1,0,0,188,666077.2,88338,7.5401,0
0.6,0.1,0,0,187,666342.4,88428,7.5354,0
0.6,0.1,0,0,154,651413.2,88271,7.3797,0
0.6,0.1,0,0,185,665033.4,88357,7.5267,0
0.6,0.1,0,0,184,665088.5,88590,7.5075,0
0.6,0.1,0,0,183,664245.2,88500,7.5056,0
0.6,0.1,0,0,182,664717.5,88454,7.5148,0
0.6,0.1,0,0,213,674400.2,88526,7.6181,0
0.6,0.1,0,0,212,674261.4,88409,7.6266,0
0.6,0.1,0,0,211,674358.4,88450,7.6242,0
0.6,0.1,0,0,242,680062.2,88632,7.6729,0
0.6,0.1,0,0,241,679746.1,88632,7.6693,0
0.6,0.1,0,0,240,679575.6,88632,7.6674,0
0.6,0.1,0,0,239,679426.4,88691,7.6606,0
0.6,0.1,0,0,238,679237.0,88632,7.6636,0
0.6,0.1,0,0,205,672025.8,88446,7.5981,0
0.6,0.1,0,0,204,671810.9,88336,7.6052,0
0.6,0.1,0,0,203,671857.7,88436,7.5971,0
0.6,0.1,0,0,170,658935.1,88185,7.4722,0
0.6,0.1,0,0,201,671458.5,88497,7.5874,0
0.6,0.1,0,0,200,671260.8,88395,7.5939,0
0.6,0.1,0,0,199,670924.4,88401,7.5896,0
0.6,0.1,0,0,198,670623.7,88317,7.5934,0
0.6,0.1,0,0,229,677493.6,88626,7.6444,0
0.6,0.1,0,0,228,677265.1,88681,7.6371,0
0.6,0.1,0,0,227,676739.2,88625,7.636,0
0.6,0.1,0,0,258,681912.4,88416,7.7125,0
0.6,0.1,0,0,257,681642.7,88416,7.7095,0
0.6,0.1,0,0,256,681567.0,88416,7.7086,0
0.6,0.1,0,0,255,681015.7,88416,7.7024,0
0.6,0.1,0,0,254,680824.8,88416,7.7002,0
0.6,0.1,0,0,221,676587.2,88574,7.6387,0
0.6,0.1,0,0,220,676237.5,88574,7.6347,0
0.6,0.1,0,0,219,675907.8,88526,7.6351,0
0.6,0.1,0,0,186,665641.5,88428,7.5275,0
0.6,0.1,0,0,217,675249.7,88485,7.6312,0
0.6,0.1,0,0,216,675153.9,88526,7.6266,0
0.6,0.1,0,0,215,674965.5,88526,7.6245,0
0.6,0.1,0,0,214,674902.3,88485,7.6273,0
0.6,0.1,0,0,245,680389.3,88556,7.6832,0
0.6,0.1,0,0,244,680577.9,88632,7.6787,0
0.6,0.1,0,0,243,680519.1,88632,7.678,0
0.6,0.1,0,0,274,683517.8,88472,7.7258,0
0.6,0.1,0,0,273,683522.3,88472,7.7259,0
0.6,0.1,0,0,272,683488.2,88472,7.7255,0
0.6,0.1,0,0,271,683257.4,88472,7.7229,0
0.6,0.1,0,0,270,683183.8,88472,7.722,0
0.6,0.1,0,0,237,679145.1,88632,7.6625,0
0.6,0.1,0,0,236,679223.1,88691,7.6583,0
0.6,0.1,0,0,235,678867.2,88691,7.6543,0
0.6,0.1,0,0,202,671820.0,88436,7.5967,0
0.6,0.1,0,0,233,678265.7,88632,7.6526,0
0.6,0.1,0,0,232,677919.8,88632,7.6487,0
0.6,0.1,0,0,231,677709.8,88495,7.6582,0
0.6,0.1,0,0,230,677564.3,88495,7.6565,0
0.6,0.1,0,0,261,682054.7,88416,7.7142,0
0.6,0.1,0,0,260,682236.4,88480,7.7106,0
0.6,0.1,0,0,259,682186.4,88416,7.7156,0
0.6,0.1,0,0,290,686756.7,88391,7.7695,0
0.6,0.1,0,0,289,686398.4,88391,7.7655,0
0.6,0.1,0,0,288,686457.6,88391,7.7661,0
0.6,0.1,0,0,287,686187.9,88391,7.7631,0
0.6,0.1,0,0,286,686129.0,88391,7.7624,0
0.6,0.1,0,0,253,681121.9,88472,7.6987,0
0.6,0.1,0,0,252,681218.6,88524,7.6953,0
0.6,0.1,0,0,251,680894.1,88472,7.6962,0
0.6,0.1,0,0,218,675509.5,88526,7.6306,0
0.6,0.1,0,0,249,680655.0,88472,7.6935,0
0.6,0.1,0,0,248,680758.3,88472,7.6946,0
0.6,0.1,0,0,247,680607.4,88556,7.6856,0
0.6,0.1,0,0,246,680483.2,88556,7.6842,0
0.6,0.1,0,0,277,684304.3,88544,7.7284,0
0.6,0.1,0,0,276,684020.8,88472,7.7315,0
0.6,0.1,0,0,275,683787.2,88472,7.7289,0
0.6,0.1,0,0,306,686906.3,88473,7.764,0
0.6,0.1,0,0,305,686928.3,88473,7.7643,0
0.6,0.1,0,0,304,686927.2,88391,7.7715,0
0.6,0.1,0,0,303,686906.7,88473,7.764,0
0.6,0.1,0,0,302,686944.4,88391,7.7717,0
0.6,0.1,0,0,269,683106.9,88391,7.7282,0
0.6,0.1,0,0,268,682888.6,88391,7.7258,0
0.6,0.1,0,0,267,682893.0,88391,7.7258,0
0.6,0.1,0,0,234,678595.3,88632,7.6563,0
0.6,0.1,0,0,310,686689.6,88473,7.7616,0
0.6,0.1,0,0,301,686734.6,88473,7.7621,0
0.6,0.1,0,0,300,686656.0,88391,7.7684,0
0.6,0.1,0,0,299,686734.8,88473,7.7621,0
0.6,0.1,0,0,266,682545.5,88391,7.7219,0
0.6,0.1,0,0,265,682113.1,88391,7.717,0
0.6,0.1,0,0,264,682197.8,88536,7.7053,0
0.6,0.1,0,0,263,682334.4,88524,7.7079,0
0.6,0.1,0,0,262,682153.2,88472,7.7104,0
0.6,0.1,0,0,293,687149.4,88391,7.774,0
0.6,0.1,0,0,292,687166.9,88473,7.767,0
0.6,0.1,0,0,291,686476.7,88391,7.7664,0
0.6,0.1,0,0,285,685727.1,88391,7.7579,0
0.6,0.1,0,0,284,685757.7,88391,7.7582,0
0.6,0.1,0,0,283,685544.3,88391,7.7558,0
0.6,0.1,0,0,250,681178.4,88472,7.6994,0
0.6,0.1,0,0,298,686642.3,88473,7.761,0
0.6,0.1,0,0,297,686616.9,88473,7.7608,0
0.6,0.1,0,0,296,686798.4,88473,7.7628,0
0.6,0.1,0,0,295,686708.7,88391,7.769,0
0.6,0.1,0,0,294,686635.2,88391,7.7682,0
0.6,0.1,0,0,282,685437.2,88467,7.7479,0
0.6,0.1,0,0,281,685262.9,88391,7.7526,0
0.6,0.1,0,0,280,684638.9,88472,7.7385,0
0.6,0.1,0,0,279,684572.5,88472,7.7377,0
0.6,0.1,0,0,278,684457.8,88544,7.7301,0
0.6,0.1,0,0,309,686720.9,88473,7.7619,0
0.6,0.1,0,0,308,686753.2,88473,7.7623,0
0.6,0.1,0,0,307,686846.9,88473,7.7634,0
0.6,0.1,0,0,313,687128.6,88473,7.7665,0
0.6,0.1,0,0,312,686908.9,88473,7.7641,0
0.6,0.1,0,0,311,686836.2,88473,7.7632,0
0.6,0.1,0,0,165,657178.4,88120,7.4578,0
0.6,0.1,0,0,164,656537.2,88042,7.4571,0
0.6,0.1,0,0,163,656121.9,88123,7.4455,0
0.6,0.1,0,0,194,669461.9,88382,7.5746,0
0.6,0.1,0,0,193,669003.9,88407,7.5673,0
0.6,0.1,0,0,192,668559.2,88327,7.5691,0
0.6,0.1,0,0,191,668150.5,88429,7.5558,0
0.6,0.1,0,0,190,667667.2,88384,7.5542,0
0.6,0.1,0,0,157,652802.7,88302,7.3928,0
0.6,0.1,0,0,156,651813.5,88347,7.3779,0
0.6,0.1,0,0,155,652050.2,88351,7.3802,0
0.6,0.1,0,0,178,662379.9,88369,7.4956,0
0.6,0.1,0,0,177,662159.7,88468,7.4847,0
0.6,0.1,0,0,176,661436.3,88181,7.5009,0
0.6,0.1,0,0,175,661026.6,88181,7.4962,0
0.6,0.1,0,0,174,661382.2,88324,7.4881,0
0.6,0.1,0,0,162,655240.8,88015,7.4446,0
0.6,0.1,0,0,161,654892.9,88012,7.441,0
0.6,0.1,0,0,160,654099.5,88047,7.429,0
0.6,0.1,0,0,159,653625.8,88181,7.4123,0
0.6,0.1,0,0,158,653254.0,88181,7.4081,0
0.6,0.1,0,0,333,687828.1,88473,7.7744,0
0.6,0.1,0,0,332,687842.2,88473,7.7746,0
0.6,0.1,0,0,331,687709.6,88473,7.7731,0
0.6,0.1,0,0,325,687632.8,88473,7.7722,0
0.6,0.1,0,0,324,687571.1,88473,7.7715,0
0.6,0.1,0,0,323,687511.1,88473,7.7709,0
0.6,0.1,0,0,354,688313.4,88525,7.7754,0
0.6,0.1,0,0,353,688238.1,88597,7.7682,0
0.6,0.1,0,0,352,688231.5,88525,7.7744,0
0.6,0.1,0,0,351,688258.1,88525,7.7747,0
0.6,0.1,0,0,350,688271.0,88525,7.7749,0
0.6,0.1,0,0,317,687453.6,88525,7.7656,0
0.6,0.1,0,0,316,687386.2,88473,7.7694,0
0.6,0.1,0,0,315,687385.9,88473,7.7694,0
0.6,0.1,0,0,338,687978.7,88473,7.7761,0
0.6,0.1,0,0,337,687955.7,88473,7.7759,0
0.6,0.1,0,0,336,687996.3,88473,7.7763,0
0.6,0.1,0,0,335,687920.4,88473,7.7755,0
0.6,0.1,0,0,334,687856.0,88473,7.7748,0
0.6,0.1,0,0,349,688188.2,88525,7.7739,0
0.6,0.1,0,0,348,688241.8,88473,7.7791,0
0.6,0.1,0,0,347,688156.1,88525,7.7736,0
0.6,0.1,0,0,314,687204.3,88473,7.7674,0
0.6,0.1,0,0,341,688012.6,88473,7.7765,0
0.6,0.1,0,0,340,687948.4,88473,7.7758,0
0.6,0.1,0,0,339,687909.4,88473,7.7754,0
0.6,0.1,0,0,370,688473.3,88597,7.7708,0
0.6,0.1,0,0,369,688372.6,88597,7.7697,0
0.6,0.1,0,0,368,688268.7,88597,7.7685,0
0.6,0.1,0,0,367,688241.8,88597,7.7682,0
0.6,0.1,0,0,366,688216.6,88597,7.7679,0
0.6,0.1,0,0,322,687545.1,88473,7.7712,0
0.6,0.1,0,0,321,687486.4,88473,7.7706,0
0.6,0.1,0,0,320,687530.9,88473,7.7711,0
0.6,0.1,0,0,319,687466.5,88473,7.7704,0
0.6,0.1,0,0,318,687433.9,88473,7.77,0
0.6,0.1,0,0,365,688200.9,88597,7.7678,0
0.6,0.1,0,0,364,688237.5,88597,7.7682,0
0.6,0.1,0,0,363,688143.4,88597,7.7671,0
0.6,0.1,0,0,330,687535.0,88473,7.7711,0
0.6,0.1,0,0,329,687453.9,88473,7.7702,0
0.6,0.1,0,0,328,687490.4,88473,7.7706,0
0.6,0.1,0,0,327,687465.7,88473,7.7703,0
0.6,0.1,0,0,326,687512.3,88473,7.7709,0
0.6,0.1,0,0,357,688135.7,88597,7.767,0
0.6,0.1,0,0,356,688150.5,88597,7.7672,0
0.6,0.1,0,0,355,688408.4,88597,7.7701,0
0.6,0.1,0,0,386,688956.9,88597,7.7763,0
0.6,0.1,0,0,385,688942.5,88597,7.7761,0
0.6,0.1,0,0,384,688957.4,88597,7.7763,0
0.6,0.1,0,0,383,688901.2,88597,7.7757,0
0.6,0.1,0,0,382,688931.9,88597,7.776,0
0.6,0.1,0,0,381,688932.7,88597,7.776,0
0.6,0.1,0,0,380,688941.6,88597,7.7761,0
0.6,0.1,0,0,379,688813.7,88597,7.7747,0
0.6,0.1,0,0,346,688218.5,88473,7.7789,0
0.6,0.1,0,0,345,688052.7,88473,7.777,0
0.6,0.1,0,0,344,688078.1,88473,7.7773,0
0.6,0.1,0,0,343,688066.6,88473,7.7771,0
0.6,0.1,0,0,342,688048.0,88473,7.7769,0
0.6,0.1,0,0,373,688743.6,88597,7.7739,0
0.6,0.1,0,0,372,688602.6,88597,7.7723,0
0.6,0.1,0,0,371,688490.3,88597,7.771,0
0.6,0.1,0,0,402,688942.2,88597,7.7761,0
0.6,0.1,0,0,401,689033.8,88597,7.7772,0
0.6,0.1,0,0,400,689022.2,88597,7.777,0
0.6,0.1,0,0,399,689026.6,88597,7.7771,0
0.6,0.1,0,0,398,689032.1,88597,7.7771,0
0.6,0.1,0,0,397,688931.5,88597,7.776,0
0.6,0.1,0,0,396,688999.5,88597,7.7768,0
0.6,0.1,0,0,395,689005.1,88597,7.7768,0
0.6,0.1,0,0,362,688065.7,88597,7.7662,0
0.6,0.1,0,0,361,688072.8,88597,7.7663,0
0.6,0.1,0,0,360,688054.2,88597,7.7661,0
0.6,0.1,0,0,359,688071.7,88597,7.7663,0
0.6,0.1,0,0,358,688079.2,88597,7.7664,0
0.6,0.1,0,0,389,689039.5,88597,7.7772,0
0.6,0.1,0,0,388,689039.1,88597,7.7772,0
0.6,0.1,0,0,387,689038.1,88597,7.7772,0
0.6,0.1,0,0,418,689089.5,88597,7.7778,0
0.6,0.1,0,0,417,689049.5,88597,7.7773,0
0.6,0.1,0,0,416,689098.1,88597,7.7779,0
0.6,0.1,0,0,415,689053.1,88597,7.7774,0
0.6,0.1,0,0,414,689084.1,88597,7.7777,0
0.6,0.1,0,0,413,689079.4,88597,7.7777,0
0.6,0.1,0,0,412,689045.4,88597,7.7773,0
0.6,0.1,0,0,411,689008.2,88597,7.7769,0
0.6,0.1,0,0,378,688871.2,88597,7.7753,0
0.6,0.1,0,0,377,688799.0,88597,7.7745,0
0.6,0.1,0,0,376,688819.6,88597,7.7748,0
0.6,0.1,0,0,375,688823.9,88597,7.7748,0
0.6,0.1,0,0,374,688725.3,88597,7.7737,0
0.6,0.1,0,0,405,689115.0,88597,7.7781,0
0.6,0.1,0,0,404,689023.2,88597,7.777,0
0.6,0.1,0,0,403,688970.6,88597,7.7765,0
0.6,0.1,0,0,434,689068.5,88597,7.7776,0
0.6,0.1,0,0,433,689062.8,88597,7.7775,0
0.6,0.1,0,0,432,689128.2,88597,7.7782,0
0.6,0.1,0,0,431,689107.2,88597,7.778,0
0.6,0.1,0,0,430,689060.8,88597,7.7775,0
0.6,0.1,0,0,429,689051.1,88597,7.7774,0
0.6,0.1,0,0,428,689043.9,88597,7.7773,0
0.6,0.1,0,0,427,689089.5,88597,7.7778,0
0.6,0.1,0,0,394,689018.5,88597,7.777,0
0.6,0.1,0,0,393,688974.8,88597,7.7765,0
0.6,0.1,0,0,392,688934.9,88597,7.7761,0
0.6,0.1,0,0,391,689009.4,88597,7.7769,0
0.6,0.1,0,0,390,688956.4,88597,7.7763,0
0.6,0.1,0,0,421,689205.5,88597,7.7791,0
0.6,0.1,0,0,420,689137.5,88597,7.7783,0
0.6,0.1,0,0,419,689058.1,88597,7.7774,0
0.6,0.1,0,0,450,689081.7,88597,7.7777,0
0.6,0.1,0,0,449,689090.9,88597,7.7778,0
0.6,0.1,0,0,448,689080.7,88597,7.7777,0
0.6,0.1,0,0,447,689051.9,88597,7.7774,0
0.6,0.1,0,0,446,689077.5,88597,7.7777,0
0.6,0.1,0,0,445,689103.4,88597,7.778,0
0.6,0.1,0,0,444,689122.8,88597,7.7782,0
0.6,0.1,0,0,443,689097.5,88597,7.7779,0
0.6,0.1,0,0,410,689027.6,88597,7.7771,0
0.6,0.1,0,0,409,689089.7,88597,7.7778,0
0.6,0.1,0,0,408,689121.3,88597,7.7782,0
0.6,0.1,0,0,407,689100.3,88597,7.7779,0
0.6,0.1,0,0,406,689101.4,88597,7.7779,0
0.6,0.1,0,0,437,689116.0,88597,7.7781,0
0.6,0.1,0,0,436,689107.8,88597,7.778,0
0.6,0.1,0,0,435,689097.9,88597,7.7779,0
0.6,0.1,0,0,466,689322.2,88597,7.7804,0
0.6,0.1,0,0,465,689316.8,88597,7.7804,0
0.6,0.1,0,0,464,689280.6,88597,7.78,0
0.6,0.1,0,0,463,689235.0,88597,7.7794,0
0.6,0.1,0,0,462,689214.7,88597,7.7792,0
0.6,0.1,0,0,461,689176.1,88597,7.7788,0
0.6,0.1,0,0,460,689227.2,88597,7.7794,0
0.6,0.1,0,0,459,689247.4,88597,7.7796,0
0.6,0.1,0,0,426,689098.0,88597,7.7779,0
0.6,0.1,0,0,425,689151.8,88597,7.7785,0
0.6,0.1,0,0,424,689152.8,88597,7.7785,0
0.6,0.1,0,0,423,689192.3,88597,7.779,0
0.6,0.1,0,0,422,689184.4,88597,7.7789,0
0.6,0.1,0,0,453,689164.5,88597,7.7786,0
0.6,0.1,0,0,452,689123.8,88597,7.7782,0
0.6,0.1,0,0,451,689113.0,88597,7.7781,0
0.6,0.1,0,0,482,689510.2,88597,7.7825,0
0.6,0.1,0,0,481,689512.2,88597,7.7826,0
0.6,0.1,0,0,480,689519.8,88597,7.7827,0
0.6,0.1,0,0,479,689512.4,88597,7.7826,0
0.6,0.1,0,0,478,689508.1,88597,7.7825,0
0.6,0.1,0,0,477,689522.8,88597,7.7827,0
0.6,0.1,0,0,476,689468.9,88597,7.7821,0
0.6,0.1,0,0,475,689471.4,88597,7.7821,0
0.6,0.1,0,0,442,689082.7,88597,7.7777,0
0.6,0.1,0,0,441,689081.9,88597,7.7777,0
0.6,0.1,0,0,440,689086.1,88597,7.7778,0
0.6,0.1,0,0,439,689065.2,88597,7.7775,0
0.6,0.1,0,0,438,689063.8,88597,7.7775,0
0.6,0.1,0,0,469,689413.7,88597,7.7815,0
0.6,0.1,0,0,468,689396.9,88597,7.7813,0
0.6,0.1,0,0,467,689350.4,88597,7.7807,0
0.6,0.1,0,0,498,689479.4,88597,7.7822,0
0.6,0.1,0,0,497,689489.2,88597,7.7823,0
0.6,0.1,0,0,496,689459.1,88597,7.782,0
0.6,0.1,0,0,495,689485.0,88597,7.7823,0
0.6,0.1,0,0,494,689446.6,88597,7.7818,0
0.6,0.1,0,0,493,689459.5,88597,7.782,0
0.6,0.1,0,0,492,689456.3,88597,7.7819,0
0.6,0.1,0,0,491,689467.5,88597,7.7821,0
0.6,0.1,0,0,458,689194.6,88597,7.779,0
0.6,0.1,0,0,457,689184.7,88597,7.7789,0
0.6,0.1,0,0,456,689202.0,88597,7.7791,0
0.6,0.1,0,0,455,689181.3,88597,7.7788,0
0.6,0.1,0,0,454,689140.7,88597,7.7784,0
0.6,0.1,0,0,485,689552.7,88597,7.783,0
0.6,0.1,0,0,484,689535.0,88597,7.7828,0
0.6,0.1,0,0,483,689515.2,88597,7.7826,0
0.6,0.1,0,0,514,689544.5,88597,7.7829,0
0.6,0.1,0,0,513,689546.6,88597,7.783,0
0.6,0.1,0,0,512,689515.0,88597,7.7826,0
0.6,0.1,0,0,511,689463.9,88597,7.782,0
0.6,0.1,0,0,510,689471.7,88597,7.7821,0
0.6,0.1,0,0,509,689471.2,88597,7.7821,0
0.6,0.1,0,0,508,689463.6,88597,7.782,0
0.6,0.1,0,0,507,689429.4,88597,7.7816,0
0.6,0.1,0,0,474,689450.5,88597,7.7819,0
0.6,0.1,0,0,473,689437.9,88597,7.7817,0
0.6,0.1,0,0,472,689425.5,88597,7.7816,0
0.6,0.1,0,0,471,689443.1,88597,7.7818,0
0.6,0.1,0,0,470,689405.8,88597,7.7814,0
0.6,0.1,0,0,501,689514.0,88597,7.7826,0
0.6,0.1,0,0,500,689502.4,88597,7.7825,0
0.6,0.1,0,0,499,689474.7,88597,7.7821,0
0.6,0.1,0,0,530,689542.7,88597,7.7829,0
0.6,0.1,0,0,529,689563.4,88597,7.7831,0
0.6,0.1,0,0,528,689556.6,88597,7.7831,0
0.6,0.1,0,0,527,689540.1,88597,7.7829,0
0.6,0.1,0,0,526,689561.1,88597,7.7831,0
0.6,0.1,0,0,525,689565.0,88597,7.7832,0
0.6,0.1,0,0,524,689609.2,88597,7.7837,0
0.6,0.1,0,0,523,689575.2,88597,7.7833,0
0.6,0.1,0,0,490,689474.0,88597,7.7821,0
0.6,0.1,0,0,489,689458.3,88597,7.782,0
0.6,0.1,0,0,488,689508.8,88597,7.7825,0
0.6,0.1,0,0,487,689528.4,88597,7.7828,0
0.6,0.1,0,0,486,689562.0,88597,7.7831,0
0.6,0.1,0,0,517,689582.2,88597,7.7834,0
0.6,0.1,0,0,516,689555.0,88597,7.7831,0
0.6,0.1,0,0,515,689536.0,88597,7.7828,0
0.6,0.1,0,0,546,689591.4,88597,7.7835,0
0.6,0.1,0,0,545,689591.6,88597,7.7835,0
0.6,0.1,0,0,544,689604.9,88597,7.7836,0
0.6,0.1,0,0,543,689607.6,88597,7.7836,0
0.6,0.1,0,0,542,689608.5,88597,7.7837,0
0.6,0.1,0,0,541,689590.8,88597,7.7835,0
0.6,0.1,0,0,540,689575.0,88597,7.7833,0
0.6,0.1,0,0,539,689566.7,88597,7.7832,0
0.6,0.1,0,0,506,689429.1,88597,7.7816,0
0.6,0.1,0,0,505,689451.3,88597,7.7819,0
0.6,0.1,0,0,504,689483.2,88597,7.7822,0
0.6,0.1,0,0,503,689479.1,88597,7.7822,0
0.6,0.1,0,0,502,689496.8,88597,7.7824,0
0.6,0.1,0,0,533,689597.2,88597,7.7835,0
0.6,0.1,0,0,532,689560.1,88597,7.7831,0
0.6,0.1,0,0,531,689550.4,88597,7.783,0
0.6,0.1,0,0,568,689684.1,88597,7.7845,0
0.6,0.1,0,0,567,689707.7,88597,7.7848,0
0.6,0.1,0,0,560,689708.6,88597,7.7848,0
0.6,0.1,0,0,559,689721.7,88597,7.7849,0
0.6,0.1,0,0,558,689708.4,88597,7.7848,0
0.6,0.1,0,0,557,689692.5,88597,7.7846,0
0.6,0.1,0,0,556,689672.5,88597,7.7844,0
0.6,0.1,0,0,555,689657.6,88597,7.7842,0
0.6,0.1,0,0,522,689578.9,88597,7.7833,0
0.6,0.1,0,0,521,689578.7,88597,7.7833,0
0.6,0.1,0,0,520,689564.8,88597,7.7832,0
0.6,0.1,0,0,519,689565.9,88597,7.7832,0
0.6,0.1,0,0,518,689556.2,88597,7.7831,0
0.6,0.1,0,0,549,689638.4,88597,7.784,0
0.6,0.1,0,0,548,689614.1,88597,7.7837,0
0.6,0.1,0,0,547,689584.1,88597,7.7834,0
0.6,0.1,0,0,570,689715.2,88597,7.7849,0
0.6,0.1,0,0,569,689687.9,88597,7.7846,0
0.6,0.1,0,0,576,689730.8,88597,7.785,0
0.6,0.1,0,0,575,689684.2,88597,7.7845,0
0.6,0.1,0,0,574,689702.7,88597,7.7847,0
0.6,0.1,0,0,573,689693.5,88597,7.7846,0
0.6,0.1,0,0,572,689701.2,88597,7.7847,0
0.6,0.1,0,0,571,689714.9,88597,7.7849,0
0.6,0.1,0,0,538,689576.0,88597,7.7833,0
0.6,0.1,0,0,537,689571.9,88597,7.7832,0
0.6,0.1,0,0,536,689587.4,88597,7.7834,0
0.6,0.1,0,0,535,689582.1,88597,7.7834,0
0.6,0.1,0,0,534,689581.8,88597,7.7834,0
0.6,0.1,0,0,566,689712.1,88597,7.7848,0
0.6,0.1,0,0,565,689718.6,88597,7.7849,0
0.6,0.1,0,0,564,689718.5,88597,7.7849,0
0.6,0.1,0,0,563,689730.1,88597,7.785,0
0.6,0.1,0,0,562,689719.7,88597,7.7849,0
0.6,0.1,0,0,561,689677.2,88597,7.7844,0
0.6,0.1,0,0,554,689639.8,88597,7.784,0
0.6,0.1,0,0,553,689637.3,88597,7.784,0
0.6,0.1,0,0,552,689629.2,88597,7.7839,0
0.6,0.1,0,0,551,689621.1,88597,7.7838,0
0.6,0.1,0,0,550,689639.0,88597,7.784,0
0.6,0.2,1,0,553,650426.2,91671,7.0952,0
0.6,0.2,1,0,554,650442.3,91671,7.0954,0
0.6,0.2,1,0,560,650452.0,91671,7.0955,0
0.6,0.2,1,0,555,650453.7,91671,7.0955,0
0.6,0.2,1,0,567,650461.5,91671,7.0956,0
0.6,0.2,1,0,574,650463.2,91671,7.0956,0
0.6,0.2,1,0,568,650464.5,91671,7.0956,0
0.6,0.2,1,0,572,650472.6,91671,7.0957,0
0.6,0.2,1,0,556,650474.3,91671,7.0957,0
0.6,0.2,1,0,571,650479.6,91671,7.0958,0
0.6,0.2,1,0,573,650481.5,91671,7.0958,0
0.6,0.2,1,0,564,650496.4,91671,7.096,0
0.6,0.2,1,0,565,650490.5,91671,7.0959,0
0.6,0.2,1,0,566,650485.0,91671,7.0959,0
0.6,0.2,1,0,569,650494.4,91671,7.096,0
0.6,0.2,1,0,570,650494.0,91671,7.096,0
0.6,0.2,1,0,575,650509.9,91671,7.0961,0
0.6,0.2,1,0,576,650509.9,91671,7.0961,0
0.6,0.2,0,0,560,746449.1,95279,7.8344,0
0.6,0.2,0,0,529,746381.2,95371,7.8261,0
0.6,0.2,0,0,530,746286.9,95279,7.8326,0
0.6,0.2,0,0,531,746365.6,95371,7.8259,0
0.6,0.2,0,0,500,746261.4,95279,7.8324,0
0.6,0.2,0,0,501,746272.8,95279,7.8325,0
0.6,0.2,0,0,534,746386.2,95371,7.8261,0
0.6,0.2,0,0,535,746383.9,95371,7.8261,0
0.6,0.2,0,0,536,746388.6,95371,7.8262,0
0.6,0.2,0,0,537,746376.6,95371,7.826,0
0.6,0.2,0,0,538,746313.6,95279,7.8329,0
0.6,0.2,0,0,539,746308.8,95279,7.8329,0
0.6,0.2,0,0,572,746443.5,95279,7.8343,0
0.6,0.2,0,0,573,746436.5,95279,7.8342,0
0.6,0.2,0,0,574,746445.4,95279,7.8343,0
0.6,0.2,0,0,575,746427.1,95279,7.8341,0
0.6,0.2,0,0,544,746352.6,95279,7.8333,0
0.6,0.2,0,0,513,746369.4,95371,7.826,0
0.6,0.2,0,0,514,746367.0,95371,7.8259,0
0.6,0.2,0,0,515,746288.3,95279,7.8327,0
0.6,0.2,0,0,484,746277.6,95279,7.8326,0
0.6,0.2,0,0,485,746364.9,95371,7.8259,0
0.6,0.2,0,0,518,746384.7,95371,7.8261,0
0.6,0.2,0,0,519,746322.9,95279,7.833,0
0.6,0.2,0,0,520,746322.5,95279,7.833,0
0.6,0.2,0,0,521,746335.9,95279,7.8332,0
0.6,0.2,0,0,522,746326.8,95279,7.8331,0
0.6,0.2,0,0,523,746318.8,95279,7.833,0
0.6,0.2,0,0,556,746417.6,95279,7.834,0
0.6,0.2,0,0,557,746438.2,95279,7.8342,0
0.6,0.2,0,0,558,746452.4,95279,7.8344,0
0.6,0.2,0,0,559,746463.4,95279,7.8345,0
0.6,0.2,0,0,528,746301.3,95279,7.8328,0
0.6,0.2,0,0,497,746239.3,95279,7.8321,0
0.6,0.2,0,0,498,746233.1,95279,7.8321,0
0.6,0.2,0,0,499,746232.7,95279,7.8321,0
0.6,0.2,0,0,468,746119.4,95279,7.8309,0
0.6,0.2,0,0,469,746143.4,95279,7.8311,0
0.6,0.2,0,0,502,746254.6,95279,7.8323,0
0.6,0.2,0,0,503,746239.8,95279,7.8322,0
0.6,0.2,0,0,504,746235.2,95279,7.8321,0
0.6,0.2,0,0,505,746204.9,95279,7.8318,0
0.6,0.2,0,0,506,746186.6,95279,7.8316,0
0.6,0.2,0,0,507,746181.6,95279,7.8315,0
0.6,0.2,0,0,540,746321.3,95279,7.833,0
0.6,0.2,0,0,541,746337.1,95279,7.8332,0
0.6,0.2,0,0,542,746352.9,95279,7.8333,0
0.6,0.2,0,0,543,746351.0,95279,7.8333,0
0.6,0.2,0,0,512,746273.3,95279,7.8325,0
0.6,0.2,0,0,481,746254.3,95279,7.8323,0
0.6,0.2,0,0,482,746255.4,95279,7.8323,0
0.6,0.2,0,0,483,746257.2,95279,7.8323,0
0.6,0.2,0,0,452,745870.3,95279,7.8283,0
0.6,0.2,0,0,453,745907.5,95279,7.8287,0
0.6,0.2,0,0,486,746362.1,95371,7.8259,0
0.6,0.2,0,0,487,746335.7,95371,7.8256,0
0.6,0.2,0,0,488,746318.7,95371,7.8254,0
0.6,0.2,0,0,489,746270.7,95371,7.8249,0
0.6,0.2,0,0,490,746295.4,95371,7.8252,0
0.6,0.2,0,0,491,746292.7,95371,7.8252,0
0.6,0.2,0,0,524,746350.3,95279,7.8333,0
0.6,0.2,0,0,525,746374.9,95371,7.826,0
0.6,0.2,0,0,526,746369.1,95371,7.826,0
0.6,0.2,0,0,527,746284.7,95279,7.8326,0
0.6,0.2,0,0,496,746205.9,95279,7.8318,0
0.6,0.2,0,0,465,746040.1,95279,7.8301,0
0.6,0.2,0,0,466,746058.2,95279,7.8302,0
0.6,0.2,0,0,467,746080.1,95279,7.8305,0
0.6,0.2,0,0,436,745809.4,95279,7.8276,0
0.6,0.2,0,0,437,745810.3,95279,7.8276,0
0.6,0.2,0,0,470,746133.1,95279,7.831,0
0.6,0.2,0,0,471,746171.9,95279,7.8314,0
0.6,0.2,0,0,472,746160.9,95279,7.8313,0
0.6,0.2,0,0,473,746175.1,95279,7.8315,0
0.6,0.2,0,0,474,746184.8,95279,7.8316,0
0.6,0.2,0,0,475,746202.7,95279,7.8318,0
0.6,0.2,0,0,508,746220.9,95279,7.832,0
0.6,0.2,0,0,509,746230.8,95279,7.8321,0
0.6,0.2,0,0,510,746231.8,95279,7.8321,0
0.6,0.2,0,0,511,746290.0,95371,7.8251,0
0.6,0.2,0,0,480,746257.9,95279,7.8323,0
0.6,0.2,0,0,449,745802.4,95279,7.8276,0
0.6,0.2,0,0,450,745810.8,95279,7.8277,0
0.6,0.2,0,0,451,745841.5,95279,7.828,0
0.6,0.2,0,0,420,745849.8,95279,7.8281,0
0.6,0.2,0,0,421,745902.9,95279,7.8286,0
0.6,0.2,0,0,454,745878.3,95279,7.8284,0
0.6,0.2,0,0,455,745906.9,95279,7.8287,0
0.6,0.2,0,0,456,745934.8,95279,7.829,0
0.6,0.2,0,0,457,745940.6,95279,7.829,0
0.6,0.2,0,0,458,745946.3,95279,7.8291,0
0.6,0.2,0,0,459,745997.7,95279,7.8296,0
0.6,0.2,0,0,492,746283.1,95371,7.8251,0
0.6,0.2,0,0,493,746282.9,95371,7.8251,0
0.6,0.2,0,0,494,746205.3,95279,7.8318,0
0.6,0.2,0,0,495,746230.8,95279,7.8321,0
0.6,0.2,0,0,464,746040.8,95279,7.8301,0
0.6,0.2,0,0,433,745764.2,95279,7.8272,0
0.6,0.2,0,0,434,745761.6,95279,7.8271,0
0.6,0.2,0,0,435,745796.2,95279,7.8275,0
0.6,0.2,0,0,404,745776.8,95284,7.8269,0
0.6,0.2,0,0,405,745872.1,95284,7.8279,0
0.6,0.2,0,0,438,745767.6,95279,7.8272,0
0.6,0.2,0,0,439,745767.1,95279,7.8272,0
0.6,0.2,0,0,440,745797.7,95279,7.8275,0
0.6,0.2,0,0,441,745798.8,95279,7.8275,0
0.6,0.2,0,0,442,745799.9,95279,7.8275,0
0.6,0.2,0,0,443,745809.6,95279,7.8276,0
0.6,0.2,0,0,476,746209.0,95279,7.8318,0
0.6,0.2,0,0,477,746268.2,95279,7.8325,0
0.6,0.2,0,0,478,746257.2,95279,7.8323,0
0.6,0.2,0,0,479,746255.9,95279,7.8323,0
0.6,0.2,0,0,448,745800.8,95279,7.8275,0
0.6,0.2,0,0,417,745790.4,95284,7.827,0
0.6,0.2,0,0,418,745800.5,95279,7.8275,0
0.6,0.2,0,0,419,745775.2,95279,7.8273,0
0.6,0.2,0,0,388,745775.4,95284,7.8269,0
0.6,0.2,0,0,389,745801.8,95284,7.8271,0
0.6,0.2,0,0,422,745880.8,95279,7.8284,0
0.6,0.2,0,0,423,745888.4,95279,7.8285,0
0.6,0.2,0,0,424,745829.3,95279,7.8278,0
0.6,0.2,0,0,425,745824.4,95279,7.8278,0
0.6,0.2,0,0,426,745797.4,95279,7.8275,0
0.6,0.2,0,0,427,745776.7,95279,7.8273,0
0.6,0.2,0,0,460,745973.7,95279,7.8294,0
0.6,0.2,0,0,461,745926.1,95279,7.8289,0
0.6,0.2,0,0,462,745979.2,95279,7.8294,0
0.6,0.2,0,0,463,745998.8,95279,7.8296,0
0.6,0.2,0,0,432,745811.2,95279,7.8277,0
0.6,0.2,0,0,401,745780.8,95284,7.8269,0
0.6,0.2,0,0,402,745697.0,95284,7.826,0
0.6,0.2,0,0,403,745744.6,95284,7.8265,0
0.6,0.2,0,0,372,745276.0,95284,7.8216,0
0.6,0.2,0,0,373,745402.9,95284,7.823,0
0.6,0.2,0,0,406,745859.9,95284,7.8278,0
0.6,0.2,0,0,407,745863.2,95284,7.8278,0
0.6,0.2,0,0,408,745862.3,95284,7.8278,0
0.6,0.2,0,0,409,745820.8,95284,7.8273,0
0.6,0.2,0,0,410,745766.8,95284,7.8268,0
0.6,0.2,0,0,411,745742.2,95284,7.8265,0
0.6,0.2,0,0,444,745823.6,95279,7.8278,0
0.6,0.2,0,0,445,745791.0,95279,7.8274,0
0.6,0.2,0,0,446,745778.6,95279,7.8273,0
0.6,0.2,0,0,447,745756.4,95279,7.8271,0
0.6,0.2,0,0,416,745832.7,95284,7.8275,0
0.6,0.2,0,0,385,745664.3,95284,7.8257,0
0.6,0.2,0,0,386,745697.4,95284,7.8261,0
0.6,0.2,0,0,387,745786.2,95284,7.827,0
0.6,0.2,0,0,356,744726.6,95219,7.8212,0
0.6,0.2,0,0,357,744722.3,95219,7.8212,0
0.6,0.2,0,0,390,745693.3,95284,7.826,0
0.6,0.2,0,0,391,745739.2,95284,7.8265,0
0.6,0.2,0,0,392,745664.6,95284,7.8257,0
0.6,0.2,0,0,393,745722.1,95284,7.8263,0
0.6,0.2,0,0,394,745745.2,95284,7.8266,0
0.6,0.2,0,0,395,745756.1,95284,7.8267,0
0.6,0.2,0,0,428,745728.7,95279,7.8268,0
0.6,0.2,0,0,429,745720.6,95279,7.8267,0
0.6,0.2,0,0,430,745741.8,95279,7.8269,0
0.6,0.2,0,0,431,745784.9,95279,7.8274,0
0.6,0.2,0,0,400,745781.9,95284,7.8269,0
0.6,0.2,0,0,369,745056.0,95284,7.8193,0
0.6,0.2,0,0,370,745125.3,95284,7.82,0
0.6,0.2,0,0,371,745164.8,95284,7.8205,0
0.6,0.2,0,0,340,744219.4,95224,7.8155,0
0.6,0.2,0,0,341,744327.1,95224,7.8166,0
0.6,0.2,0,0,374,745384.1,95284,7.8228,0
0.6,0.2,0,0,375,745448.7,95284,7.8234,0
0.6,0.2,0,0,376,745458.9,95284,7.8235,0
0.6,0.2,0,0,377,745433.3,95284,7.8233,0
0.6,0.2,0,0,378,745532.4,95284,7.8243,0
0.6,0.2,0,0,379,745505.1,95284,7.824,0
0.6,0.2,0,0,412,745781.0,95284,7.8269,0
0.6,0.2,0,0,413,745806.1,95284,7.8272,0
0.6,0.2,0,0,414,745805.7,95284,7.8272,0
0.6,0.2,0,0,415,745799.0,95284,7.8271,0
0.6,0.2,0,0,384,745675.9,95284,7.8258,0
0.6,0.2,0,0,353,744629.4,95224,7.8198,0
0.6,0.2,0,0,354,744733.8,95224,7.8209,0
0.6,0.2,0,0,355,744802.2,95224,7.8216,0
0.6,0.2,0,0,324,743650.7,95165,7.8143,0
0.6,0.2,0,0,325,743734.5,95219,7.8108,0
0.6,0.2,0,0,358,744683.3,95219,7.8207,0
0.6,0.2,0,0,359,744705.7,95279,7.8161,0
0.6,0.2,0,0,360,744684.9,95279,7.8158,0
0.6,0.2,0,0,361,744703.1,95279,7.816,0
0.6,0.2,0,0,362,744703.4,95279,7.816,0
0.6,0.2,0,0,363,744758.9,95279,7.8166,0
0.6,0.2,0,0,396,745767.7,95284,7.8268,0
0.6,0.2,0,0,397,745683.9,95284,7.8259,0
0.6,0.2,0,0,398,745776.1,95284,7.8269,0
0.6,0.2,0,0,399,745766.1,95284,7.8268,0
0.6,0.2,0,0,368,745006.7,95284,7.8188,0
0.6,0.2,0,0,337,744254.7,95224,7.8158,0
0.6,0.2,0,0,338,744260.9,95224,7.8159,0
0.6,0.2,0,0,339,744147.3,95170,7.8191,0
0.6,0.2,0,0,308,742857.2,95165,7.806,0
0.6,0.2,0,0,309,742796.2,95165,7.8054,0
0.6,0.2,0,0,342,744338.2,95224,7.8167,0
0.6,0.2,0,0,343,744364.9,95224,7.817,0
0.6,0.2,0,0,344,744415.4,95224,7.8175,0
0.6,0.2,0,0,345,744394.9,95224,7.8173,0
0.6,0.2,0,0,346,744567.1,95224,7.8191,0
0.6,0.2,0,0,347,744481.8,95224,7.8182,0
0.6,0.2,0,0,380,745648.5,95284,7.8255,0
0.6,0.2,0,0,381,745673.6,95284,7.8258,0
0.6,0.2,0,0,382,745678.1,95284,7.8258,0
0.6,0.2,0,0,383,745621.3,95284,7.8253,0
0.6,0.2,0,0,352,744637.5,95224,7.8199,0
0.6,0.2,0,0,321,743659.1,95165,7.8144,0
0.6,0.2,0,0,322,743695.3,95165,7.8148,0
0.6,0.2,0,0,323,743612.7,95165,7.8139,0
0.6,0.2,0,0,292,742981.6,95165,7.8073,0
0.6,0.2,0,0,293,743026.7,95165,7.8078,0
0.6,0.2,0,0,326,743663.7,95170,7.8141,0
0.6,0.2,0,0,327,743592.0,95165,7.8137,0
0.6,0.2,0,0,328,743685.2,95170,7.8143,0
0.6,0.2,0,0,329,743661.0,95219,7.81,0
0.6,0.2,0,0,330,743733.5,95165,7.8152,0
0.6,0.2,0,0,331,743920.9,95170,7.8168,0
0.6,0.2,0,0,364,744851.9,95279,7.8176,0
0.6,0.2,0,0,365,744830.5,95279,7.8174,0
0.6,0.2,0,0,366,744850.6,95279,7.8176,0
0.6,0.2,0,0,367,744953.0,95284,7.8182,0
0.6,0.2,0,0,336,744254.5,95224,7.8158,0
0.6,0.2,0,0,305,743028.8,95165,7.8078,0
0.6,0.2,0,0,306,743017.7,95165,7.8077,0
0.6,0.2,0,0,307,742976.7,95165,7.8072,0
0.6,0.2,0,0,276,740160.1,95269,7.7692,0
0.6,0.2,0,0,277,740446.6,95269,7.7722,0
0.6,0.2,0,0,310,742837.6,95165,7.8058,0
0.6,0.2,0,0,311,742970.9,95165,7.8072,0
0.6,0.2,0,0,312,743067.1,95165,7.8082,0
0.6,0.2,0,0,313,743314.7,95219,7.8064,0
0.6,0.2,0,0,314,743354.1,95165,7.8112,0
0.6,0.2,0,0,315,743536.1,95165,7.8131,0
0.6,0.2,0,0,348,744608.7,95224,7.8195,0
0.6,0.2,0,0,349,744550.5,95224,7.8189,0
0.6,0.2,0,0,350,744648.0,95224,7.82,0
0.6,0.2,0,0,351,744665.6,95224,7.8201,0
0.6,0.2,0,0,320,743718.0,95219,7.8106,0
0.6,0.2,0,0,289,742167.7,95165,7.7987,0
0.6,0.2,0,0,290,742574.9,95165,7.803,0
0.6,0.2,0,0,291,742350.2,95165,7.8007,0
0.6,0.2,0,0,260,738018.0,95269,7.7467,0
0.6,0.2,0,0,261,737837.0,95269,7.7448,0
0.6,0.2,0,0,294,742539.6,95165,7.8027,0
0.6,0.2,0,0,295,742659.4,95165,7.8039,0
0.6,0.2,0,0,296,742778.0,95165,7.8052,0
0.6,0.2,0,0,297,742622.6,95165,7.8035,0
0.6,0.2,0,0,298,742621.0,95165,7.8035,0
0.6,0.2,0,0,299,742736.4,95165,7.8047,0
0.6,0.2,0,0,332,744063.2,95224,7.8138,0
0.6,0.2,0,0,333,744107.6,95224,7.8143,0
0.6,0.2,0,0,334,744104.5,95224,7.8143,0
0.6,0.2,0,0,335,744222.2,95284,7.8106,0
0.6,0.2,0,0,304,742962.6,95165,7.8071,0
0.6,0.2,0,0,273,739660.5,95269,7.7639,0
0.6,0.2,0,0,274,739719.4,95269,7.7645,0
0.6,0.2,0,0,275,739972.7,95269,7.7672,0
0.6,0.2,0,0,244,735637.4,95269,7.7217,0
0.6,0.2,0,0,245,735828.1,95329,7.7188,0
0.6,0.2,0,0,278,740599.0,95269,7.7738,0
0.6,0.2,0,0,279,740715.0,95269,7.775,0
0.6,0.2,0,0,280,740829.6,95269,7.7762,0
0.6,0.2,0,0,281,741455.8,95269,7.7828,0
0.6,0.2,0,0,282,741372.6,95269,7.7819,0
0.6,0.2,0,0,283,741749.2,95269,7.7858,0
0.6,0.2,0,0,316,743545.9,95165,7.8132,0
0.6,0.2,0,0,317,743609.3,95165,7.8139,0
0.6,0.2,0,0,318,743547.8,95165,7.8132,0
0.6,0.2,0,0,319,743638.5,95165,7.8142,0
0.6,0.2,0,0,288,742257.1,95165,7.7997,0
0.6,0.2,0,0,257,737490.8,95269,7.7411,0
0.6,0.2,0,0,258,737756.7,95269,7.7439,0
0.6,0.2,0,0,259,737953.7,95269,7.746,0
0.6,0.2,0,0,228,731315.9,95242,7.6785,0
0.6,0.2,0,0,229,731560.2,95242,7.6811,0
0.6,0.2,0,0,262,737988.7,95269,7.7464,0
0.6,0.2,0,0,263,738057.9,95269,7.7471,0
0.6,0.2,0,0,264,737562.3,95165,7.7504,0
0.6,0.2,0,0,265,737514.1,95165,7.7498,0
0.6,0.2,0,0,266,737988.1,95165,7.7548,0
0.6,0.2,0,0,267,738927.7,95269,7.7562,0
0.6,0.2,0,0,300,742651.6,95165,7.8038,0
0.6,0.2,0,0,301,742757.5,95165,7.8049,0
0.6,0.2,0,0,302,742968.1,95165,7.8072,0
0.6,0.2,0,0,303,742934.3,95165,7.8068,0
0.6,0.2,0,0,272,739569.4,95269,7.763,0
0.6,0.2,0,0,241,734821.6,95269,7.7131,0
0.6,0.2,0,0,242,735127.1,95269,7.7163,0
0.6,0.2,0,0,243,735626.8,95269,7.7216,0
0.6,0.2,0,0,212,728078.9,95385,7.6331,0
0.6,0.2,0,0,213,727951.9,95435,7.6277,0
0.6,0.2,0,0,246,736014.5,95269,7.7256,0
0.6,0.2,0,0,247,736129.4,95269,7.7269,0
0.6,0.2,0,0,248,736228.7,95269,7.7279,0
0.6,0.2,0,0,249,736261.1,95269,7.7282,0
0.6,0.2,0,0,250,736883.6,95269,7.7348,0
0.6,0.2,0,0,251,736662.6,95269,7.7324,0
0.6,0.2,0,0,284,742017.0,95269,7.7887,0
0.6,0.2,0,0,285,742093.4,95269,7.7895,0
0.6,0.2,0,0,286,742498.8,95269,7.7937,0
0.6,0.2,0,0,287,742015.1,95165,7.7971,0
0.6,0.2,0,0,256,737441.6,95269,7.7406,0
0.6,0.2,0,0,225,730797.1,95321,7.6667,0
0.6,0.2,0,0,226,731024.9,95321,7.6691,0
0.6,0.2,0,0,227,731130.8,95321,7.6702,0
0.6,0.2,0,0,196,722406.0,95205,7.5879,0
0.6,0.2,0,0,197,722742.6,95297,7.5841,0
0.6,0.2,0,0,230,732060.3,95244,7.6862,0
0.6,0.2,0,0,231,732169.7,95304,7.6825,0
0.6,0.2,0,0,232,732037.5,95165,7.6923,0
0.6,0.2,0,0,233,732846.7,95244,7.6944,0
0.6,0.2,0,0,234,733333.7,95269,7.6975,0
0.6,0.2,0,0,235,733076.3,95165,7.7032,0
0.6,0.2,0,0,268,738932.4,95269,7.7563,0
0.6,0.2,0,0,269,739201.3,95269,7.7591,0
0.6,0.2,0,0,270,739339.3,95269,7.7605,0
0.6,0.2,0,0,271,739336.5,95269,7.7605,0
0.6,0.2,0,0,240,734614.4,95269,7.7109,0
0.6,0.2,0,0,209,726986.5,95432,7.6178,0
0.6,0.2,0,0,210,727855.3,95432,7.627,0
0.6,0.2,0,0,211,728137.9,95432,7.6299,0
0.6,0.2,0,0,180,714462.6,95292,7.4976,0
0.6,0.2,0,0,181,715168.1,95292,7.505,0
0.6,0.2,0,0,214,728444.8,95435,7.6329,0
0.6,0.2,0,0,215,728959.9,95442,7.6377,0
0.6,0.2,0,0,216,729170.8,95442,7.6399,0
0.6,0.2,0,0,217,729252.3,95442,7.6408,0
0.6,0.2,0,0,218,729586.1,95502,7.6395,0
0.6,0.2,0,0,219,729575.2,95348,7.6517,0
0.6,0.2,0,0,252,736869.9,95269,7.7346,0
0.6,0.2,0,0,253,736935.1,95269,7.7353,0
0.6,0.2,0,0,254,736669.8,95269,7.7325,0
0.6,0.2,0,0,255,736906.3,95269,7.735,0
0.6,0.2,0,0,224,730728.4,95271,7.67,0
0.6,0.2,0,0,193,720966.4,95313,7.5642,0
0.6,0.2,0,0,194,721476.6,95297,7.5708,0
0.6,0.2,0,0,195,722307.8,95158,7.5906,0
0.6,0.2,0,0,164,707845.4,95246,7.4318,0
0.6,0.2,0,0,165,708294.6,95246,7.4365,0
0.6,0.2,0,0,198,722687.7,95229,7.5889,0
0.6,0.2,0,0,199,723167.6,95235,7.5935,0
0.6,0.2,0,0,200,723468.3,95235,7.5967,0
0.6,0.2,0,0,201,723644.3,95301,7.5932,0
0.6,0.2,0,0,202,724081.6,95257,7.6013,0
0.6,0.2,0,0,203,724728.5,95388,7.5977,0
0.6,0.2,0,0,236,734446.0,95348,7.7028,0
0.6,0.2,0,0,237,734402.8,95348,7.7023,0
0.6,0.2,0,0,238,734555.0,95348,7.7039,0
0.6,0.2,0,0,239,734677.9,95348,7.7052,0
0.6,0.2,0,0,208,726024.3,95328,7.6161,0
0.6,0.2,0,0,177,713840.8,95264,7.4933,0
0.6,0.2,0,0,178,714162.2,95364,7.4888,0
0.6,0.2,0,0,179,714733.6,95370,7.4943,0
0.6,0.2,0,0,148,697933.9,95112,7.338,0
0.6,0.2,0,0,149,698689.8,95091,7.3476,0
0.6,0.2,0,0,182,716282.8,95200,7.524,0
0.6,0.2,0,0,183,716552.8,95311,7.518,0
0.6,0.2,0,0,184,716378.8,95256,7.5206,0
0.6,0.2,0,0,185,716861.7,95250,7.5261,0
0.6,0.2,0,0,186,717163.2,95262,7.5283,0
0.6,0.2,0,0,187,717905.1,95256,7.5366,0
0.6,0.2,0,0,220,730041.3,95321,7.6588,0
0.6,0.2,0,0,221,730405.7,95321,7.6626,0
0.6,0.2,0,0,222,730654.9,95321,7.6652,0
0.6,0.2,0,0,223,730683.8,95261,7.6703,0
0.6,0.2,0,0,192,720724.2,95390,7.5556,0
0.6,0.2,0,0,161,706100.5,95321,7.4076,0
0.6,0.2,0,0,162,706379.1,95355,7.4079,0
0.6,0.2,0,0,163,707439.9,95355,7.419,0
0.6,0.2,0,0,132,685145.3,94406,7.2574,0
0.6,0.2,0,0,133,685652.3,94399,7.2633,0
0.6,0.2,0,0,166,708155.0,95159,7.4418,0
0.6,0.2,0,0,167,708689.8,95198,7.4444,0
0.6,0.2,0,0,168,708702.5,95246,7.4408,0
0.6,0.2,0,0,169,709537.1,95417,7.4362,0
0.6,0.2,0,0,170,710333.3,95309,7.453,0
0.6,0.2,0,0,171,711012.1,95368,7.4555,0
0.6,0.2,0,0,204,724350.2,95328,7.5985,0
0.6,0.2,0,0,205,724967.0,95388,7.6002,0
0.6,0.2,0,0,206,725052.0,95328,7.6059,0
0.6,0.2,0,0,207,725864.3,95432,7.6061,0
0.6,0.2,0,0,176,713490.6,95258,7.4901,0
0.6,0.2,0,0,145,694804.6,94910,7.3207,0
0.6,0.2,0,0,146,695584.9,94809,7.3367,0
0.6,0.2,0,0,147,696194.6,94877,7.3379,0
0.6,0.2,0,0,116,669403.3,94111,7.1129,0
0.6,0.2,0,0,117,670277.7,94067,7.1255,0
0.6,0.2,0,0,150,698854.1,95097,7.3489,0
0.6,0.2,0,0,151,699903.6,95031,7.365,0
0.6,0.2,0,0,152,700600.5,95031,7.3723,0
0.6,0.2,0,0,153,701486.3,95203,7.3683,0
0.6,0.2,0,0,154,700881.8,95068,7.3724,0
0.6,0.2,0,0,155,701445.9,95050,7.3798,0
0.6,0.2,0,0,188,717956.0,95402,7.5256,0
0.6,0.2,0,0,189,718624.7,95256,7.5441,0
0.6,0.2,0,0,190,719668.7,95358,7.547,0
0.6,0.2,0,0,191,720265.2,95322,7.5561,0
0.6,0.2,0,0,160,705246.3,95126,7.4138,0
0.6,0.2,0,0,129,683499.0,94581,7.2266,0
0.6,0.2,0,0,130,683697.8,94551,7.231,0
0.6,0.2,0,0,131,684050.2,94329,7.2517,0
0.6,0.2,0,0,101,651175.6,93419,6.9705,0
0.6,0.2,0,0,134,686689.3,94406,7.2738,0
0.6,0.2,0,0,135,687436.9,94318,7.2885,0
0.6,0.2,0,0,136,688659.7,94340,7.2998,0
0.6,0.2,0,0,137,688877.6,94349,7.3014,0
0.6,0.2,0,0,138,689697.5,94412,7.3052,0
0.6,0.2,0,0,139,690367.9,94446,7.3097,0
0.6,0.2,0,0,172,711505.6,95412,7.4572,0
0.6,0.2,0,0,173,711973.8,95406,7.4626,0
0.6,0.2,0,0,174,712642.8,95368,7.4726,0
0.6,0.2,0,0,175,712847.7,95364,7.475,0
0.6,0.2,0,0,142,692953.7,94606,7.3246,0
0.6,0.2,0,0,143,693483.1,94604,7.3304,0
0.6,0.2,0,0,144,693646.0,94884,7.3105,0
0.6,0.2,0,0,113,665410.7,94058,7.0745,0
0.6,0.2,0,0,114,666454.8,93907,7.097,0
0.6,0.2,0,0,115,668817.1,94067,7.11,0
0.6,0.2,0,0,118,671320.2,94234,7.124,0
0.6,0.2,0,0,119,672183.5,94120,7.1418,0
0.6,0.2,0,0,120,672485.6,94078,7.1482,0
0.6,0.2,0,0,121,674434.3,94167,7.1621,0
0.6,0.2,0,0,122,675336.0,94081,7.1782,0
0.6,0.2,0,0,123,676248.9,94044,7.1908,0
0.6,0.2,0,0,156,701584.2,95032,7.3826,0
0.6,0.2,0,0,157,702665.6,95049,7.3927,0
0.6,0.2,0,0,158,703312.1,94918,7.4097,0
0.6,0.2,0,0,159,705058.7,95183,7.4074,0
0.6,0.2,0,0,124,677456.2,94194,7.1921,0
0.6,0.2,0,0,125,678673.6,94186,7.2057,0
0.6,0.2,0,0,126,680052.4,94393,7.2045,0
0.6,0.2,0,0,127,682162.6,94652,7.2071,0
0.6,0.2,0,0,128,681991.8,94443,7.2212,0
0.6,0.2,0,0,102,652253.8,93489,6.9768,0
0.6,0.2,0,0,103,653129.3,93350,6.9966,0
0.6,0.2,0,0,104,655262.7,93564,7.0034,0
0.6,0.2,0,0,105,656539.5,93703,7.0066,0
0.6,0.2,0,0,106,657807.6,93567,7.0303,0
0.6,0.2,0,0,107,658932.8,93811,7.024,0
0.6,0.2,0,0,140,690726.8,94390,7.3178,0
0.6,0.2,0,0,141,692668.2,94750,7.3105,0
0.6,0.2,1,0,557,650488.5,91671,7.0959,0
0.6,0.2,1,0,558,650499.5,91671,7.096,0
0.6,0.2,1,0,559,650485.2,91671,7.0959,0
0.6,0.2,1,0,561,650497.6,91671,7.096,0
0.6,0.2,1,0,562,650510.3,91671,7.0961,0
0.6,0.2,1,0,563,650499.3,91671,7.096,0
0.6,0.2,0,0,576,746473.8,95279,7.8346,0
0.6,0.2,0,0,545,746402.9,95371,7.8263,0
0.6,0.2,0,0,546,746328.3,95279,7.8331,0
0.6,0.2,0,0,547,746320.1,95279,7.833,0
0.6,0.2,0,0,516,746378.1,95371,7.826,0
0.6,0.2,0,0,517,746342.5,95279,7.8332,0
0.6,0.2,0,0,550,746382.7,95279,7.8337,0
0.6,0.2,0,0,551,746369.2,95279,7.8335,0
0.6,0.2,0,0,552,746378.8,95279,7.8336,0
0.6,0.2,0,0,553,746386.0,95279,7.8337,0
0.6,0.2,0,0,554,746390.1,95279,7.8337,0
0.6,0.2,0,0,555,746406.2,95279,7.8339,0
0.6,0.2,0,0,548,746350.7,95279,7.8333,0
0.6,0.2,0,0,549,746378.3,95279,7.8336,0
0.6,0.2,0,0,561,746415.9,95279,7.834,0
0.6,0.2,0,0,562,746461.5,95279,7.8345,0
0.6,0.2,0,0,108,658502.2,93741,7.0247,0
0.6,0.2,0,0,109,659935.3,93778,7.0372,0
0.6,0.2,0,0,110,661187.4,93627,7.0619,0
0.6,0.2,0,0,111,662884.5,94038,7.0491,0
0.6,0.2,0,0,112,663740.8,93971,7.0633,0
0.6,0.2,0,0,563,746474.2,95279,7.8346,0
0.6,0.2,0,0,564,746463.2,95279,7.8345,0
0.6,0.2,0,0,565,746460.3,95279,7.8345,0
0.6,0.2,0,0,532,746305.2,95279,7.8328,0
0.6,0.2,0,0,533,746403.9,95371,7.8263,0
0.6,0.2,0,0,566,746454.4,95279,7.8344,0
0.6,0.2,0,0,567,746448.9,95279,7.8343,0
0.6,0.2,0,0,568,746425.4,95279,7.8341,0
0.6,0.2,0,0,569,746428.4,95279,7.8341,0
0.6,0.2,0,0,570,746458.3,95279,7.8344,0
0.6,0.2,0,0,571,746457.9,95279,7.8344,0
0.6,0.3,0,0,71,639590.9,138414,4.6209,0
0.6,0.3,0,0,67,639605.2,137555,4.6498,0
0.6,0.3,0,0,81,639656.9,137316,4.6583,0
0.6,0.3,0,0,88,639733.8,137201,4.6627,0
0.6,0.3,0,0,87,639786.2,137228,4.6622,0
0.6,0.3,0,0,78,639882.7,137631,4.6493,0
0.6,0.3,0,0,89,639973.3,137455,4.6559,0
0.6,0.3,0,0,90,640120.1,137611,4.6517,0
0.6,0.3,0,0,79,640185.9,137626,4.6516,0
0.6,0.3,0,0,80,640211.8,137214,4.6658,0
0.6,0.3,0,0,86,640348.3,137072,4.6716,0
0.6,0.3,0,0,93,640367.2,137377,4.6614,0
0.6,0.3,0,0,85,640371.1,137088,4.6712,0
0.6,0.3,0,0,70,640699.2,138266,4.6338,0
0.6,0.3,0,0,123,640711.1,137639,4.655,0
0.6,0.3,0,0,120,640753.5,137639,4.6553,0
0.6,0.3,0,0,124,640779.1,137639,4.6555,0
0.6,0.3,0,0,69,640792.4,138312,4.6329,0
0.6,0.3,0,0,92,640858.9,137886,4.6477,0
0.6,0.3,0,0,127,640865.3,137457,4.6623,0
0.6,0.3,0,0,95,640928.2,137770,4.6522,0
0.6,0.3,0,0,125,640952.2,137639,4.6568,0
0.6,0.3,0,0,96,641014.9,137967,4.6461,0
0.6,0.3,0,0,132,641022.7,137893,4.6487,0
0.6,0.3,0,0,126,641041.6,137760,4.6533,0
0.6,0.3,0,0,115,641042.9,137646,4.6572,0
0.6,0.3,0,0,119,641044.3,137457,4.6636,0
0.6,0.3,0,0,128,641106.3,137687,4.6563,0
0.6,0.3,0,0,133,641128.9,137893,4.6495,0
0.6,0.3,0,0,114,641133.0,137801,4.6526,0
0.6,0.3,0,0,116,641147.2,137646,4.6579,0
0.6,0.3,0,0,129,641153.5,137832,4.6517,0
0.6,0.3,0,0,117,641159.3,137646,4.658,0
0.6,0.3,0,0,131,641167.7,137893,4.6497,0
0.6,0.3,0,0,91,641175.8,137996,4.6463,0
0.6,0.3,0,0,130,641236.1,137835,4.6522,0
0.6,0.3,0,0,113,641252.5,137917,4.6496,0
0.6,0.3,0,0,111,641504.7,137917,4.6514,0
0.6,0.3,0,0,94,641507.3,137504,4.6654,0
0.6,0.3,0,0,122,641581.2,137785,4.6564,0
0.6,0.3,0,0,121,641586.3,137785,4.6564,0
0.6,0.3,0,0,97,641602.8,137853,4.6543,0
0.6,0.3,0,0,112,641649.9,138047,4.6481,0
0.6,0.3,0,0,105,641692.1,137430,4.6692,0
0.6,0.3,0,0,98,641746.7,138008,4.6501,0
0.6,0.3,0,0,110,641828.4,137917,4.6537,0
0.6,0.3,0,0,118,641880.1,137792,4.6583,0
0.6,0.3,0,0,134,641917.0,138098,4.6483,0
0.6,0.3,0,0,99,641981.7,137887,4.6559,0
0.6,0.3,0,0,109,642202.0,137844,4.6589,0
0.6,0.3,0,0,136,642328.0,137917,4.6574,0
0.6,0.3,0,0,135,642364.2,137844,4.6601,0
0.6,0.3,0,0,104,642378.8,137654,4.6666,0
0.6,0.3,0,0,100,642512.6,138114,4.652,0
0.6,0.3,0,0,108,642550.8,137742,4.6649,0
0.6,0.3,0,0,106,642572.1,137471,4.6742,0
0.6,0.3,0,0,103,642624.2,138089,4.6537,0
0.6,0.3,0,0,140,642721.2,138098,4.6541,0
0.6,0.3,0,0,137,642723.4,138026,4.6565,0
0.6,0.3,0,0,145,642825.0,137881,4.6622,0
0.6,0.3,0,0,146,642897.0,137881,4.6627,0
0.6,0.3,0,0,148,642911.7,137881,4.6628,0
0.6,0.3,0,0,141,642926.2,137881,4.6629,0
0.6,0.3,0,0,211,642932.5,137881,4.663,0
0.6,0.3,0,0,155,642948.6,137881,4.6631,0
0.6,0.3,0,0,210,642958.3,137881,4.6631,0
0.6,0.3,0,0,156,642960.2,137881,4.6632,0
0.6,0.3,0,0,144,642960.7,137699,4.6693,0
0.6,0.3,0,0,212,642961.0,137881,4.6632,0
0.6,0.3,0,0,438,642963.8,137881,4.6632,0
0.6,0.3,0,0,469,642963.8,137881,4.6632,0
0.6,0.3,0,0,468,642963.8,137881,4.6632,0
0.6,0.3,0,0,499,642963.8,137881,4.6632,0
0.6,0.3,0,0,498,642963.8,137881,4.6632,0
0.6,0.3,0,0,497,642963.8,137881,4.6632,0
0.6,0.3,0,0,496,642963.8,137881,4.6632,0
0.6,0.3,0,0,495,642963.8,137881,4.6632,0
0.6,0.3,0,0,494,642963.8,137881,4.6632,0
0.6,0.3,0,0,493,642963.8,137881,4.6632,0
0.6,0.3,0,0,492,642963.8,137881,4.6632,0
0.6,0.3,0,0,459,642963.8,137881,4.6632,0
0.6,0.3,0,0,458,642963.8,137881,4.6632,0
0.6,0.3,0,0,457,642963.8,137881,4.6632,0
0.6,0.3,0,0,456,642963.8,137881,4.6632,0
0.6,0.3,0,0,455,642963.8,137881,4.6632,0
0.6,0.3,0,0,422,642963.8,137881,4.6632,0
0.6,0.3,0,0,453,642963.8,137881,4.6632,0
0.6,0.3,0,0,452,642963.8,137881,4.6632,0
0.6,0.3,0,0,483,642963.8,137881,4.6632,0
0.6,0.3,0,0,482,642963.8,137881,4.6632,0
0.6,0.3,0,0,481,642963.8,137881,4.6632,0
0.6,0.3,0,0,480,642963.8,137881,4.6632,0
0.6,0.3,0,0,479,642963.8,137881,4.6632,0
0.6,0.3,0,0,478,642963.8,137881,4.6632,0
0.6,0.3,0,0,477,642963.8,137881,4.6632,0
0.6,0.3,0,0,476,642963.8,137881,4.6632,0
0.6,0.3,0,0,443,642963.8,137881,4.6632,0
0.6,0.3,0,0,442,642963.8,137881,4.6632,0
0.6,0.3,0,0,441,642963.8,137881,4.6632,0
0.6,0.3,0,0,440,642963.8,137881,4.6632,0
0.6,0.3,0,0,439,642963.8,137881,4.6632,0
0.6,0.3,0,0,406,642963.8,137881,4.6632,0
0.6,0.3,0,0,437,642963.8,137881,4.6632,0
0.6,0.3,0,0,436,642963.8,137881,4.6632,0
0.6,0.3,0,0,467,642963.8,137881,4.6632,0
0.6,0.3,0,0,466,642963.8,137881,4.6632,0
0.6,0.3,0,0,465,642963.8,137881,4.6632,0
0.6,0.3,0,0,464,642963.8,137881,4.6632,0
0.6,0.3,0,0,463,642963.8,137881,4.6632,0
0.6,0.3,0,0,462,642963.8,137881,4.6632,0
0.6,0.3,0,0,461,642963.8,137881,4.6632,0
0.6,0.3,0,0,460,642963.8,137881,4.6632,0
0.6,0.3,0,0,427,642963.8,137881,4.6632,0
0.6,0.3,0,0,426,642963.8,137881,4.6632,0
0.6,0.3,0,0,425,642963.8,137881,4.6632,0
0.6,0.3,0,0,424,642963.8,137881,4.6632,0
0.6,0.3,0,0,423,642963.8,137881,4.6632,0
0.6,0.3,0,0,390,642963.8,137881,4.6632,0
0.6,0.3,0,0,421,642963.8,137881,4.6632,0
0.6,0.3,0,0,420,642963.8,137881,4.6632,0
0.6,0.3,0,0,451,642963.8,137881,4.6632,0
0.6,0.3,0,0,450,642963.8,137881,4.6632,0
0.6,0.3,0,0,449,642963.8,137881,4.6632,0
0.6,0.3,0,0,448,642963.8,137881,4.6632,0
0.6,0.3,0,0,447,642963.8,137881,4.6632,0
0.6,0.3,0,0,446,642963.8,137881,4.6632,0
0.6,0.3,0,0,445,642963.8,137881,4.6632,0
0.6,0.3,0,0,444,642963.8,137881,4.6632,0
0.6,0.3,0,0,411,642963.8,137881,4.6632,0
0.6,0.3,0,0,410,642963.8,137881,4.6632,0
0.6,0.3,0,0,409,642963.8,137881,4.6632,0
0.6,0.3,0,0,408,642963.8,137881,4.6632,0
0.6,0.3,0,0,407,642963.8,137881,4.6632,0
0.6,0.3,0,0,374,642963.8,137881,4.6632,0
0.6,0.3,0,0,405,642963.8,137881,4.6632,0
0.6,0.3,0,0,404,642963.8,137881,4.6632,0
0.6,0.3,0,0,435,642963.8,137881,4.6632,0
0.6,0.3,0,0,434,642963.8,137881,4.6632,0
0.6,0.3,0,0,433,642963.8,137881,4.6632,0
0.6,0.3,0,0,432,642963.8,137881,4.6632,0
0.6,0.3,0,0,431,642963.8,137881,4.6632,0
0.6,0.3,0,0,430,642963.8,137881,4.6632,0
0.6,0.3,0,0,429,642963.8,137881,4.6632,0
0.6,0.3,0,0,428,642963.8,137881,4.6632,0
0.6,0.3,0,0,395,642963.8,137881,4.6632,0
0.6,0.3,0,0,394,642963.8,137881,4.6632,0
0.6,0.3,0,0,393,642963.8,137881,4.6632,0
0.6,0.3,0,0,392,642963.8,137881,4.6632,0
0.6,0.3,0,0,391,642963.8,137881,4.6632,0
0.6,0.3,0,0,358,642963.8,137881,4.6632,0
0.6,0.3,0,0,389,642963.8,137881,4.6632,0
0.6,0.3,0,0,388,642963.8,137881,4.6632,0
0.6,0.3,0,0,419,642963.8,137881,4.6632,0
0.6,0.3,0,0,418,642963.8,137881,4.6632,0
0.6,0.3,0,0,417,642963.8,137881,4.6632,0
0.6,0.3,0,0,416,642963.8,137881,4.6632,0
0.6,0.3,0,0,415,642963.8,137881,4.6632,0
0.6,0.3,0,0,414,642963.8,137881,4.6632,0
0.6,0.3,0,0,413,642963.8,137881,4.6632,0
0.6,0.3,0,0,412,642963.8,137881,4.6632,0
0.6,0.3,0,0,379,642963.8,137881,4.6632,0
0.6,0.3,0,0,378,642963.8,137881,4.6632,0
0.6,0.3,0,0,377,642963.8,137881,4.6632,0
0.6,0.3,0,0,376,642963.8,137881,4.6632,0
0.6,0.3,0,0,375,642963.8,137881,4.6632,0
0.6,0.3,0,0,342,642963.8,137881,4.6632,0
0.6,0.3,0,0,373,642963.8,137881,4.6632,0
0.6,0.3,0,0,372,642963.8,137881,4.6632,0
0.6,0.3,0,0,403,642963.8,137881,4.6632,0
0.6,0.3,0,0,402,642963.8,137881,4.6632,0
0.6,0.3,0,0,401,642963.8,137881,4.6632,0
0.6,0.3,0,0,400,642963.8,137881,4.6632,0
0.6,0.3,0,0,399,642963.8,137881,4.6632,0
0.6,0.3,0,0,398,642963.8,137881,4.6632,0
0.6,0.3,0,0,397,642963.8,137881,4.6632,0
0.6,0.3,0,0,396,642963.8,137881,4.6632,0
0.6,0.3,0,0,363,642963.8,137881,4.6632,0
0.6,0.3,0,0,362,642963.8,137881,4.6632,0
0.6,0.3,0,0,361,642963.8,137881,4.6632,0
0.6,0.3,0,0,360,642963.8,137881,4.6632,0
0.6,0.3,0,0,359,642963.8,137881,4.6632,0
0.6,0.3,0,0,326,642963.8,137881,4.6632,0
0.6,0.3,0,0,357,642963.8,137881,4.6632,0
0.6,0.3,0,0,356,642963.8,137881,4.6632,0
0.6,0.3,0,0,387,642963.8,137881,4.6632,0
0.6,0.3,0,0,386,642963.8,137881,4.6632,0
0.6,0.3,0,0,385,642963.8,137881,4.6632,0
0.6,0.3,0,0,384,642963.8,137881,4.6632,0
0.6,0.3,0,0,383,642963.8,137881,4.6632,0
0.6,0.3,0,0,382,642963.8,137881,4.6632,0
0.6,0.3,0,0,381,642963.8,137881,4.6632,0
0.6,0.3,0,0,380,642963.8,137881,4.6632,0
0.6,0.3,0,0,347,642963.8,137881,4.6632,0
0.6,0.3,0,0,346,642963.8,137881,4.6632,0
0.6,0.3,0,0,345,642963.8,137881,4.6632,0
0.6,0.3,0,0,344,642963.8,137881,4.6632,0
0.6,0.3,0,0,343,642963.8,137881,4.6632,0
0.6,0.3,0,0,310,642963.8,137881,4.6632,0
0.6,0.3,0,0,341,642963.8,137881,4.6632,0
0.6,0.3,0,0,340,642963.8,137881,4.6632,0
0.6,0.3,0,0,371,642963.8,137881,4.6632,0
0.6,0.3,0,0,370,642963.8,137881,4.6632,0
0.6,0.3,0,0,369,642963.8,137881,4.6632,0
0.6,0.3,0,0,368,642963.8,137881,4.6632,0
0.6,0.3,0,0,367,642963.8,137881,4.6632,0
0.6,0.3,0,0,366,642963.8,137881,4.6632,0
0.6,0.3,0,0,365,642963.8,137881,4.6632,0
0.6,0.3,0,0,364,642963.8,137881,4.6632,0
0.6,0.3,0,0,331,642963.8,137881,4.6632,0
0.6,0.3,0,0,330,642963.8,137881,4.6632,0
0.6,0.3,0,0,329,642963.8,137881,4.6632,0
0.6,0.3,0,0,328,642963.8,137881,4.6632,0
0.6,0.3,0,0,327,642963.8,137881,4.6632,0
0.6,0.3,0,0,294,642963.8,137881,4.6632,0
0.6,0.3,0,0,325,642963.8,137881,4.6632,0
0.6,0.3,0,0,324,642963.8,137881,4.6632,0
0.6,0.3,0,0,355,642963.8,137881,4.6632,0
0.6,0.3,0,0,354,642963.8,137881,4.6632,0
0.6,0.3,0,0,353,642963.8,137881,4.6632,0
0.6,0.3,0,0,352,642963.8,137881,4.6632,0
0.6,0.3,0,0,351,642963.8,137881,4.6632,0
0.6,0.3,0,0,350,642963.8,137881,4.6632,0
0.6,0.3,0,0,349,642963.8,137881,4.6632,0
0.6,0.3,0,0,348,642963.8,137881,4.6632,0
0.6,0.3,0,0,315,642963.8,137881,4.6632,0
0.6,0.3,0,0,314,642963.8,137881,4.6632,0
0.6,0.3,0,0,313,642963.8,137881,4.6632,0
0.6,0.3,0,0,312,642963.8,137881,4.6632,0
0.6,0.3,0,0,311,642963.8,137881,4.6632,0
0.6,0.3,0,0,278,642963.8,137881,4.6632,0
0.6,0.3,0,0,309,642963.8,137881,4.6632,0
0.6,0.3,0,0,308,642963.8,137881,4.6632,0
0.6,0.3,0,0,339,642963.8,137881,4.6632,0
0.6,0.3,0,0,338,642963.8,137881,4.6632,0
0.6,0.3,0,0,337,642963.8,137881,4.6632,0
0.6,0.3,0,0,336,642963.8,137881,4.6632,0
0.6,0.3,0,0,335,642963.8,137881,4.6632,0
0.6,0.3,0,0,334,642963.8,137881,4.6632,0
0.6,0.3,0,0,333,642963.8,137881,4.6632,0
0.6,0.3,0,0,332,642963.8,137881,4.6632,0
0.6,0.3,0,0,299,642963.8,137881,4.6632,0
0.6,0.3,0,0,298,642963.8,137881,4.6632,0
0.6,0.3,0,0,297,642963.8,137881,4.6632,0
0.6,0.3,0,0,296,642963.8,137881,4.6632,0
0.6,0.3,0,0,295,642963.8,137881,4.6632,0
0.6,0.3,0,0,262,642963.8,137881,4.6632,0
0.6,0.3,0,0,293,642963.8,137881,4.6632,0
0.6,0.3,0,0,292,642963.8,137881,4.6632,0
0.6,0.3,0,0,323,642963.8,137881,4.6632,0
0.6,0.3,0,0,322,642963.8,137881,4.6632,0
0.6,0.3,0,0,321,642963.8,137881,4.6632,0
0.6,0.3,0,0,320,642963.8,137881,4.6632,0
0.6,0.3,0,0,319,642963.8,137881,4.6632,0
0.6,0.3,0,0,318,642963.8,137881,4.6632,0
0.6,0.3,0,0,317,642963.8,137881,4.6632,0
0.6,0.3,0,0,316,642963.8,137881,4.6632,0
0.6,0.3,0,0,283,642963.8,137881,4.6632,0
0.6,0.3,0,0,282,642963.8,137881,4.6632,0
0.6,0.3,0,0,281,642963.8,137881,4.6632,0
0.6,0.3,0,0,280,642963.8,137881,4.6632,0
0.6,0.3,0,0,279,642963.8,137881,4.6632,0
0.6,0.3,0,0,246,642995.2,137881,4.6634,0
0.6,0.3,0,0,277,642963.8,137881,4.6632,0
0.6,0.3,0,0,276,642963.8,137881,4.6632,0
0.6,0.3,0,0,307,642963.8,137881,4.6632,0
0.6,0.3,0,0,306,642963.8,137881,4.6632,0
0.6,0.3,0,0,305,642963.8,137881,4.6632,0
0.6,0.3,0,0,304,642963.8,137881,4.6632,0
0.6,0.3,0,0,303,642963.8,137881,4.6632,0
0.6,0.3,0,0,302,642963.8,137881,4.6632,0
0.6,0.3,0,0,301,642963.8,137881,4.6632,0
0.6,0.3,0,0,300,642963.8,137881,4.6632,0
0.6,0.3,0,0,267,642963.8,137881,4.6632,0
0.6,0.3,0,0,266,642963.8,137881,4.6632,0
0.6,0.3,0,0,265,642963.8,137881,4.6632,0
0.6,0.3,0,0,264,642963.8,137881,4.6632,0
0.6,0.3,0,0,263,642963.8,137881,4.6632,0
0.6,0.3,0,0,230,643075.4,137881,4.664,0
0.6,0.3,0,0,261,642963.8,137881,4.6632,0
0.6,0.3,0,0,260,642963.8,137881,4.6632,0
0.6,0.3,0,0,291,642963.8,137881,4.6632,0
0.6,0.3,0,0,290,642963.8,137881,4.6632,0
0.6,0.3,0,0,289,642963.8,137881,4.6632,0
0.6,0.3,0,0,288,642963.8,137881,4.6632,0
0.6,0.3,0,0,287,642963.8,137881,4.6632,0
0.6,0.3,0,0,286,642963.8,137881,4.6632,0
0.6,0.3,0,0,285,642963.8,137881,4.6632,0
0.6,0.3,0,0,284,642963.8,137881,4.6632,0
0.6,0.3,0,0,251,642977.8,137881,4.6633,0
0.6,0.3,0,0,250,642985.3,137881,4.6633,0
0.6,0.3,0,0,249,642988.9,137881,4.6634,0
0.6,0.3,0,0,248,642992.9,137881,4.6634,0
0.6,0.3,0,0,247,642995.1,137881,4.6634,0
0.6,0.3,0,0,214,642997.2,137881,4.6634,0
0.6,0.3,0,0,245,643014.7,137881,4.6635,0
0.6,0.3,0,0,244,643005.8,137881,4.6635,0
0.6,0.3,0,0,275,642963.8,137881,4.6632,0
0.6,0.3,0,0,274,642963.8,137881,4.6632,0
0.6,0.3,0,0,273,642963.8,137881,4.6632,0
0.6,0.3,0,0,272,642963.8,137881,4.6632,0
0.6,0.3,0,0,271,642963.8,137881,4.6632,0
0.6,0.3,0,0,270,642963.8,137881,4.6632,0
0.6,0.3,0,0,269,642963.8,137881,4.6632,0
0.6,0.3,0,0,268,642963.8,137881,4.6632,0
0.6,0.3,0,0,235,643009.9,137881,4.6635,0
0.6,0.3,0,0,234,643017.7,137881,4.6636,0
0.6,0.3,0,0,233,643051.7,137881,4.6638,0
0.6,0.3,0,0,232,643051.2,137881,4.6638,0
0.6,0.3,0,0,231,643068.6,137881,4.6639,0
0.6,0.3,0,0,198,643026.5,137881,4.6636,0
0.6,0.3,0,0,229,643048.8,137881,4.6638,0
0.6,0.3,0,0,228,643035.2,137881,4.6637,0
0.6,0.3,0,0,259,642963.8,137881,4.6632,0
0.6,0.3,0,0,258,642963.8,137881,4.6632,0
0.6,0.3,0,0,257,642963.8,137881,4.6632,0
0.6,0.3,0,0,256,642963.8,137881,4.6632,0
0.6,0.3,0,0,255,642963.8,137881,4.6632,0
0.6,0.3,0,0,254,642967.2,137881,4.6632,0
0.6,0.3,0,0,253,642974.4,137881,4.6633,0
0.6,0.3,0,0,252,642977.0,137881,4.6633,0
0.6,0.3,0,0,219,643039.8,137881,4.6637,0
0.6,0.3,0,0,218,643015.0,137881,4.6636,0
0.6,0.3,0,0,217,643001.9,137881,4.6635,0
0.6,0.3,0,0,216,643012.9,137881,4.6635,0
0.6,0.3,0,0,215,643009.7,137881,4.6635,0
0.6,0.3,0,0,182,643188.9,137881,4.6648,0
0.6,0.3,0,0,213,642993.4,137881,4.6634,0
0.6,0.3,0,0,243,643008.5,137881,4.6635,0
0.6,0.3,0,0,242,643015.3,137881,4.6636,0
0.6,0.3,0,0,241,643022.1,137881,4.6636,0
0.6,0.3,0,0,240,643007.4,137881,4.6635,0
0.6,0.3,0,0,239,642988.1,137881,4.6634,0
0.6,0.3,0,0,238,643007.3,137881,4.6635,0
0.6,0.3,0,0,237,643008.7,137881,4.6635,0
0.6,0.3,0,0,236,643007.0,137881,4.6635,0
0.6,0.3,0,0,203,643044.2,137881,4.6638,0
0.6,0.3,0,0,202,643068.1,137881,4.6639,0
0.6,0.3,0,0,201,643078.1,137881,4.664,0
0.6,0.3,0,0,200,643084.5,137881,4.6641,0
0.6,0.3,0,0,199,643066.9,137881,4.6639,0
0.6,0.3,0,0,166,643226.3,137881,4.6651,0
0.6,0.3,0,0,197,643025.6,137881,4.6636,0
0.6,0.3,0,0,196,643075.5,137881,4.664,0
0.6,0.3,0,0,227,643041.4,137881,4.6637,0
0.6,0.3,0,0,226,643043.0,137881,4.6638,0
0.6,0.3,0,0,225,643030.4,137881,4.6637,0
0.6,0.3,0,0,224,643041.5,137881,4.6637,0
0.6,0.3,0,0,223,643048.0,137881,4.6638,0
0.6,0.3,0,0,222,643067.9,137881,4.6639,0
0.6,0.3,0,0,221,643074.4,137881,4.664,0
0.6,0.3,0,0,220,643084.5,137881,4.6641,0
0.6,0.3,0,0,187,643059.7,137881,4.6639,0
0.6,0.3,0,0,186,643072.7,137881,4.664,0
0.6,0.3,0,0,185,643085.8,137881,4.6641,0
0.6,0.3,0,0,184,643061.0,137881,4.6639,0
0.6,0.3,0,0,183,643187.4,137881,4.6648,0
0.6,0.3,0,0,454,642963.8,137881,4.6632,0
0.6,0.3,0,0,485,642963.8,137881,4.6632,0
0.6,0.3,0,0,484,642963.8,137881,4.6632,0
0.6,0.3,0,0,515,642963.8,137881,4.6632,0
0.6,0.3,0,0,514,642963.8,137881,4.6632,0
0.6,0.3,0,0,513,642963.8,137881,4.6632,0
0.6,0.3,0,0,512,642963.8,137881,4.6632,0
0.6,0.3,0,0,511,642963.8,137881,4.6632,0
0.6,0.3,0,0,510,642963.8,137881,4.6632,0
0.6,0.3,0,0,509,642963.8,137881,4.6632,0
0.6,0.3,0,0,508,642963.8,137881,4.6632,0
0.6,0.3,0,0,475,642963.8,137881,4.6632,0
0.6,0.3,0,0,474,642963.8,137881,4.6632,0
0.6,0.3,0,0,473,642963.8,137881,4.6632,0
0.6,0.3,0,0,472,642963.8,137881,4.6632,0
0.6,0.3,0,0,471,642963.8,137881,4.6632,0
0.6,0.3,0,0,150,643012.9,137881,4.6635,0
0.6,0.3,0,0,181,643181.1,137881,4.6648,0
0.6,0.3,0,0,180,643133.0,137881,4.6644,0
0.6,0.3,0,0,209,642971.2,137881,4.6632,0
0.6,0.3,0,0,208,642984.0,137881,4.6633,0
0.6,0.3,0,0,207,642994.4,137881,4.6634,0
0.6,0.3,0,0,206,643016.7,137881,4.6636,0
0.6,0.3,0,0,205,642979.5,137881,4.6633,0
0.6,0.3,0,0,204,643021.9,137881,4.6636,0
0.6,0.3,0,0,171,643095.3,137881,4.6641,0
0.6,0.3,0,0,170,643104.0,137881,4.6642,0
0.6,0.3,0,0,169,643123.1,137881,4.6643,0
0.6,0.3,0,0,168,643193.4,137881,4.6648,0
0.6,0.3,0,0,167,643218.6,137881,4.665,0
0.6,0.3,0,0,165,643181.2,137881,4.6648,0
0.6,0.3,0,0,164,643234.7,137881,4.6651,0
0.6,0.3,0,0,195,643084.2,137881,4.6641,0
0.6,0.3,0,0,194,643126.3,137881,4.6644,0
0.6,0.3,0,0,193,643051.0,137881,4.6638,0
0.6,0.3,0,0,192,643087.8,137881,4.6641,0
0.6,0.3,0,0,191,643063.3,137881,4.6639,0
0.6,0.3,0,0,190,643097.8,137881,4.6642,0
0.6,0.3,0,0,189,643125.6,137881,4.6644,0
0.6,0.3,0,0,188,643066.4,137881,4.6639,0
0.6,0.3,0,0,154,642969.3,137881,4.6632,0
0.6,0.3,0,0,153,643754.9,138086,4.662,0
0.6,0.3,0,0,152,643746.5,138086,4.6619,0
0.6,0.3,0,0,151,643795.5,138086,4.6623,0
0.6,0.3,0,0,149,642990.6,137881,4.6634,0
0.6,0.3,0,0,179,643168.5,137881,4.6647,0
0.6,0.3,0,0,178,643243.1,137881,4.6652,0
0.6,0.3,0,0,177,643200.7,137881,4.6649,0
0.6,0.3,0,0,176,643227.2,137881,4.6651,0
0.6,0.3,0,0,175,643071.4,137881,4.664,0
0.6,0.3,0,0,174,643058.5,137881,4.6639,0
0.6,0.3,0,0,173,643085.2,137881,4.6641,0
0.6,0.3,0,0,172,643081.7,137881,4.664,0
0.6,0.3,0,0,139,643488.5,138231,4.6552,0
0.6,0.3,0,0,138,643369.7,138231,4.6543,0
0.6,0.3,0,0,470,642963.8,137881,4.6632,0
0.6,0.3,0,0,501,642963.8,137881,4.6632,0
0.6,0.3,0,0,500,642963.8,137881,4.6632,0
0.6,0.3,0,0,531,642963.8,137881,4.6632,0
0.6,0.3,0,0,530,642963.8,137881,4.6632,0
0.6,0.3,0,0,529,642963.8,137881,4.6632,0
0.6,0.3,0,0,528,642963.8,137881,4.6632,0
0.6,0.3,0,0,527,642963.8,137881,4.6632,0
0.6,0.3,0,0,526,642963.8,137881,4.6632,0
0.6,0.3,0,0,525,642963.8,137881,4.6632,0
0.6,0.3,0,0,524,642963.8,137881,4.6632,0
0.6,0.3,0,0,491,642963.8,137881,4.6632,0
0.6,0.3,0,0,490,642963.8,137881,4.6632,0
0.6,0.3,0,0,489,642963.8,137881,4.6632,0
0.6,0.3,0,0,488,642963.8,137881,4.6632,0
0.6,0.3,0,0,487,642963.8,137881,4.6632,0
0.6,0.3,0,0,102,643149.4,138303,4.6503,0
0.6,0.3,0,0,163,643265.1,137881,4.6654,0
0.6,0.3,0,0,162,643254.3,137881,4.6653,0
0.6,0.3,0,0,161,643167.4,137881,4.6647,0
0.6,0.3,0,0,160,643032.9,137881,4.6637,0
0.6,0.3,0,0,159,642988.2,137881,4.6634,0
0.6,0.3,0,0,158,642995.4,137881,4.6634,0
0.6,0.3,0,0,157,643058.6,137881,4.6639,0
0.6,0.3,0,0,147,642999.5,137881,4.6634,0
0.6,0.3,0,0,143,643022.5,137699,4.6698,0
0.6,0.3,0,0,142,642977.0,137881,4.6633,0
0.6,0.3,0,0,107,643227.6,138063,4.6589,0
0.6,0.3,0,0,486,642963.8,137881,4.6632,0
0.6,0.3,0,0,517,642963.8,137881,4.6632,0
0.6,0.3,0,0,516,642963.8,137881,4.6632,0
0.6,0.3,0,0,547,642963.8,137881,4.6632,0
0.6,0.3,0,0,546,642963.8,137881,4.6632,0
0.6,0.3,0,0,545,642963.8,137881,4.6632,0
0.6,0.3,0,0,544,642963.8,137881,4.6632,0
0.6,0.3,0,0,543,642963.8,137881,4.6632,0
0.6,0.3,0,0,542,642963.8,137881,4.6632,0
0.6,0.3,0,0,541,642963.8,137881,4.6632,0
0.6,0.3,0,0,540,642963.8,137881,4.6632,0
0.6,0.3,0,0,507,642963.8,137881,4.6632,0
0.6,0.3,0,0,506,642963.8,137881,4.6632,0
0.6,0.3,0,0,505,642963.8,137881,4.6632,0
0.6,0.3,0,0,504,642963.8,137881,4.6632,0
0.6,0.3,0,0,503,642963.8,137881,4.6632,0
0.6,0.3,0,0,101,643379.7,138569,4.643,0
0.6,0.3,0,0,502,642963.8,137881,4.6632,0
0.6,0.3,0,0,533,642963.8,137881,4.6632,0
0.6,0.3,0,0,532,642963.8,137881,4.6632,0
0.6,0.3,0,0,563,642963.8,137881,4.6632,0
0.6,0.3,0,0,562,642963.8,137881,4.6632,0
0.6,0.3,0,0,561,642963.8,137881,4.6632,0
0.6,0.3,0,0,560,642963.8,137881,4.6632,0
0.6,0.3,0,0,559,642963.8,137881,4.6632,0
0.6,0.3,0,0,558,642963.8,137881,4.6632,0
0.6,0.3,0,0,557,642963.8,137881,4.6632,0
0.6,0.3,0,0,556,642963.8,137881,4.6632,0
0.6,0.3,0,0,523,642963.8,137881,4.6632,0
0.6,0.3,0,0,522,642963.8,137881,4.6632,0
0.6,0.3,0,0,521,642963.8,137881,4.6632,0
0.6,0.3,0,0,520,642963.8,137881,4.6632,0
0.6,0.3,0,0,519,642963.8,137881,4.6632,0
0.6,0.3,0,0,518,642963.8,137881,4.6632,0
0.6,0.3,0,0,549,642963.8,137881,4.6632,0
0.6,0.3,0,0,548,642963.8,137881,4.6632,0
0.6,0.3,0,0,574,642963.8,137881,4.6632,0
0.6,0.3,0,0,573,642963.8,137881,4.6632,0
0.6,0.3,0,0,572,642963.8,137881,4.6632,0
0.6,0.3,0,0,571,642963.8,137881,4.6632,0
0.6,0.3,0,0,570,642963.8,137881,4.6632,0
0.6,0.3,0,0,569,642963.8,137881,4.6632,0
0.6,0.3,0,0,568,642963.8,137881,4.6632,0
0.6,0.3,0,0,567,642963.8,137881,4.6632,0
0.6,0.3,0,0,539,642963.8,137881,4.6632,0
0.6,0.3,0,0,538,642963.8,137881,4.6632,0
0.6,0.3,0,0,537,642963.8,137881,4.6632,0
0.6,0.3,0,0,536,642963.8,137881,4.6632,0
0.6,0.3,0,0,535,642963.8,137881,4.6632,0
0.6,0.3,0,0,534,642963.8,137881,4.6632,0
0.6,0.3,0,0,565,642963.8,137881,4.6632,0
0.6,0.3,0,0,564,642963.8,137881,4.6632,0
0.6,0.3,0,0,566,642963.8,137881,4.6632,0
0.6,0.3,0,0,555,642963.8,137881,4.6632,0
0.6,0.3,0,0,554,642963.8,137881,4.6632,0
0.6,0.3,0,0,553,642963.8,137881,4.6632,0
0.6,0.3,0,0,552,642963.8,137881,4.6632,0
0.6,0.3,0,0,551,642963.8,137881,4.6632,0
0.6,0.3,0,0,550,642963.8,137881,4.6632,0
0.6,0.3,0,0,576,642963.8,137881,4.6632,0
0.6,0.3,0,0,575,642963.8,137881,4.6632,0
0.6,0.4,0,0,71,646206.9,144586,4.4694,0
0.6,0.4,0,0,81,646586.2,144153,4.4854,0
0.6,0.4,0,0,68,646674.5,144523,4.4745,0
0.6,0.4,0,0,80,646761.8,144351,4.4805,0
0.6,0.4,0,0,84,647163.7,144933,4.4653,0
0.6,0.4,0,0,69,647164.9,144725,4.4717,0
0.6,0.4,0,0,83,647248.9,144833,4.4689,0
0.6,0.4,0,0,88,647448.0,144622,4.4768,0
0.6,0.4,0,0,122,647524.7,144681,4.4755,0
0.6,0.4,0,0,89,647559.7,144622,4.4776,0
0.6,0.4,0,0,114,647571.5,144756,4.4735,0
0.6,0.4,0,0,113,647613.3,144756,4.4738,0
0.6,0.4,0,0,112,647621.1,144859,4.4707,0
0.6,0.4,0,0,116,647671.4,144790,4.4732,0
0.6,0.4,0,0,125,647692.6,144803,4.4729,0
0.6,0.4,0,0,70,647704.4,144561,4.4805,0
0.6,0.4,0,0,90,647787.9,145034,4.4665,0
0.6,0.4,0,0,111,647836.3,144859,4.4722,0
0.6,0.4,0,0,117,647989.8,144803,4.475,0
0.6,0.4,0,0,110,648012.0,144672,4.4792,0
0.6,0.4,0,0,133,648027.8,144708,4.4782,0
0.6,0.4,0,0,134,648125.4,144708,4.4788,0
0.6,0.4,0,0,109,648134.5,144695,4.4793,0
0.6,0.4,0,0,108,648154.3,144695,4.4795,0
0.6,0.4,0,0,87,648193.8,144760,4.4777,0
0.6,0.4,0,0,132,648210.4,144819,4.476,0
0.6,0.4,0,0,120,648223.1,144807,4.4765,0
0.6,0.4,0,0,135,648283.5,144708,4.4799,0
0.6,0.4,0,0,101,648295.6,144744,4.4789,0
0.6,0.4,0,0,123,648334.9,144938,4.4732,0
0.6,0.4,0,0,115,648348.8,144817,4.477,0
0.6,0.4,0,0,124,648413.5,144938,4.4737,0
0.6,0.4,0,0,136,648421.9,144561,4.4855,0
0.6,0.4,0,0,128,648455.5,144807,4.4781,0
0.6,0.4,0,0,127,648476.5,144816,4.4779,0
0.6,0.4,0,0,85,648503.4,144910,4.4752,0
0.6,0.4,0,0,106,648580.8,144668,4.4832,0
0.6,0.4,0,0,131,648605.9,144881,4.4768,0
0.6,0.4,0,0,119,648606.2,144807,4.4791,0
0.6,0.4,0,0,126,648618.5,144938,4.4751,0
0.6,0.4,0,0,86,648656.9,144917,4.4761,0
0.6,0.4,0,0,118,648660.9,144933,4.4756,0
0.6,0.4,0,0,139,648755.6,144672,4.4843,0
0.6,0.4,0,0,145,648775.0,144672,4.4845,0
0.6,0.4,0,0,138,648780.6,144672,4.4845,0
0.6,0.4,0,0,140,648820.7,144672,4.4848,0
0.6,0.4,0,0,159,648821.8,144877,4.4784,0
0.6,0.4,0,0,160,648833.9,144877,4.4785,0
0.6,0.4,0,0,137,648836.8,144672,4.4849,0
0.6,0.4,0,0,146,648844.4,144672,4.4849,0
0.6,0.4,0,0,141,648856.2,144672,4.485,0
0.6,0.4,0,0,92,648862.3,145034,4.4739,0
0.6,0.4,0,0,95,648868.9,144656,4.4856,0
0.6,0.4,0,0,144,648875.2,144672,4.4851,0
0.6,0.4,0,0,148,648885.2,144672,4.4852,0
0.6,0.4,0,0,169,648890.0,144672,4.4852,0
0.6,0.4,0,0,154,648890.6,144672,4.4853,0
0.6,0.4,0,0,147,648891.7,144672,4.4853,0
0.6,0.4,0,0,162,648892.0,144877,4.4789,0
0.6,0.4,0,0,170,648893.6,144672,4.4853,0
0.6,0.4,0,0,96,648893.6,145071,4.4729,0
0.6,0.4,0,0,173,648894.3,144672,4.4853,0
0.6,0.4,0,0,211,648895.8,144672,4.4853,0
0.6,0.4,0,0,142,648900.0,144672,4.4853,0
0.6,0.4,0,0,166,648900.5,144672,4.4853,0
0.6,0.4,0,0,171,648909.0,144672,4.4854,0
0.6,0.4,0,0,168,648910.0,144672,4.4854,0
0.6,0.4,0,0,91,648911.4,144908,4.4781,0
0.6,0.4,0,0,164,648912.9,144672,4.4854,0
0.6,0.4,0,0,165,648915.3,144672,4.4854,0
0.6,0.4,0,0,143,648918.1,144672,4.4854,0
0.6,0.4,0,0,167,648919.8,144672,4.4855,0
0.6,0.4,0,0,163,648919.9,144877,4.4791,0
0.6,0.4,0,0,210,648921.2,144672,4.4855,0
0.6,0.4,0,0,576,648923.3,144672,4.4855,0
0.6,0.4,0,0,547,648923.3,144672,4.4855,0
0.6,0.4,0,0,548,648923.3,144672,4.4855,0
0.6,0.4,0,0,93,649020.7,144900,4.4791,0
0.6,0.4,0,0,94,649304.9,144900,4.4811,0
0.6,0.4,0,0,546,648923.3,144672,4.4855,0
0.6,0.4,0,0,515,648923.3,144672,4.4855,0
0.6,0.4,0,0,516,648923.3,144672,4.4855,0
0.6,0.4,0,0,517,648923.3,144672,4.4855,0
0.6,0.4,0,0,450,648923.3,144672,4.4855,0
0.6,0.4,0,0,419,648923.3,144672,4.4855,0
0.6,0.4,0,0,420,648923.3,144672,4.4855,0
0.6,0.4,0,0,421,648923.3,144672,4.4855,0
0.6,0.4,0,0,454,648923.3,144672,4.4855,0
0.6,0.4,0,0,455,648923.3,144672,4.4855,0
0.6,0.4,0,0,456,648923.3,144672,4.4855,0
0.6,0.4,0,0,457,648923.3,144672,4.4855,0
0.6,0.4,0,0,458,648923.3,144672,4.4855,0
0.6,0.4,0,0,491,648923.3,144672,4.4855,0
0.6,0.4,0,0,492,648923.3,144672,4.4855,0
0.6,0.4,0,0,493,648923.3,144672,4.4855,0
0.6,0.4,0,0,494,648923.3,144672,4.4855,0
0.6,0.4,0,0,495,648923.3,144672,4.4855,0
0.6,0.4,0,0,496,648923.3,144672,4.4855,0
0.6,0.4,0,0,497,648923.3,144672,4.4855,0
0.6,0.4,0,0,434,648923.3,144672,4.4855,0
0.6,0.4,0,0,403,648923.3,144672,4.4855,0
0.6,0.4,0,0,404,648923.3,144672,4.4855,0
0.6,0.4,0,0,405,648923.3,144672,4.4855,0
0.6,0.4,0,0,438,648923.3,144672,4.4855,0
0.6,0.4,0,0,439,648923.3,144672,4.4855,0
0.6,0.4,0,0,440,648923.3,144672,4.4855,0
0.6,0.4,0,0,441,648923.3,144672,4.4855,0
0.6,0.4,0,0,442,648923.3,144672,4.4855,0
0.6,0.4,0,0,475,648923.3,144672,4.4855,0
0.6,0.4,0,0,476,648923.3,144672,4.4855,0
0.6,0.4,0,0,477,648923.3,144672,4.4855,0
0.6,0.4,0,0,478,648923.3,144672,4.4855,0
0.6,0.4,0,0,479,648923.3,144672,4.4855,0
0.6,0.4,0,0,480,648923.3,144672,4.4855,0
0.6,0.4,0,0,481,648923.3,144672,4.4855,0
0.6,0.4,0,0,418,648923.3,144672,4.4855,0
0.6,0.4,0,0,387,648923.3,144672,4.4855,0
0.6,0.4,0,0,388,648923.3,144672,4.4855,0
0.6,0.4,0,0,389,648923.3,144672,4.4855,0
0.6,0.4,0,0,422,648923.3,144672,4.4855,0
0.6,0.4,0,0,423,648923.3,144672,4.4855,0
0.6,0.4,0,0,424,648923.3,144672,4.4855,0
0.6,0.4,0,0,425,648923.3,144672,4.4855,0
0.6,0.4,0,0,426,648923.3,144672,4.4855,0
0.6,0.4,0,0,459,648923.3,144672,4.4855,0
0.6,0.4,0,0,460,648923.3,144672,4.4855,0
0.6,0.4,0,0,461,648923.3,144672,4.4855,0
0.6,0.4,0,0,462,648923.3,144672,4.4855,0
0.6,0.4,0,0,463,648923.3,144672,4.4855,0
0.6,0.4,0,0,464,648923.3,144672,4.4855,0
0.6,0.4,0,0,465,648923.3,144672,4.4855,0
0.6,0.4,0,0,402,648923.3,144672,4.4855,0
0.6,0.4,0,0,371,648923.3,144672,4.4855,0
0.6,0.4,0,0,372,648923.3,144672,4.4855,0
0.6,0.4,0,0,373,648923.3,144672,4.4855,0
0.6,0.4,0,0,406,648923.3,144672,4.4855,0
0.6,0.4,0,0,407,648923.3,144672,4.4855,0
0.6,0.4,0,0,408,648923.3,144672,4.4855,0
0.6,0.4,0,0,409,648923.3,144672,4.4855,0
0.6,0.4,0,0,410,648923.3,144672,4.4855,0
0.6,0.4,0,0,443,648923.3,144672,4.4855,0
0.6,0.4,0,0,444,648923.3,144672,4.4855,0
0.6,0.4,0,0,445,648923.3,144672,4.4855,0
0.6,0.4,0,0,446,648923.3,144672,4.4855,0
0.6,0.4,0,0,447,648923.3,144672,4.4855,0
0.6,0.4,0,0,448,648923.3,144672,4.4855,0
0.6,0.4,0,0,449,648923.3,144672,4.4855,0
0.6,0.4,0,0,386,648923.3,144672,4.4855,0
0.6,0.4,0,0,355,648923.3,144672,4.4855,0
0.6,0.4,0,0,356,648923.3,144672,4.4855,0
0.6,0.4,0,0,357,648923.3,144672,4.4855,0
0.6,0.4,0,0,390,648923.3,144672,4.4855,0
0.6,0.4,0,0,391,648923.3,144672,4.4855,0
0.6,0.4,0,0,392,648923.3,144672,4.4855,0
0.6,0.4,0,0,393,648923.3,144672,4.4855,0
0.6,0.4,0,0,394,648923.3,144672,4.4855,0
0.6,0.4,0,0,427,648923.3,144672,4.4855,0
0.6,0.4,0,0,428,648923.3,144672,4.4855,0
0.6,0.4,0,0,429,648923.3,144672,4.4855,0
0.6,0.4,0,0,430,648923.3,144672,4.4855,0
0.6,0.4,0,0,431,648923.3,144672,4.4855,0
0.6,0.4,0,0,432,648923.3,144672,4.4855,0
0.6,0.4,0,0,433,648923.3,144672,4.4855,0
0.6,0.4,0,0,370,648923.3,144672,4.4855,0
0.6,0.4,0,0,339,648923.3,144672,4.4855,0
0.6,0.4,0,0,340,648923.3,144672,4.4855,0
0.6,0.4,0,0,341,648923.3,144672,4.4855,0
0.6,0.4,0,0,374,648923.3,144672,4.4855,0
0.6,0.4,0,0,375,648923.3,144672,4.4855,0
0.6,0.4,0,0,376,648923.3,144672,4.4855,0
0.6,0.4,0,0,377,648923.3,144672,4.4855,0
0.6,0.4,0,0,378,648923.3,144672,4.4855,0
0.6,0.4,0,0,411,648923.3,144672,4.4855,0
0.6,0.4,0,0,412,648923.3,144672,4.4855,0
0.6,0.4,0,0,413,648923.3,144672,4.4855,0
0.6,0.4,0,0,414,648923.3,144672,4.4855,0
0.6,0.4,0,0,415,648923.3,144672,4.4855,0
0.6,0.4,0,0,416,648923.3,144672,4.4855,0
0.6,0.4,0,0,417,648923.3,144672,4.4855,0
0.6,0.4,0,0,354,648923.3,144672,4.4855,0
0.6,0.4,0,0,323,648923.3,144672,4.4855,0
0.6,0.4,0,0,324,648923.3,144672,4.4855,0
0.6,0.4,0,0,325,648923.3,144672,4.4855,0
0.6,0.4,0,0,358,648923.3,144672,4.4855,0
0.6,0.4,0,0,359,648923.3,144672,4.4855,0
0.6,0.4,0,0,360,648923.3,144672,4.4855,0
0.6,0.4,0,0,361,648923.3,144672,4.4855,0
0.6,0.4,0,0,362,648923.3,144672,4.4855,0
0.6,0.4,0,0,395,648923.3,144672,4.4855,0
0.6,0.4,0,0,396,648923.3,144672,4.4855,0
0.6,0.4,0,0,397,648923.3,144672,4.4855,0
0.6,0.4,0,0,398,648923.3,144672,4.4855,0
0.6,0.4,0,0,399,648923.3,144672,4.4855,0
0.6,0.4,0,0,400,648923.3,144672,4.4855,0
0.6,0.4,0,0,401,648923.3,144672,4.4855,0
0.6,0.4,0,0,338,648923.3,144672,4.4855,0
0.6,0.4,0,0,307,648923.3,144672,4.4855,0
0.6,0.4,0,0,308,648923.3,144672,4.4855,0
0.6,0.4,0,0,309,648923.3,144672,4.4855,0
0.6,0.4,0,0,342,648923.3,144672,4.4855,0
0.6,0.4,0,0,343,648923.3,144672,4.4855,0
0.6,0.4,0,0,344,648923.3,144672,4.4855,0
0.6,0.4,0,0,345,648923.3,144672,4.4855,0
0.6,0.4,0,0,346,648923.3,144672,4.4855,0
0.6,0.4,0,0,379,648923.3,144672,4.4855,0
0.6,0.4,0,0,380,648923.3,144672,4.4855,0
0.6,0.4,0,0,381,648923.3,144672,4.4855,0
0.6,0.4,0,0,382,648923.3,144672,4.4855,0
0.6,0.4,0,0,383,648923.3,144672,4.4855,0
0.6,0.4,0,0,384,648923.3,144672,4.4855,0
0.6,0.4,0,0,385,648923.3,144672,4.4855,0
0.6,0.4,0,0,322,648923.3,144672,4.4855,0
0.6,0.4,0,0,291,648923.3,144672,4.4855,0
0.6,0.4,0,0,292,648923.3,144672,4.4855,0
0.6,0.4,0,0,293,648923.3,144672,4.4855,0
0.6,0.4,0,0,326,648923.3,144672,4.4855,0
0.6,0.4,0,0,327,648923.3,144672,4.4855,0
0.6,0.4,0,0,328,648923.3,144672,4.4855,0
0.6,0.4,0,0,329,648923.3,144672,4.4855,0
0.6,0.4,0,0,330,648923.3,144672,4.4855,0
0.6,0.4,0,0,363,648923.3,144672,4.4855,0
0.6,0.4,0,0,364,648923.3,144672,4.4855,0
0.6,0.4,0,0,365,648923.3,144672,4.4855,0
0.6,0.4,0,0,366,648923.3,144672,4.4855,0
0.6,0.4,0,0,367,648923.3,144672,4.4855,0
0.6,0.4,0,0,368,648923.3,144672,4.4855,0
0.6,0.4,0,0,369,648923.3,144672,4.4855,0
0.6,0.4,0,0,306,648923.3,144672,4.4855,0
0.6,0.4,0,0,275,648923.3,144672,4.4855,0
0.6,0.4,0,0,276,648923.3,144672,4.4855,0
0.6,0.4,0,0,277,648923.3,144672,4.4855,0
0.6,0.4,0,0,310,648923.3,144672,4.4855,0
0.6,0.4,0,0,311,648923.3,144672,4.4855,0
0.6,0.4,0,0,312,648923.3,144672,4.4855,0
0.6,0.4,0,0,313,648923.3,144672,4.4855,0
0.6,0.4,0,0,314,648923.3,144672,4.4855,0
0.6,0.4,0,0,347,648923.3,144672,4.4855,0
0.6,0.4,0,0,348,648923.3,144672,4.4855,0
0.6,0.4,0,0,349,648923.3,144672,4.4855,0
0.6,0.4,0,0,350,648923.3,144672,4.4855,0
0.6,0.4,0,0,351,648923.3,144672,4.4855,0
0.6,0.4,0,0,352,648923.3,144672,4.4855,0
0.6,0.4,0,0,353,648923.3,144672,4.4855,0
0.6,0.4,0,0,290,648923.3,144672,4.4855,0
0.6,0.4,0,0,259,648923.3,144672,4.4855,0
0.6,0.4,0,0,260,648923.3,144672,4.4855,0
0.6,0.4,0,0,261,648923.3,144672,4.4855,0
0.6,0.4,0,0,294,648923.3,144672,4.4855,0
0.6,0.4,0,0,295,648923.3,144672,4.4855,0
0.6,0.4,0,0,296,648923.3,144672,4.4855,0
0.6,0.4,0,0,297,648923.3,144672,4.4855,0
0.6,0.4,0,0,298,648923.3,144672,4.4855,0
0.6,0.4,0,0,331,648923.3,144672,4.4855,0
0.6,0.4,0,0,332,648923.3,144672,4.4855,0
0.6,0.4,0,0,333,648923.3,144672,4.4855,0
0.6,0.4,0,0,334,648923.3,144672,4.4855,0
0.6,0.4,0,0,335,648923.3,144672,4.4855,0
0.6,0.4,0,0,336,648923.3,144672,4.4855,0
0.6,0.4,0,0,337,648923.3,144672,4.4855,0
0.6,0.4,0,0,274,648923.3,144672,4.4855,0
0.6,0.4,0,0,243,648968.0,144672,4.4858,0
0.6,0.4,0,0,244,648965.3,144672,4.4858,0
0.6,0.4,0,0,245,648974.2,144672,4.4858,0
0.6,0.4,0,0,278,648923.3,144672,4.4855,0
0.6,0.4,0,0,279,648923.3,144672,4.4855,0
0.6,0.4,0,0,280,648923.3,144672,4.4855,0
0.6,0.4,0,0,281,648923.3,144672,4.4855,0
0.6,0.4,0,0,282,648923.3,144672,4.4855,0
0.6,0.4,0,0,315,648923.3,144672,4.4855,0
0.6,0.4,0,0,316,648923.3,144672,4.4855,0
0.6,0.4,0,0,317,648923.3,144672,4.4855,0
0.6,0.4,0,0,318,648923.3,144672,4.4855,0
0.6,0.4,0,0,319,648923.3,144672,4.4855,0
0.6,0.4,0,0,320,648923.3,144672,4.4855,0
0.6,0.4,0,0,321,648923.3,144672,4.4855,0
0.6,0.4,0,0,258,648923.3,144672,4.4855,0
0.6,0.4,0,0,227,649000.9,144672,4.486,0
0.6,0.4,0,0,228,648994.7,144672,4.486,0
0.6,0.4,0,0,229,649008.3,144672,4.4861,0
0.6,0.4,0,0,262,648923.3,144672,4.4855,0
0.6,0.4,0,0,263,648923.3,144672,4.4855,0
0.6,0.4,0,0,264,648923.3,144672,4.4855,0
0.6,0.4,0,0,265,648923.3,144672,4.4855,0
0.6,0.4,0,0,266,648923.3,144672,4.4855,0
0.6,0.4,0,0,299,648923.3,144672,4.4855,0
0.6,0.4,0,0,300,648923.3,144672,4.4855,0
0.6,0.4,0,0,301,648923.3,144672,4.4855,0
0.6,0.4,0,0,302,648923.3,144672,4.4855,0
0.6,0.4,0,0,303,648923.3,144672,4.4855,0
0.6,0.4,0,0,304,648923.3,144672,4.4855,0
0.6,0.4,0,0,305,648923.3,144672,4.4855,0
0.6,0.4,0,0,242,648974.8,144672,4.4858,0
0.6,0.4,0,0,212,648923.8,144672,4.4855,0
0.6,0.4,0,0,213,648957.3,144672,4.4857,0
0.6,0.4,0,0,246,648954.7,144672,4.4857,0
0.6,0.4,0,0,247,648954.6,144672,4.4857,0
0.6,0.4,0,0,248,648952.4,144672,4.4857,0
0.6,0.4,0,0,249,648948.4,144672,4.4857,0
0.6,0.4,0,0,250,648944.8,144672,4.4856,0
0.6,0.4,0,0,283,648923.3,144672,4.4855,0
0.6,0.4,0,0,284,648923.3,144672,4.4855,0
0.6,0.4,0,0,285,648923.3,144672,4.4855,0
0.6,0.4,0,0,286,648923.3,144672,4.4855,0
0.6,0.4,0,0,287,648923.3,144672,4.4855,0
0.6,0.4,0,0,288,648923.3,144672,4.4855,0
0.6,0.4,0,0,289,648923.3,144672,4.4855,0
0.6,0.4,0,0,226,649002.5,144672,4.486,0
0.6,0.4,0,0,195,649023.8,144672,4.4862,0
0.6,0.4,0,0,196,649022.0,144672,4.4862,0
0.6,0.4,0,0,197,648983.4,144877,4.4795,0
0.6,0.4,0,0,230,649034.9,144672,4.4863,0
0.6,0.4,0,0,231,649028.1,144672,4.4862,0
0.6,0.4,0,0,232,649010.7,144672,4.4861,0
0.6,0.4,0,0,233,649011.2,144672,4.4861,0
0.6,0.4,0,0,234,648977.2,144672,4.4859,0
0.6,0.4,0,0,267,648923.3,144672,4.4855,0
0.6,0.4,0,0,268,648923.3,144672,4.4855,0
0.6,0.4,0,0,269,648923.3,144672,4.4855,0
0.6,0.4,0,0,270,648923.3,144672,4.4855,0
0.6,0.4,0,0,271,648923.3,144672,4.4855,0
0.6,0.4,0,0,272,648923.3,144672,4.4855,0
0.6,0.4,0,0,273,648923.3,144672,4.4855,0
0.6,0.4,0,0,179,649090.1,144672,4.4866,0
0.6,0.4,0,0,180,649049.9,144877,4.48,0
0.6,0.4,0,0,181,649087.5,144877,4.4803,0
0.6,0.4,0,0,214,648958.4,144672,4.4857,0
0.6,0.4,0,0,215,648968.7,144672,4.4858,0
0.6,0.4,0,0,216,648972.4,144672,4.4858,0
0.6,0.4,0,0,217,648961.4,144672,4.4857,0
0.6,0.4,0,0,218,648974.5,144672,4.4858,0
0.6,0.4,0,0,251,648937.3,144672,4.4856,0
0.6,0.4,0,0,252,648936.5,144672,4.4856,0
0.6,0.4,0,0,253,648933.9,144672,4.4856,0
0.6,0.4,0,0,254,648926.7,144672,4.4855,0
0.6,0.4,0,0,255,648923.3,144672,4.4855,0
0.6,0.4,0,0,256,648923.3,144672,4.4855,0
0.6,0.4,0,0,257,648923.3,144672,4.4855,0
0.6,0.4,0,0,194,649056.0,144672,4.4864,0
0.6,0.4,0,0,198,648977.3,144672,4.4859,0
0.6,0.4,0,0,199,649020.4,144672,4.4862,0
0.6,0.4,0,0,200,649034.1,144672,4.4862,0
0.6,0.4,0,0,201,649026.4,144672,4.4862,0
0.6,0.4,0,0,202,649013.3,144672,4.4861,0
0.6,0.4,0,0,235,648969.4,144672,4.4858,0
0.6,0.4,0,0,236,648966.5,144672,4.4858,0
0.6,0.4,0,0,237,648968.2,144672,4.4858,0
0.6,0.4,0,0,238,648966.8,144672,4.4858,0
0.6,0.4,0,0,239,648947.6,144672,4.4856,0
0.6,0.4,0,0,240,648966.9,144672,4.4858,0
0.6,0.4,0,0,241,648981.6,144672,4.4859,0
0.6,0.4,0,0,178,649131.7,144672,4.4869,0
0.6,0.4,0,0,149,648956.7,144672,4.4857,0
0.6,0.4,0,0,182,649085.9,144877,4.4803,0
0.6,0.4,0,0,183,649090.5,144672,4.4866,0
0.6,0.4,0,0,184,648993.1,144672,4.486,0
0.6,0.4,0,0,185,649000.2,144672,4.486,0
0.6,0.4,0,0,186,649003.8,144672,4.486,0
0.6,0.4,0,0,219,648999.3,144672,4.486,0
0.6,0.4,0,0,220,649044.0,144672,4.4863,0
0.6,0.4,0,0,221,649033.9,144672,4.4862,0
0.6,0.4,0,0,222,649027.4,144672,4.4862,0
0.6,0.4,0,0,223,649007.5,144672,4.4861,0
0.6,0.4,0,0,224,649001.0,144672,4.486,0
0.6,0.4,0,0,225,648989.9,144672,4.4859,0
0.6,0.4,0,0,466,648923.3,144672,4.4855,0
0.6,0.4,0,0,435,648923.3,144672,4.4855,0
0.6,0.4,0,0,436,648923.3,144672,4.4855,0
0.6,0.4,0,0,437,648923.3,144672,4.4855,0
0.6,0.4,0,0,470,648923.3,144672,4.4855,0
0.6,0.4,0,0,471,648923.3,144672,4.4855,0
0.6,0.4,0,0,472,648923.3,144672,4.4855,0
0.6,0.4,0,0,473,648923.3,144672,4.4855,0
0.6,0.4,0,0,474,648923.3,144672,4.4855,0
0.6,0.4,0,0,507,648923.3,144672,4.4855,0
0.6,0.4,0,0,508,648923.3,144672,4.4855,0
0.6,0.4,0,0,509,648923.3,144672,4.4855,0
0.6,0.4,0,0,510,648923.3,144672,4.4855,0
0.6,0.4,0,0,511,648923.3,144672,4.4855,0
0.6,0.4,0,0,512,648923.3,144672,4.4855,0
0.6,0.4,0,0,513,648923.3,144672,4.4855,0
0.6,0.4,0,0,203,648990.1,144672,4.4859,0
0.6,0.4,0,0,204,648964.2,144672,4.4858,0
0.6,0.4,0,0,205,648939.6,144672,4.4856,0
0.6,0.4,0,0,206,648971.5,144672,4.4858,0
0.6,0.4,0,0,207,648944.1,144672,4.4856,0
0.6,0.4,0,0,208,648938.6,144672,4.4856,0
0.6,0.4,0,0,209,648938.4,144672,4.4856,0
0.6,0.4,0,0,150,648944.4,144672,4.4856,0
0.6,0.4,0,0,151,649017.1,144672,4.4861,0
0.6,0.4,0,0,152,649003.2,144672,4.486,0
0.6,0.4,0,0,153,648979.4,144672,4.4859,0
0.6,0.4,0,0,187,648981.8,144672,4.4859,0
0.6,0.4,0,0,188,648997.2,144672,4.486,0
0.6,0.4,0,0,189,649037.3,144672,4.4863,0
0.6,0.4,0,0,190,649010.2,144877,4.4797,0
0.6,0.4,0,0,191,648983.6,144877,4.4795,0
0.6,0.4,0,0,192,649019.2,144877,4.4798,0
0.6,0.4,0,0,193,648990.2,144672,4.4859,0
0.6,0.4,0,0,130,648940.7,145114,4.4719,0
0.6,0.4,0,0,99,649592.8,145067,4.4779,0
0.6,0.4,0,0,100,649964.4,145129,4.4785,0
0.6,0.4,0,0,172,648926.2,144672,4.4855,0
0.6,0.4,0,0,174,648926.8,144672,4.4855,0
0.6,0.4,0,0,175,648942.1,144672,4.4856,0
0.6,0.4,0,0,176,649108.5,144672,4.4868,0
0.6,0.4,0,0,177,649086.8,144672,4.4866,0
0.6,0.4,0,0,482,648923.3,144672,4.4855,0
0.6,0.4,0,0,451,648923.3,144672,4.4855,0
0.6,0.4,0,0,452,648923.3,144672,4.4855,0
0.6,0.4,0,0,453,648923.3,144672,4.4855,0
0.6,0.4,0,0,486,648923.3,144672,4.4855,0
0.6,0.4,0,0,487,648923.3,144672,4.4855,0
0.6,0.4,0,0,488,648923.3,144672,4.4855,0
0.6,0.4,0,0,489,648923.3,144672,4.4855,0
0.6,0.4,0,0,490,648923.3,144672,4.4855,0
0.6,0.4,0,0,523,648923.3,144672,4.4855,0
0.6,0.4,0,0,524,648923.3,144672,4.4855,0
0.6,0.4,0,0,525,648923.3,144672,4.4855,0
0.6,0.4,0,0,526,648923.3,144672,4.4855,0
0.6,0.4,0,0,527,648923.3,144672,4.4855,0
0.6,0.4,0,0,528,648923.3,144672,4.4855,0
0.6,0.4,0,0,529,648923.3,144672,4.4855,0
0.6,0.4,0,0,121,649137.4,144942,4.4786,0
0.6,0.4,0,0,155,649016.4,144805,4.482,0
0.6,0.4,0,0,156,648976.3,144805,4.4817,0
0.6,0.4,0,0,157,649002.5,144805,4.4819,0
0.6,0.4,0,0,158,648944.9,145010,4.4752,0
0.6,0.4,0,0,161,648941.4,144877,4.4793,0
0.6,0.4,0,0,498,648923.3,144672,4.4855,0
0.6,0.4,0,0,467,648923.3,144672,4.4855,0
0.6,0.4,0,0,468,648923.3,144672,4.4855,0
0.6,0.4,0,0,469,648923.3,144672,4.4855,0
0.6,0.4,0,0,502,648923.3,144672,4.4855,0
0.6,0.4,0,0,503,648923.3,144672,4.4855,0
0.6,0.4,0,0,504,648923.3,144672,4.4855,0
0.6,0.4,0,0,505,648923.3,144672,4.4855,0
0.6,0.4,0,0,506,648923.3,144672,4.4855,0
0.6,0.4,0,0,539,648923.3,144672,4.4855,0
0.6,0.4,0,0,540,648923.3,144672,4.4855,0
0.6,0.4,0,0,541,648923.3,144672,4.4855,0
0.6,0.4,0,0,542,648923.3,144672,4.4855,0
0.6,0.4,0,0,543,648923.3,144672,4.4855,0
0.6,0.4,0,0,544,648923.3,144672,4.4855,0
0.6,0.4,0,0,545,648923.3,144672,4.4855,0
0.6,0.4,0,0,98,649452.5,145193,4.473,0
0.6,0.4,0,0,102,650535.3,145268,4.4782,0
0.6,0.4,0,0,103,650062.6,145031,4.4822,0
0.6,0.4,0,0,104,648949.1,144960,4.4767,0
0.6,0.4,0,0,105,649026.9,145086,4.4734,0
0.6,0.4,0,0,514,648923.3,144672,4.4855,0
0.6,0.4,0,0,483,648923.3,144672,4.4855,0
0.6,0.4,0,0,484,648923.3,144672,4.4855,0
0.6,0.4,0,0,485,648923.3,144672,4.4855,0
0.6,0.4,0,0,518,648923.3,144672,4.4855,0
0.6,0.4,0,0,519,648923.3,144672,4.4855,0
0.6,0.4,0,0,520,648923.3,144672,4.4855,0
0.6,0.4,0,0,521,648923.3,144672,4.4855,0
0.6,0.4,0,0,522,648923.3,144672,4.4855,0
0.6,0.4,0,0,555,648923.3,144672,4.4855,0
0.6,0.4,0,0,556,648923.3,144672,4.4855,0
0.6,0.4,0,0,557,648923.3,144672,4.4855,0
0.6,0.4,0,0,558,648923.3,144672,4.4855,0
0.6,0.4,0,0,559,648923.3,144672,4.4855,0
0.6,0.4,0,0,560,648923.3,144672,4.4855,0
0.6,0.4,0,0,561,648923.3,144672,4.4855,0
0.6,0.4,0,0,129,649605.8,145053,4.4784,0
0.6,0.4,0,0,562,648923.3,144672,4.4855,0
0.6,0.4,0,0,531,648923.3,144672,4.4855,0
0.6,0.4,0,0,532,648923.3,144672,4.4855,0
0.6,0.4,0,0,533,648923.3,144672,4.4855,0
0.6,0.4,0,0,107,649042.0,144838,4.4812,0
0.6,0.4,0,0,97,649205.5,144931,4.4794,0
0.6,0.4,0,0,549,648923.3,144672,4.4855,0
0.6,0.4,0,0,550,648923.3,144672,4.4855,0
0.6,0.4,0,0,551,648923.3,144672,4.4855,0
0.6,0.4,0,0,552,648923.3,144672,4.4855,0
0.6,0.4,0,0,553,648923.3,144672,4.4855,0
0.6,0.4,0,0,554,648923.3,144672,4.4855,0
0.6,0.4,0,0,563,648923.3,144672,4.4855,0
0.6,0.4,0,0,564,648923.3,144672,4.4855,0
0.6,0.4,0,0,565,648923.3,144672,4.4855,0
0.6,0.4,0,0,566,648923.3,144672,4.4855,0
0.6,0.4,0,0,567,648923.3,144672,4.4855,0
0.6,0.4,0,0,568,648923.3,144672,4.4855,0
0.6,0.4,0,0,530,648923.3,144672,4.4855,0
0.6,0.4,0,0,499,648923.3,144672,4.4855,0
0.6,0.4,0,0,500,648923.3,144672,4.4855,0
0.6,0.4,0,0,501,648923.3,144672,4.4855,0
0.6,0.4,0,0,534,648923.3,144672,4.4855,0
0.6,0.4,0,0,535,648923.3,144672,4.4855,0
0.6,0.4,0,0,536,648923.3,144672,4.4855,0
0.6,0.4,0,0,537,648923.3,144672,4.4855,0
0.6,0.4,0,0,538,648923.3,144672,4.4855,0
0.6,0.4,0,0,569,648923.3,144672,4.4855,0
0.6,0.4,0,0,570,648923.3,144672,4.4855,0
0.6,0.4,0,0,571,648923.3,144672,4.4855,0
0.6,0.4,0,0,572,648923.3,144672,4.4855,0
0.6,0.4,0,0,573,648923.3,144672,4.4855,0
0.6,0.4,0,0,574,648923.3,144672,4.4855,0
0.6,0.4,0,0,575,648923.3,144672,4.4855,0
0.6,0.5,0,0,77,746441.5,193901,3.8496,0
0.6,0.5,0,0,78,746766.3,193917,3.851,0
0.6,0.5,0,0,79,747144.3,194098,3.8493,0
0.6,0.5,0,0,80,747436.0,194088,3.851,0
0.6,0.5,0,0,82,747489.4,193901,3.855,0
0.6,0.5,0,0,81,747561.7,194092,3.8516,0
0.6,0.5,0,0,83,748068.8,193930,3.8574,0
0.6,0.5,0,0,84,748517.6,194131,3.8557,0
0.6,0.5,0,0,85,749170.6,193934,3.863,0
0.6,0.5,0,0,87,749197.9,193934,3.8632,0
0.6,0.5,0,0,88,749209.2,193924,3.8634,0
0.6,0.5,0,0,86,749394.1,193924,3.8644,0
0.6,0.5,0,0,89,749570.9,194109,3.8616,0
0.6,0.5,0,0,90,749796.0,193934,3.8662,0
0.6,0.5,0,0,91,750248.3,193743,3.8724,0
0.6,0.5,0,0,92,750498.0,193924,3.8701,0
0.6,0.5,0,0,93,750668.7,193672,3.876,0
0.6,0.5,0,0,96,751152.8,193828,3.8754,0
0.6,0.5,0,0,94,751249.7,194013,3.8722,0
0.6,0.5,0,0,95,751276.3,193828,3.876,0
0.6,0.5,0,0,99,751419.0,193857,3.8762,0
0.6,0.5,0,0,97,751497.3,194013,3.8734,0
0.6,0.5,0,0,106,751510.0,193857,3.8766,0
0.6,0.5,0,0,105,751589.5,193857,3.877,0
0.6,0.5,0,0,103,751591.8,193857,3.877,0
0.6,0.5,0,0,98,751595.1,193828,3.8776,0
0.6,0.5,0,0,107,751599.2,193857,3.8771,0
0.6,0.5,0,0,100,751618.5,193857,3.8772,0
0.6,0.5,0,0,102,751622.8,193857,3.8772,0
0.6,0.5,0,0,104,751678.3,193857,3.8775,0
0.6,0.5,0,0,108,751686.2,193857,3.8775,0
0.6,0.5,0,0,101,751725.1,193857,3.8777,0
0.6,0.5,0,0,109,751738.6,193857,3.8778,0
0.6,0.5,0,0,111,751801.4,193857,3.8781,0
0.6,0.5,0,0,112,751802.4,193857,3.8781,0
0.6,0.5,0,0,110,751829.3,193857,3.8783,0
0.6,0.5,0,0,113,751941.9,193857,3.8788,0
0.6,0.5,0,0,114,752032.9,193857,3.8793,0
0.6,0.5,0,0,115,752087.2,193857,3.8796,0
0.6,0.5,0,0,116,752143.6,193857,3.8799,0
0.6,0.5,0,0,117,752292.3,193857,3.8807,0
0.6,0.5,0,0,123,752449.7,194011,3.8784,0
0.6,0.5,0,0,122,752483.8,194011,3.8786,0
0.6,0.5,0,0,124,752493.8,194011,3.8786,0
0.6,0.5,0,0,134,752513.5,194011,3.8787,0
0.6,0.5,0,0,127,752517.6,194011,3.8787,0
0.6,0.5,0,0,126,752542.7,194011,3.8789,0
0.6,0.5,0,0,121,752544.0,194011,3.8789,0
0.6,0.5,0,0,119,752605.0,194011,3.8792,0
0.6,0.5,0,0,118,752611.8,194011,3.8792,0
0.6,0.5,0,0,125,752629.4,194011,3.8793,0
0.6,0.5,0,0,120,753410.0,194224,3.8791,0
0.6,0.5,0,0,136,753580.9,194223,3.88,0
0.6,0.5,0,0,135,753596.9,194223,3.8801,0
0.6,0.5,0,0,130,753597.1,194223,3.8801,0
0.6,0.5,0,0,137,753600.0,194223,3.8801,0
0.6,0.5,0,0,131,753602.7,194223,3.8801,0
0.6,0.5,0,0,145,753605.9,194223,3.8801,0
0.6,0.5,0,0,129,753608.3,194223,3.8801,0
0.6,0.5,0,0,144,753611.4,194223,3.8801,0
0.6,0.5,0,0,140,753614.4,194223,3.8802,0
0.6,0.5,0,0,139,753616.1,194223,3.8802,0
0.6,0.5,0,0,138,753622.1,194223,3.8802,0
0.6,0.5,0,0,133,753626.1,194223,3.8802,0
0.6,0.5,0,0,147,753628.1,194223,3.8802,0
0.6,0.5,0,0,142,753632.1,194223,3.8802,0
0.6,0.5,0,0,143,753632.3,194223,3.8802,0
0.6,0.5,0,0,153,753633.1,194223,3.8802,0
0.6,0.5,0,0,132,753635.9,194223,3.8803,0
0.6,0.5,0,0,141,753640.2,194223,3.8803,0
0.6,0.5,0,0,155,753643.3,194223,3.8803,0
0.6,0.5,0,0,154,753645.6,194223,3.8803,0
0.6,0.5,0,0,157,753646.1,194223,3.8803,0
0.6,0.5,0,0,148,753646.7,194223,3.8803,0
0.6,0.5,0,0,164,753651.7,194223,3.8803,0
0.6,0.5,0,0,149,753653.7,194223,3.8804,0
0.6,0.5,0,0,151,753655.8,194223,3.8804,0
0.6,0.5,0,0,146,753661.1,194223,3.8804,0
0.6,0.5,0,0,165,753666.6,194223,3.8804,0
0.6,0.5,0,0,163,753666.6,194223,3.8804,0
0.6,0.5,0,0,158,753670.9,194223,3.8804,0
0.6,0.5,0,0,166,753676.1,194223,3.8805,0
0.6,0.5,0,0,159,753677.6,194223,3.8805,0
0.6,0.5,0,0,152,753678.9,194223,3.8805,0
0.6,0.5,0,0,128,753679.1,194223,3.8805,0
0.6,0.5,0,0,150,753683.7,194223,3.8805,0
0.6,0.5,0,0,168,753689.7,194223,3.8805,0
0.6,0.5,0,0,171,753694.7,194223,3.8806,0
0.6,0.5,0,0,160,753699.1,194223,3.8806,0
0.6,0.5,0,0,169,753700.9,194223,3.8806,0
0.6,0.5,0,0,170,753715.9,194223,3.8807,0
0.6,0.5,0,0,175,753717.7,194223,3.8807,0
0.6,0.5,0,0,176,753728.8,194223,3.8807,0
0.6,0.5,0,0,184,753747.1,194223,3.8808,0
0.6,0.5,0,0,186,753753.2,194223,3.8809,0
0.6,0.5,0,0,185,753755.8,194223,3.8809,0
0.6,0.5,0,0,187,753762.7,194223,3.8809,0
0.6,0.5,0,0,189,753769.2,194223,3.8809,0
0.6,0.5,0,0,188,753773.1,194223,3.881,0
0.6,0.5,0,0,190,753777.3,194223,3.881,0
0.6,0.5,0,0,191,753778.6,194223,3.881,0
0.6,0.5,0,0,193,753792.9,194223,3.8811,0
0.6,0.5,0,0,192,753799.4,194223,3.8811,0
0.6,0.5,0,0,194,753800.3,194223,3.8811,0
0.6,0.5,0,0,198,753803.4,194223,3.8811,0
0.6,0.5,0,0,197,753809.7,194223,3.8812,0
0.6,0.5,0,0,195,753824.2,194223,3.8812,0
0.6,0.5,0,0,199,753824.2,194223,3.8812,0
0.6,0.5,0,0,196,753830.7,194223,3.8813,0
0.6,0.5,0,0,206,753832.5,194223,3.8813,0
0.6,0.5,0,0,200,753837.0,194223,3.8813,0
0.6,0.5,0,0,208,753837.2,194223,3.8813,0
0.6,0.5,0,0,207,753838.4,194223,3.8813,0
0.6,0.5,0,0,205,753839.4,194223,3.8813,0
0.6,0.5,0,0,201,753843.1,194223,3.8813,0
0.6,0.5,0,0,204,753844.3,194223,3.8813,0
0.6,0.5,0,0,202,753850.2,194223,3.8814,0
0.6,0.5,0,0,203,753853.3,194223,3.8814,0
0.6,0.5,0,0,426,753857.4,194223,3.8814,0
0.6,0.5,0,0,395,753857.4,194223,3.8814,0
0.6,0.5,0,0,396,753857.4,194223,3.8814,0
0.6,0.5,0,0,429,753857.4,194223,3.8814,0
0.6,0.5,0,0,430,753857.4,194223,3.8814,0
0.6,0.5,0,0,431,753857.4,194223,3.8814,0
0.6,0.5,0,0,432,753857.4,194223,3.8814,0
0.6,0.5,0,0,433,753857.4,194223,3.8814,0
0.6,0.5,0,0,434,753857.4,194223,3.8814,0
0.6,0.5,0,0,435,753857.4,194223,3.8814,0
0.6,0.5,0,0,436,753857.4,194223,3.8814,0
0.6,0.5,0,0,437,753857.4,194223,3.8814,0
0.6,0.5,0,0,438,753857.4,194223,3.8814,0
0.6,0.5,0,0,439,753857.4,194223,3.8814,0
0.6,0.5,0,0,440,753857.4,194223,3.8814,0
0.6,0.5,0,0,441,753857.4,194223,3.8814,0
0.6,0.5,0,0,410,753857.4,194223,3.8814,0
0.6,0.5,0,0,379,753857.4,194223,3.8814,0
0.6,0.5,0,0,380,753857.4,194223,3.8814,0
0.6,0.5,0,0,413,753857.4,194223,3.8814,0
0.6,0.5,0,0,414,753857.4,194223,3.8814,0
0.6,0.5,0,0,415,753857.4,194223,3.8814,0
0.6,0.5,0,0,416,753857.4,194223,3.8814,0
0.6,0.5,0,0,417,753857.4,194223,3.8814,0
0.6,0.5,0,0,418,753857.4,194223,3.8814,0
0.6,0.5,0,0,419,753857.4,194223,3.8814,0
0.6,0.5,0,0,420,753857.4,194223,3.8814,0
0.6,0.5,0,0,421,753857.4,194223,3.8814,0
0.6,0.5,0,0,422,753857.4,194223,3.8814,0
0.6,0.5,0,0,423,753857.4,194223,3.8814,0
0.6,0.5,0,0,424,753857.4,194223,3.8814,0
0.6,0.5,0,0,425,753857.4,194223,3.8814,0
0.6,0.5,0,0,394,753857.4,194223,3.8814,0
0.6,0.5,0,0,363,753857.4,194223,3.8814,0
0.6,0.5,0,0,364,753857.4,194223,3.8814,0
0.6,0.5,0,0,397,753857.4,194223,3.8814,0
0.6,0.5,0,0,398,753857.4,194223,3.8814,0
0.6,0.5,0,0,399,753857.4,194223,3.8814,0
0.6,0.5,0,0,400,753857.4,194223,3.8814,0
0.6,0.5,0,0,401,753857.4,194223,3.8814,0
0.6,0.5,0,0,402,753857.4,194223,3.8814,0
0.6,0.5,0,0,403,753857.4,194223,3.8814,0
0.6,0.5,0,0,404,753857.4,194223,3.8814,0
0.6,0.5,0,0,405,753857.4,194223,3.8814,0
0.6,0.5,0,0,406,753857.4,194223,3.8814,0
0.6,0.5,0,0,407,753857.4,194223,3.8814,0
0.6,0.5,0,0,408,753857.4,194223,3.8814,0
0.6,0.5,0,0,409,753857.4,194223,3.8814,0
0.6,0.5,0,0,378,753857.4,194223,3.8814,0
0.6,0.5,0,0,347,753857.4,194223,3.8814,0
0.6,0.5,0,0,348,753857.4,194223,3.8814,0
0.6,0.5,0,0,381,753857.4,194223,3.8814,0
0.6,0.5,0,0,382,753857.4,194223,3.8814,0
0.6,0.5,0,0,383,753857.4,194223,3.8814,0
0.6,0.5,0,0,384,753857.4,194223,3.8814,0
0.6,0.5,0,0,385,753857.4,194223,3.8814,0
0.6,0.5,0,0,386,753857.4,194223,3.8814,0
0.6,0.5,0,0,387,753857.4,194223,3.8814,0
0.6,0.5,0,0,388,753857.4,194223,3.8814,0
0.6,0.5,0,0,389,753857.4,194223,3.8814,0
0.6,0.5,0,0,390,753857.4,194223,3.8814,0
0.6,0.5,0,0,391,753857.4,194223,3.8814,0
0.6,0.5,0,0,392,753857.4,194223,3.8814,0
0.6,0.5,0,0,393,753857.4,194223,3.8814,0
0.6,0.5,0,0,362,753857.4,194223,3.8814,0
0.6,0.5,0,0,331,753857.4,194223,3.8814,0
0.6,0.5,0,0,332,753857.4,194223,3.8814,0
0.6,0.5,0,0,365,753857.4,194223,3.8814,0
0.6,0.5,0,0,366,753857.4,194223,3.8814,0
0.6,0.5,0,0,367,753857.4,194223,3.8814,0
0.6,0.5,0,0,368,753857.4,194223,3.8814,0
0.6,0.5,0,0,369,753857.4,194223,3.8814,0
0.6,0.5,0,0,370,753857.4,194223,3.8814,0
0.6,0.5,0,0,371,753857.4,194223,3.8814,0
0.6,0.5,0,0,372,753857.4,194223,3.8814,0
0.6,0.5,0,0,373,753857.4,194223,3.8814,0
0.6,0.5,0,0,374,753857.4,194223,3.8814,0
0.6,0.5,0,0,375,753857.4,194223,3.8814,0
0.6,0.5,0,0,376,753857.4,194223,3.8814,0
0.6,0.5,0,0,377,753857.4,194223,3.8814,0
0.6,0.5,0,0,346,753857.4,194223,3.8814,0
0.6,0.5,0,0,315,753857.4,194223,3.8814,0
0.6,0.5,0,0,316,753857.4,194223,3.8814,0
0.6,0.5,0,0,349,753857.4,194223,3.8814,0
0.6,0.5,0,0,350,753857.4,194223,3.8814,0
0.6,0.5,0,0,351,753857.4,194223,3.8814,0
0.6,0.5,0,0,352,753857.4,194223,3.8814,0
0.6,0.5,0,0,353,753857.4,194223,3.8814,0
0.6,0.5,0,0,354,753857.4,194223,3.8814,0
0.6,0.5,0,0,355,753857.4,194223,3.8814,0
0.6,0.5,0,0,356,753857.4,194223,3.8814,0
0.6,0.5,0,0,357,753857.4,194223,3.8814,0
0.6,0.5,0,0,358,753857.4,194223,3.8814,0
0.6,0.5,0,0,359,753857.4,194223,3.8814,0
0.6,0.5,0,0,360,753857.4,194223,3.8814,0
0.6,0.5,0,0,361,753857.4,194223,3.8814,0
0.6,0.5,0,0,330,753857.4,194223,3.8814,0
0.6,0.5,0,0,299,753857.4,194223,3.8814,0
0.6,0.5,0,0,300,753857.4,194223,3.8814,0
0.6,0.5,0,0,333,753857.4,194223,3.8814,0
0.6,0.5,0,0,334,753857.4,194223,3.8814,0
0.6,0.5,0,0,335,753857.4,194223,3.8814,0
0.6,0.5,0,0,336,753857.4,194223,3.8814,0
0.6,0.5,0,0,337,753857.4,194223,3.8814,0
0.6,0.5,0,0,338,753857.4,194223,3.8814,0
0.6,0.5,0,0,339,753857.4,194223,3.8814,0
0.6,0.5,0,0,340,753857.4,194223,3.8814,0
0.6,0.5,0,0,341,753857.4,194223,3.8814,0
0.6,0.5,0,0,342,753857.4,194223,3.8814,0
0.6,0.5,0,0,343,753857.4,194223,3.8814,0
0.6,0.5,0,0,344,753857.4,194223,3.8814,0
0.6,0.5,0,0,345,753857.4,194223,3.8814,0
0.6,0.5,0,0,314,753857.4,194223,3.8814,0
0.6,0.5,0,0,283,753857.4,194223,3.8814,0
0.6,0.5,0,0,284,753857.4,194223,3.8814,0
0.6,0.5,0,0,317,753857.4,194223,3.8814,0
0.6,0.5,0,0,318,753857.4,194223,3.8814,0
0.6,0.5,0,0,319,753857.4,194223,3.8814,0
0.6,0.5,0,0,320,753857.4,194223,3.8814,0
0.6,0.5,0,0,321,753857.4,194223,3.8814,0
0.6,0.5,0,0,322,753857.4,194223,3.8814,0
0.6,0.5,0,0,323,753857.4,194223,3.8814,0
0.6,0.5,0,0,324,753857.4,194223,3.8814,0
0.6,0.5,0,0,325,753857.4,194223,3.8814,0
0.6,0.5,0,0,326,753857.4,194223,3.8814,0
0.6,0.5,0,0,327,753857.4,194223,3.8814,0
0.6,0.5,0,0,328,753857.4,194223,3.8814,0
0.6,0.5,0,0,329,753857.4,194223,3.8814,0
0.6,0.5,0,0,298,753857.4,194223,3.8814,0
0.6,0.5,0,0,267,753857.4,194223,3.8814,0
0.6,0.5,0,0,268,753857.4,194223,3.8814,0
0.6,0.5,0,0,301,753857.4,194223,3.8814,0
0.6,0.5,0,0,302,753857.4,194223,3.8814,0
0.6,0.5,0,0,303,753857.4,194223,3.8814,0
0.6,0.5,0,0,304,753857.4,194223,3.8814,0
0.6,0.5,0,0,305,753857.4,194223,3.8814,0
0.6,0.5,0,0,306,753857.4,194223,3.8814,0
0.6,0.5,0,0,307,753857.4,194223,3.8814,0
0.6,0.5,0,0,308,753857.4,194223,3.8814,0
0.6,0.5,0,0,309,753857.4,194223,3.8814,0
0.6,0.5,0,0,310,753857.4,194223,3.8814,0
0.6,0.5,0,0,311,753857.4,194223,3.8814,0
0.6,0.5,0,0,312,753857.4,194223,3.8814,0
0.6,0.5,0,0,313,753857.4,194223,3.8814,0
0.6,0.5,0,0,282,753857.4,194223,3.8814,0
0.6,0.5,0,0,251,753857.4,194223,3.8814,0
0.6,0.5,0,0,252,753857.4,194223,3.8814,0
0.6,0.5,0,0,285,753857.4,194223,3.8814,0
0.6,0.5,0,0,286,753857.4,194223,3.8814,0
0.6,0.5,0,0,287,753857.4,194223,3.8814,0
0.6,0.5,0,0,288,753857.4,194223,3.8814,0
0.6,0.5,0,0,289,753857.4,194223,3.8814,0
0.6,0.5,0,0,290,753857.4,194223,3.8814,0
0.6,0.5,0,0,291,753857.4,194223,3.8814,0
0.6,0.5,0,0,292,753857.4,194223,3.8814,0
0.6,0.5,0,0,293,753857.4,194223,3.8814,0
0.6,0.5,0,0,294,753857.4,194223,3.8814,0
0.6,0.5,0,0,295,753857.4,194223,3.8814,0
0.6,0.5,0,0,296,753857.4,194223,3.8814,0
0.6,0.5,0,0,297,753857.4,194223,3.8814,0
0.6,0.5,0,0,266,753857.4,194223,3.8814,0
0.6,0.5,0,0,235,753857.4,194223,3.8814,0
0.6,0.5,0,0,236,753857.4,194223,3.8814,0
0.6,0.5,0,0,269,753857.4,194223,3.8814,0
0.6,0.5,0,0,270,753857.4,194223,3.8814,0
0.6,0.5,0,0,271,753857.4,194223,3.8814,0
0.6,0.5,0,0,272,753857.4,194223,3.8814,0
0.6,0.5,0,0,273,753857.4,194223,3.8814,0
0.6,0.5,0,0,274,753857.4,194223,3.8814,0
0.6,0.5,0,0,275,753857.4,194223,3.8814,0
0.6,0.5,0,0,276,753857.4,194223,3.8814,0
0.6,0.5,0,0,277,753857.4,194223,3.8814,0
0.6,0.5,0,0,278,753857.4,194223,3.8814,0
0.6,0.5,0,0,279,753857.4,194223,3.8814,0
0.6,0.5,0,0,280,753857.4,194223,3.8814,0
0.6,0.5,0,0,281,753857.4,194223,3.8814,0
0.6,0.5,0,0,250,753857.4,194223,3.8814,0
0.6,0.5,0,0,219,753889.3,194223,3.8816,0
0.6,0.5,0,0,220,753894.1,194223,3.8816,0
0.6,0.5,0,0,253,753857.4,194223,3.8814,0
0.6,0.5,0,0,254,753857.4,194223,3.8814,0
0.6,0.5,0,0,255,753857.4,194223,3.8814,0
0.6,0.5,0,0,256,753857.4,194223,3.8814,0
0.6,0.5,0,0,257,753857.4,194223,3.8814,0
0.6,0.5,0,0,258,753857.4,194223,3.8814,0
0.6,0.5,0,0,259,753857.4,194223,3.8814,0
0.6,0.5,0,0,260,753857.4,194223,3.8814,0
0.6,0.5,0,0,261,753857.4,194223,3.8814,0
0.6,0.5,0,0,262,753857.4,194223,3.8814,0
0.6,0.5,0,0,263,753857.4,194223,3.8814,0
0.6,0.5,0,0,264,753857.4,194223,3.8814,0
0.6,0.5,0,0,265,753857.4,194223,3.8814,0
0.6,0.5,0,0,234,753857.4,194223,3.8814,0
0.6,0.5,0,0,237,753857.4,194223,3.8814,0
0.6,0.5,0,0,238,753857.4,194223,3.8814,0
0.6,0.5,0,0,239,753857.4,194223,3.8814,0
0.6,0.5,0,0,240,753857.4,194223,3.8814,0
0.6,0.5,0,0,241,753857.4,194223,3.8814,0
0.6,0.5,0,0,242,753857.4,194223,3.8814,0
0.6,0.5,0,0,243,753857.4,194223,3.8814,0
0.6,0.5,0,0,244,753857.4,194223,3.8814,0
0.6,0.5,0,0,245,753857.4,194223,3.8814,0
0.6,0.5,0,0,246,753857.4,194223,3.8814,0
0.6,0.5,0,0,247,753857.4,194223,3.8814,0
0.6,0.5,0,0,248,753857.4,194223,3.8814,0
0.6,0.5,0,0,249,753857.4,194223,3.8814,0
0.6,0.5,0,0,442,753857.4,194223,3.8814,0
0.6,0.5,0,0,411,753857.4,194223,3.8814,0
0.6,0.5,0,0,412,753857.4,194223,3.8814,0
0.6,0.5,0,0,445,753857.4,194223,3.8814,0
0.6,0.5,0,0,446,753857.4,194223,3.8814,0
0.6,0.5,0,0,447,753857.4,194223,3.8814,0
0.6,0.5,0,0,448,753857.4,194223,3.8814,0
0.6,0.5,0,0,449,753857.4,194223,3.8814,0
0.6,0.5,0,0,450,753857.4,194223,3.8814,0
0.6,0.5,0,0,451,753857.4,194223,3.8814,0
0.6,0.5,0,0,452,753857.4,194223,3.8814,0
0.6,0.5,0,0,453,753857.4,194223,3.8814,0
0.6,0.5,0,0,454,753857.4,194223,3.8814,0
0.6,0.5,0,0,455,753857.4,194223,3.8814,0
0.6,0.5,0,0,456,753857.4,194223,3.8814,0
0.6,0.5,0,0,457,753857.4,194223,3.8814,0
0.6,0.5,0,0,218,753880.5,194223,3.8815,0
0.6,0.5,0,0,221,753876.1,194223,3.8815,0
0.6,0.5,0,0,222,753866.5,194223,3.8814,0
0.6,0.5,0,0,223,753857.4,194223,3.8814,0
0.6,0.5,0,0,224,753857.4,194223,3.8814,0
0.6,0.5,0,0,225,753857.4,194223,3.8814,0
0.6,0.5,0,0,226,753857.4,194223,3.8814,0
0.6,0.5,0,0,227,753857.4,194223,3.8814,0
0.6,0.5,0,0,228,753857.4,194223,3.8814,0
0.6,0.5,0,0,229,753857.4,194223,3.8814,0
0.6,0.5,0,0,230,753857.4,194223,3.8814,0
0.6,0.5,0,0,231,753857.4,194223,3.8814,0
0.6,0.5,0,0,232,753857.4,194223,3.8814,0
0.6,0.5,0,0,233,753857.4,194223,3.8814,0
0.6,0.5,0,0,172,754498.2,194430,3.8806,0
0.6,0.5,0,0,209,753866.0,194223,3.8814,0
0.6,0.5,0,0,210,753867.6,194223,3.8815,0
0.6,0.5,0,0,211,753863.1,194223,3.8814,0
0.6,0.5,0,0,212,753871.6,194223,3.8815,0
0.6,0.5,0,0,213,753888.2,194223,3.8816,0
0.6,0.5,0,0,214,753885.0,194223,3.8815,0
0.6,0.5,0,0,215,753901.7,194223,3.8816,0
0.6,0.5,0,0,216,753900.2,194223,3.8816,0
0.6,0.5,0,0,217,753880.9,194223,3.8815,0
0.6,0.5,0,0,458,753857.4,194223,3.8814,0
0.6,0.5,0,0,427,753857.4,194223,3.8814,0
0.6,0.5,0,0,428,753857.4,194223,3.8814,0
0.6,0.5,0,0,461,753857.4,194223,3.8814,0
0.6,0.5,0,0,462,753857.4,194223,3.8814,0
0.6,0.5,0,0,463,753857.4,194223,3.8814,0
0.6,0.5,0,0,464,753857.4,194223,3.8814,0
0.6,0.5,0,0,465,753857.4,194223,3.8814,0
0.6,0.5,0,0,466,753857.4,194223,3.8814,0
0.6,0.5,0,0,467,753857.4,194223,3.8814,0
0.6,0.5,0,0,468,753857.4,194223,3.8814,0
0.6,0.5,0,0,469,753857.4,194223,3.8814,0
0.6,0.5,0,0,470,753857.4,194223,3.8814,0
0.6,0.5,0,0,471,753857.4,194223,3.8814,0
0.6,0.5,0,0,472,753857.4,194223,3.8814,0
0.6,0.5,0,0,473,753857.4,194223,3.8814,0
0.6,0.5,0,0,156,754450.4,194430,3.8803,0
0.6,0.5,0,0,173,754500.7,194430,3.8806,0
0.6,0.5,0,0,174,754494.0,194430,3.8805,0
0.6,0.5,0,0,177,754538.7,194430,3.8808,0
0.6,0.5,0,0,178,754556.3,194430,3.8809,0
0.6,0.5,0,0,179,754556.0,194430,3.8809,0
0.6,0.5,0,0,180,754556.3,194430,3.8809,0
0.6,0.5,0,0,181,754560.0,194430,3.8809,0
0.6,0.5,0,0,182,754555.0,194430,3.8809,0
0.6,0.5,0,0,183,754569.4,194430,3.8809,0
0.6,0.5,0,0,474,753857.4,194223,3.8814,0
0.6,0.5,0,0,443,753857.4,194223,3.8814,0
0.6,0.5,0,0,444,753857.4,194223,3.8814,0
0.6,0.5,0,0,477,753857.4,194223,3.8814,0
0.6,0.5,0,0,478,753857.4,194223,3.8814,0
0.6,0.5,0,0,479,753857.4,194223,3.8814,0
0.6,0.5,0,0,480,753857.4,194223,3.8814,0
0.6,0.5,0,0,481,753857.4,194223,3.8814,0
0.6,0.5,0,0,482,753857.4,194223,3.8814,0
0.6,0.5,0,0,483,753857.4,194223,3.8814,0
0.6,0.5,0,0,484,753857.4,194223,3.8814,0
0.6,0.5,0,0,485,753857.4,194223,3.8814,0
0.6,0.5,0,0,486,753857.4,194223,3.8814,0
0.6,0.5,0,0,487,753857.4,194223,3.8814,0
0.6,0.5,0,0,488,753857.4,194223,3.8814,0
0.6,0.5,0,0,489,753857.4,194223,3.8814,0
0.6,0.5,0,0,161,754497.2,194430,3.8806,0
0.6,0.5,0,0,162,754498.9,194430,3.8806,0
0.6,0.5,0,0,167,754510.1,194430,3.8806,0
0.6,0.5,0,0,490,753857.4,194223,3.8814,0
0.6,0.5,0,0,459,753857.4,194223,3.8814,0
0.6,0.5,0,0,460,753857.4,194223,3.8814,0
0.6,0.5,0,0,493,753857.4,194223,3.8814,0
0.6,0.5,0,0,494,753857.4,194223,3.8814,0
0.6,0.5,0,0,495,753857.4,194223,3.8814,0
0.6,0.5,0,0,496,753857.4,194223,3.8814,0
0.6,0.5,0,0,497,753857.4,194223,3.8814,0
0.6,0.5,0,0,498,753857.4,194223,3.8814,0
0.6,0.5,0,0,499,753857.4,194223,3.8814,0
0.6,0.5,0,0,500,753857.4,194223,3.8814,0
0.6,0.5,0,0,501,753857.4,194223,3.8814,0
0.6,0.5,0,0,502,753857.4,194223,3.8814,0
0.6,0.5,0,0,503,753857.4,194223,3.8814,0
0.6,0.5,0,0,504,753857.4,194223,3.8814,0
0.6,0.5,0,0,505,753857.4,194223,3.8814,0
0.6,0.5,0,0,506,753857.4,194223,3.8814,0
0.6,0.5,0,0,475,753857.4,194223,3.8814,0
0.6,0.5,0,0,476,753857.4,194223,3.8814,0
0.6,0.5,0,0,509,753857.4,194223,3.8814,0
0.6,0.5,0,0,510,753857.4,194223,3.8814,0
0.6,0.5,0,0,511,753857.4,194223,3.8814,0
0.6,0.5,0,0,512,753857.4,194223,3.8814,0
0.6,0.5,0,0,513,753857.4,194223,3.8814,0
0.6,0.5,0,0,514,753857.4,194223,3.8814,0
0.6,0.5,0,0,515,753857.4,194223,3.8814,0
0.6,0.5,0,0,516,753857.4,194223,3.8814,0
0.6,0.5,0,0,517,753857.4,194223,3.8814,0
0.6,0.5,0,0,518,753857.4,194223,3.8814,0
0.6,0.5,0,0,519,753857.4,194223,3.8814,0
0.6,0.5,0,0,520,753857.4,194223,3.8814,0
0.6,0.5,0,0,521,753857.4,194223,3.8814,0
0.6,0.5,0,0,522,753857.4,194223,3.8814,0
0.6,0.5,0,0,491,753857.4,194223,3.8814,0
0.6,0.5,0,0,492,753857.4,194223,3.8814,0
0.6,0.5,0,0,525,753857.4,194223,3.8814,0
0.6,0.5,0,0,526,753857.4,194223,3.8814,0
0.6,0.5,0,0,527,753857.4,194223,3.8814,0
0.6,0.5,0,0,528,753857.4,194223,3.8814,0
0.6,0.5,0,0,529,753857.4,194223,3.8814,0
0.6,0.5,0,0,530,753857.4,194223,3.8814,0
0.6,0.5,0,0,531,753857.4,194223,3.8814,0
0.6,0.5,0,0,532,753857.4,194223,3.8814,0
0.6,0.5,0,0,533,753857.4,194223,3.8814,0
0.6,0.5,0,0,534,753857.4,194223,3.8814,0
0.6,0.5,0,0,535,753857.4,194223,3.8814,0
0.6,0.5,0,0,536,753857.4,194223,3.8814,0
0.6,0.5,0,0,537,753857.4,194223,3.8814,0
0.6,0.5,0,0,538,753857.4,194223,3.8814,0
0.6,0.5,0,0,507,753857.4,194223,3.8814,0
0.6,0.5,0,0,508,753857.4,194223,3.8814,0
0.6,0.5,0,0,541,753857.4,194223,3.8814,0
0.6,0.5,0,0,542,753857.4,194223,3.8814,0
0.6,0.5,0,0,543,753857.4,194223,3.8814,0
0.6,0.5,0,0,544,753857.4,194223,3.8814,0
0.6,0.5,0,0,545,753857.4,194223,3.8814,0
0.6,0.5,0,0,546,753857.4,194223,3.8814,0
0.6,0.5,0,0,547,753857.4,194223,3.8814,0
0.6,0.5,0,0,548,753857.4,194223,3.8814,0
0.6,0.5,0,0,549,753857.4,194223,3.8814,0
0.6,0.5,0,0,550,753857.4,194223,3.8814,0
0.6,0.5,0,0,551,753857.4,194223,3.8814,0
0.6,0.5,0,0,552,753857.4,194223,3.8814,0
0.6,0.5,0,0,553,753857.4,194223,3.8814,0
0.6,0.5,0,0,554,753857.4,194223,3.8814,0
0.6,0.5,0,0,523,753857.4,194223,3.8814,0
0.6,0.5,0,0,524,753857.4,194223,3.8814,0
0.6,0.5,0,0,557,753857.4,194223,3.8814,0
0.6,0.5,0,0,558,753857.4,194223,3.8814,0
0.6,0.5,0,0,559,753857.4,194223,3.8814,0
0.6,0.5,0,0,560,753857.4,194223,3.8814,0
0.6,0.5,0,0,561,753857.4,194223,3.8814,0
0.6,0.5,0,0,562,753857.4,194223,3.8814,0
0.6,0.5,0,0,563,753857.4,194223,3.8814,0
0.6,0.5,0,0,564,753857.4,194223,3.8814,0
0.6,0.5,0,0,565,753857.4,194223,3.8814,0
0.6,0.5,0,0,566,753857.4,194223,3.8814,0
0.6,0.5,0,0,567,753857.4,194223,3.8814,0
0.6,0.5,0,0,568,753857.4,194223,3.8814,0
0.6,0.5,0,0,569,753857.4,194223,3.8814,0
0.6,0.5,0,0,570,753857.4,194223,3.8814,0
0.6,0.5,0,0,539,753857.4,194223,3.8814,0
0.6,0.5,0,0,540,753857.4,194223,3.8814,0
0.6,0.5,0,0,571,753857.4,194223,3.8814,0
0.6,0.5,0,0,572,753857.4,194223,3.8814,0
0.6,0.5,0,0,573,753857.4,194223,3.8814,0
0.6,0.5,0,0,574,753857.4,194223,3.8814,0
0.6,0.5,0,0,575,753857.4,194223,3.8814,0
0.6,0.5,0,0,576,753857.4,194223,3.8814,0
0.6,0.5,0,0,555,753857.4,194223,3.8814,0
0.6,0.5,0,0,556,753857.4,194223,3.8814,0
0.7,0.0,0,1,526,600644.9,62926,9.5453,0
0.7,0.0,0,1,538,600647.7,62926,9.5453,0
0.7,0.0,0,1,536,600647.9,62926,9.5453,0
0.7,0.0,0,1,551,600648.4,62926,9.5453,0
0.7,0.0,0,1,543,600649.7,62926,9.5453,0
0.7,0.0,0,1,549,600649.7,62926,9.5453,0
0.7,0.0,0,1,531,600650.3,62926,9.5453,0
0.7,0.0,0,1,553,600651.8,62926,9.5454,0
0.7,0.0,0,1,542,600660.6,62926,9.5455,0
0.7,0.0,0,1,523,600663.0,62926,9.5455,0
0.7,0.0,0,1,534,600666.9,62926,9.5456,0
0.7,0.0,0,1,554,600667.7,62926,9.5456,0
0.7,0.0,0,1,546,600668.1,62926,9.5456,0
0.7,0.0,0,1,522,600670.5,62926,9.5457,0
0.7,0.0,0,1,524,600675.9,62926,9.5458,0
0.7,0.0,0,1,547,600677.3,62926,9.5458,0
0.7,0.0,0,1,533,600678.8,62926,9.5458,0
0.7,0.0,0,1,567,600680.0,62926,9.5458,0
0.7,0.0,0,1,555,600682.6,62926,9.5459,0
0.7,0.0,0,1,568,600684.7,62926,9.5459,0
0.7,0.0,0,1,565,600691.7,62926,9.546,0
0.7,0.0,0,0,118,602709.0,63994,9.4182,0
0.7,0.0,0,0,117,601814.1,64021,9.4003,0
0.7,0.0,0,0,132,617293.1,64219,9.6123,0
0.7,0.0,0,0,131,616741.3,64221,9.6034,0
0.7,0.0,0,0,130,616133.4,64318,9.5795,0
0.7,0.0,0,0,129,615342.0,64279,9.573,0
0.7,0.0,0,0,160,637959.5,64751,9.8525,0
0.7,0.0,0,0,159,637828.2,64796,9.8436,0
0.7,0.0,0,0,158,637057.6,64796,9.8317,0
0.7,0.0,0,0,157,636028.2,64878,9.8034,0
0.7,0.0,0,0,124,610049.8,64050,9.5246,0
0.7,0.0,0,0,123,608897.7,64053,9.5062,0
0.7,0.0,0,0,122,607550.4,63989,9.4946,0
0.7,0.0,0,0,121,606248.8,63940,9.4815,0
0.7,0.0,0,0,144,627254.5,64736,9.6894,0
0.7,0.0,0,0,143,626804.8,64659,9.694,0
0.7,0.0,0,0,142,625862.6,64753,9.6654,0
0.7,0.0,0,0,141,624547.5,64676,9.6566,0
0.7,0.0,0,0,128,615134.7,64122,9.5932,0
0.7,0.0,0,0,127,614367.5,64258,9.5609,0
0.7,0.0,0,0,126,612855.4,64079,9.5641,0
0.7,0.0,0,0,125,610805.0,64018,9.5411,0
0.7,0.0,0,0,164,640262.5,64774,9.8846,0
0.7,0.0,0,0,163,639713.6,64724,9.8837,0
0.7,0.0,0,0,180,645593.3,64842,9.9564,0
0.7,0.0,0,0,179,645914.8,64881,9.9554,0
0.7,0.0,0,0,148,629687.0,64711,9.7308,0
0.7,0.0,0,0,147,628940.9,64624,9.7323,0
0.7,0.0,0,0,146,628627.7,64720,9.713,0
0.7,0.0,0,0,145,628219.5,64734,9.7046,0
0.7,0.0,0,0,176,644926.4,64816,9.9501,0
0.7,0.0,0,0,175,644391.5,64846,9.9373,0
0.7,0.0,0,0,174,643632.8,64820,9.9295,0
0.7,0.0,0,0,173,643391.0,64836,9.9234,0
0.7,0.0,0,0,140,623896.8,64613,9.6559,0
0.7,0.0,0,0,139,623284.0,64424,9.6747,0
0.7,0.0,0,0,138,622569.0,64517,9.6497,0
0.7,0.0,0,0,137,621843.1,64382,9.6586,0
0.7,0.0,0,0,134,619571.0,64423,9.6172,0
0.7,0.0,0,0,133,618044.5,64417,9.5944,0
0.7,0.0,0,0,196,652560.1,64850,10.0626,0
0.7,0.0,0,0,195,652951.7,64887,10.0629,0
0.7,0.0,0,0,162,638824.6,64745,9.8668,0
0.7,0.0,0,0,161,638390.0,64791,9.8531,0
0.7,0.0,0,0,192,652170.1,64985,10.0357,0
0.7,0.0,0,0,191,652294.1,64946,10.0436,0
0.7,0.0,0,0,190,651948.4,65038,10.0241,0
0.7,0.0,0,0,189,650792.6,64995,10.013,0
0.7,0.0,0,0,156,634477.0,64852,9.7835,0
0.7,0.0,0,0,155,634478.5,64764,9.7968,0
0.7,0.0,0,0,154,634306.9,64788,9.7905,0
0.7,0.0,0,0,153,633613.1,64855,9.7697,0
0.7,0.0,0,0,120,604328.2,63887,9.4593,0
0.7,0.0,0,0,119,603902.1,63982,9.4386,0
0.7,0.0,0,0,150,632024.8,64774,9.7574,0
0.7,0.0,0,0,149,630876.0,64741,9.7446,0
0.7,0.0,0,0,212,657600.4,64836,10.1425,0
0.7,0.0,0,0,211,657192.3,64836,10.1362,0
0.7,0.0,0,0,178,645458.3,64904,9.9448,0
0.7,0.0,0,0,177,645201.8,64841,9.9505,0
0.7,0.0,0,0,208,656187.1,64880,10.1139,0
0.7,0.0,0,0,207,655498.4,64941,10.0938,0
0.7,0.0,0,0,206,655184.9,64964,10.0854,0
0.7,0.0,0,0,205,655024.0,65009,10.0759,0
0.7,0.0,0,0,172,642723.1,64790,9.9201,0
0.7,0.0,0,0,171,642430.2,64709,9.928,0
0.7,0.0,0,0,170,642355.1,64739,9.9222,0
0.7,0.0,0,0,169,641674.5,64771,9.9068,0
0.7,0.0,0,0,136,621198.9,64426,9.6421,0
0.7,0.0,0,0,135,620336.2,64379,9.6357,0
0.7,0.0,0,0,166,640783.5,64771,9.8931,0
0.7,0.0,0,0,165,640102.2,64759,9.8844,0
0.7,0.0,0,0,228,661324.3,64745,10.2143,0
0.7,0.0,0,0,227,660806.7,64745,10.2063,0
0.7,0.0,0,0,194,652858.3,64944,10.0526,0
0.7,0.0,0,0,193,652431.3,64977,10.041,0
0.7,0.0,0,0,224,660344.6,64740,10.1999,0
0.7,0.0,0,0,223,660436.5,64704,10.207,0
0.7,0.0,0,0,222,660287.1,64744,10.1984,0
0.7,0.0,0,0,221,659994.5,64704,10.2002,0
0.7,0.0,0,0,188,650465.8,64970,10.0118,0
0.7,0.0,0,0,187,649634.9,64961,10.0004,0
0.7,0.0,0,0,186,648298.8,64890,9.9907,0
0.7,0.0,0,0,185,648006.1,64920,9.9816,0
0.7,0.0,0,0,152,632956.8,64650,9.7905,0
0.7,0.0,0,0,151,632532.4,64745,9.7696,0
0.7,0.0,0,0,182,647105.1,64882,9.9736,0
0.7,0.0,0,0,181,646156.3,64873,9.9603,0
0.7,0.0,0,0,244,664854.5,64903,10.2438,0
0.7,0.0,0,0,243,664637.5,64903,10.2405,0
0.7,0.0,0,0,210,657002.4,64792,10.1402,0
0.7,0.0,0,0,209,656653.1,64836,10.1279,0
0.7,0.0,0,0,240,663749.5,64827,10.2388,0
0.7,0.0,0,0,239,663431.6,64827,10.2339,0
0.7,0.0,0,0,238,663156.7,64872,10.2225,0
0.7,0.0,0,0,237,663121.5,64872,10.222,0
0.7,0.0,0,0,204,654780.8,64922,10.0857,0
0.7,0.0,0,0,203,654729.4,64984,10.0752,0
0.7,0.0,0,0,202,654739.9,65056,10.0643,0
0.7,0.0,0,0,201,654669.0,65043,10.0652,0
0.7,0.0,0,0,168,641349.6,64758,9.9038,0
0.7,0.0,0,0,167,641042.1,64786,9.8948,0
0.7,0.0,0,0,198,653384.8,64997,10.0525,0
0.7,0.0,0,0,197,653045.2,64854,10.0695,0
0.7,0.0,0,0,260,666538.2,64869,10.2751,0
0.7,0.0,0,0,259,666445.5,64892,10.2701,0
0.7,0.0,0,0,226,660560.5,64745,10.2025,0
0.7,0.0,0,0,225,660056.4,64715,10.1994,0
0.7,0.0,0,0,256,665618.1,64883,10.2587,0
0.7,0.0,0,0,255,665222.9,64864,10.2557,0
0.7,0.0,0,0,254,665036.6,64883,10.2498,0
0.7,0.0,0,0,253,665255.1,64883,10.2531,0
0.7,0.0,0,0,220,659624.2,64669,10.2,0
0.7,0.0,0,0,219,659203.3,64669,10.1935,0
0.7,0.0,0,0,218,659354.5,64747,10.1836,0
0.7,0.0,0,0,217,659095.5,64747,10.1796,0
0.7,0.0,0,0,184,647591.6,64860,9.9845,0
0.7,0.0,0,0,183,647052.1,64874,9.974,0
0.7,0.0,0,0,214,658417.8,64821,10.1575,0
0.7,0.0,0,0,213,657681.9,64801,10.1493,0
0.7,0.0,0,0,276,668713.7,64749,10.3278,0
0.7,0.0,0,0,275,668546.1,64827,10.3128,0
0.7,0.0,0,0,242,664054.7,64815,10.2454,0
0.7,0.0,0,0,241,663923.8,64827,10.2415,0
0.7,0.0,0,0,272,667835.7,64787,10.3082,0
0.7,0.0,0,0,271,667730.9,64787,10.3066,0
0.7,0.0,0,0,270,667750.3,64787,10.3069,0
0.7,0.0,0,0,269,667584.1,64787,10.3043,0
0.7,0.0,0,0,236,662644.7,64872,10.2146,0
0.7,0.0,0,0,235,662234.6,64857,10.2107,0
0.7,0.0,0,0,234,662502.5,64857,10.2148,0
0.7,0.0,0,0,233,662569.9,64835,10.2193,0
0.7,0.0,0,0,200,653950.2,64990,10.0623,0
0.7,0.0,0,0,199,653991.4,64969,10.0662,0
0.7,0.0,0,0,230,661443.0,64745,10.2161,0
0.7,0.0,0,0,229,661511.1,64745,10.2172,0
0.7,0.0,0,0,265,667141.4,64857,10.2863,0
0.7,0.0,0,0,232,662138.4,64823,10.2146,0
0.7,0.0,0,0,231,661522.8,64790,10.2103,0
0.7,0.0,0,0,262,666720.5,64857,10.2799,0
0.7,0.0,0,0,261,666500.2,64857,10.2765,0
0.7,0.0,0,0,258,666330.7,64869,10.2719,0
0.7,0.0,0,0,257,665969.2,64906,10.2605,0
0.7,0.0,0,0,285,670645.9,64753,10.357,0
0.7,0.0,0,0,252,664967.6,64906,10.2451,0
0.7,0.0,0,0,251,665011.3,64906,10.2458,0
0.7,0.0,0,0,250,665105.2,64906,10.2472,0
0.7,0.0,0,0,249,664706.1,64906,10.2411,0
0.7,0.0,0,0,216,658722.7,64702,10.1809,0
0.7,0.0,0,0,215,658810.0,64777,10.1704,0
0.7,0.0,0,0,246,665246.9,64941,10.2439,0
0.7,0.0,0,0,245,665078.2,64918,10.2449,0
0.7,0.0,0,0,280,669594.1,64768,10.3383,0
0.7,0.0,0,0,279,669495.7,64768,10.3368,0
0.7,0.0,0,0,264,666926.6,64857,10.283,0
0.7,0.0,0,0,263,667042.5,64869,10.2829,0
0.7,0.0,0,0,283,670341.4,64707,10.3596,0
0.7,0.0,0,0,282,669935.8,64753,10.346,0
0.7,0.0,0,0,281,670024.8,64753,10.3474,0
0.7,0.0,0,0,248,665035.2,64941,10.2406,0
0.7,0.0,0,0,247,665142.6,64883,10.2514,0
0.7,0.0,0,0,278,669417.3,64768,10.3356,0
0.7,0.0,0,0,277,669079.6,64791,10.3267,0
0.7,0.0,0,0,274,668165.4,64787,10.3133,0
0.7,0.0,0,0,273,667902.6,64787,10.3092,0
0.7,0.0,0,0,268,667347.0,64775,10.3025,0
0.7,0.0,0,0,267,667136.2,64749,10.3034,0
0.7,0.0,0,0,266,667074.6,64815,10.292,0
0.7,0.0,0,1,558,600708.0,62926,9.5463,0
0.7,0.0,0,1,576,600731.1,62926,9.5466,0
0.7,0.0,0,1,575,600706.9,62926,9.5462,0
0.7,0.0,0,1,574,600719.1,62926,9.5464,0
0.7,0.0,0,1,548,600692.4,62926,9.546,0
0.7,0.0,0,1,573,600704.3,62926,9.5462,0
0.7,0.0,0,1,572,600703.9,62926,9.5462,0
0.7,0.0,0,1,571,600703.2,62926,9.5462,0
0.7,0.0,0,1,570,600721.3,62926,9.5465,0
0.7,0.0,0,1,569,600716.0,62926,9.5464,0
0.7,0.0,0,1,566,600695.7,62926,9.5461,0
0.7,0.0,0,1,564,600692.7,62926,9.546,0
0.7,0.0,0,1,563,600721.9,62926,9.5465,0
0.7,0.0,0,1,562,600726.5,62926,9.5466,0
0.7,0.0,0,1,561,600701.3,62926,9.5462,0
0.7,0.0,0,1,560,600725.5,62926,9.5465,0
0.7,0.0,0,1,559,600719.1,62926,9.5464,0
0.7,0.0,0,1,557,600715.3,62926,9.5464,0
0.7,0.0,0,1,556,600694.7,62926,9.546,0
0.7,0.0,0,0,338,673812.9,64892,10.3836,0
0.7,0.0,0,0,337,673801.1,64892,10.3834,0
0.7,0.0,0,0,368,674222.0,64892,10.3899,0
0.7,0.0,0,0,367,674156.2,64892,10.3889,0
0.7,0.0,0,0,366,674210.1,64892,10.3897,0
0.7,0.0,0,0,365,674070.5,64892,10.3876,0
0.7,0.0,0,0,332,673571.4,64849,10.3868,0
0.7,0.0,0,0,331,673486.0,64849,10.3854,0
0.7,0.0,0,0,330,673330.2,64849,10.383,0
0.7,0.0,0,0,329,673396.9,64849,10.3841,0
0.7,0.0,0,0,296,672923.2,64872,10.3731,0
0.7,0.0,0,0,295,672847.4,64872,10.3719,0
0.7,0.0,0,0,326,673525.9,64872,10.3824,0
0.7,0.0,0,0,325,673369.6,64849,10.3837,0
0.7,0.0,0,0,356,673894.5,64892,10.3849,0
0.7,0.0,0,0,355,674011.8,64892,10.3867,0
0.7,0.0,0,0,322,673406.5,64872,10.3805,0
0.7,0.0,0,0,321,673401.3,64872,10.3805,0
0.7,0.0,0,0,352,673935.4,64892,10.3855,0
0.7,0.0,0,0,351,673842.6,64892,10.3841,0
0.7,0.0,0,0,350,673826.7,64892,10.3838,0
0.7,0.0,0,0,349,673883.5,64892,10.3847,0
0.7,0.0,0,0,316,673075.9,64872,10.3754,0
0.7,0.0,0,0,315,673074.9,64872,10.3754,0
0.7,0.0,0,0,314,673079.7,64872,10.3755,0
0.7,0.0,0,0,313,673047.6,64872,10.375,0
0.7,0.0,0,0,310,672871.1,64872,10.3723,0
0.7,0.0,0,0,309,672989.1,64872,10.3741,0
0.7,0.0,0,0,340,673769.4,64892,10.3829,0
0.7,0.0,0,0,339,673758.3,64892,10.3828,0
0.7,0.0,0,0,306,673063.0,64872,10.3752,0
0.7,0.0,0,0,305,673153.6,64872,10.3766,0
0.7,0.0,0,0,336,673562.0,64849,10.3866,0
0.7,0.0,0,0,335,673730.0,64849,10.3892,0
0.7,0.0,0,0,334,673662.0,64849,10.3882,0
0.7,0.0,0,0,333,673481.4,64849,10.3854,0
0.7,0.0,0,0,300,672491.5,64872,10.3664,0
0.7,0.0,0,0,299,672655.6,64872,10.369,0
0.7,0.0,0,0,298,672796.6,64872,10.3711,0
0.7,0.0,0,0,297,672737.2,64872,10.3702,0
0.7,0.0,0,0,294,672894.0,64872,10.3726,0
0.7,0.0,0,0,293,673147.0,64872,10.3765,0
0.7,0.0,0,0,324,673534.9,64872,10.3825,0
0.7,0.0,0,0,323,673405.7,64872,10.3805,0
0.7,0.0,0,0,290,672836.8,64857,10.3742,0
0.7,0.0,0,0,289,672566.2,64872,10.3676,0
0.7,0.0,0,0,320,673301.6,64849,10.3826,0
0.7,0.0,0,0,319,673237.1,64872,10.3779,0
0.7,0.0,0,0,318,673166.5,64872,10.3768,0
0.7,0.0,0,0,317,673289.2,64872,10.3787,0
0.7,0.0,0,0,284,670768.3,64753,10.3589,0
0.7,0.0,0,0,308,672876.2,64849,10.376,0
0.7,0.0,0,0,307,672934.3,64849,10.3769,0
0.7,0.0,0,0,354,674058.3,64892,10.3874,0
0.7,0.0,0,0,353,673910.9,64892,10.3851,0
0.7,0.0,0,0,384,675001.8,64892,10.4019,0
0.7,0.0,0,0,383,675028.7,64892,10.4023,0
0.7,0.0,0,0,382,674988.0,64892,10.4017,0
0.7,0.0,0,0,381,674911.0,64892,10.4005,0
0.7,0.0,0,0,348,673934.4,64892,10.3855,0
0.7,0.0,0,0,347,674054.9,64892,10.3873,0
0.7,0.0,0,0,346,673961.9,64892,10.3859,0
0.7,0.0,0,0,345,674052.8,64892,10.3873,0
0.7,0.0,0,0,312,672954.2,64872,10.3736,0
0.7,0.0,0,0,311,672739.2,64849,10.3739,0
0.7,0.0,0,0,342,673841.0,64892,10.384,0
0.7,0.0,0,0,341,673813.9,64892,10.3836,0
0.7,0.0,0,0,372,674446.1,64892,10.3934,0
0.7,0.0,0,0,371,674435.2,64892,10.3932,0
0.7,0.0,0,0,304,672909.4,64849,10.3766,0
0.7,0.0,0,0,303,672945.1,64849,10.3771,0
0.7,0.0,0,0,302,672744.0,64849,10.374,0
0.7,0.0,0,0,301,672400.7,64849,10.3687,0
0.7,0.0,0,0,292,672687.5,64872,10.3695,0
0.7,0.0,0,0,291,672678.9,64872,10.3693,0
0.7,0.0,0,0,370,674361.7,64892,10.3921,0
0.7,0.0,0,0,369,674250.5,64959,10.3796,0
0.7,0.0,0,0,400,674867.0,64892,10.3998,0
0.7,0.0,0,0,399,674930.6,64892,10.4008,0
0.7,0.0,0,0,398,674866.9,64892,10.3998,0
0.7,0.0,0,0,397,674869.7,64892,10.3999,0
0.7,0.0,0,0,364,673960.5,64892,10.3859,0
0.7,0.0,0,0,363,673885.4,64892,10.3847,0
0.7,0.0,0,0,362,673835.7,64892,10.384,0
0.7,0.0,0,0,361,673876.8,64892,10.3846,0
0.7,0.0,0,0,328,673518.0,64872,10.3823,0
0.7,0.0,0,0,327,673497.8,64872,10.3819,0
0.7,0.0,0,0,358,673825.6,64892,10.3838,0
0.7,0.0,0,0,357,673936.4,64892,10.3855,0
0.7,0.0,0,0,388,675064.6,64892,10.4029,0
0.7,0.0,0,0,387,675015.8,64892,10.4021,0
0.7,0.0,0,0,288,671602.7,64768,10.3694,0
0.7,0.0,0,0,287,671703.5,64803,10.3653,0
0.7,0.0,0,0,286,670979.7,64768,10.3597,0
0.7,0.0,0,0,386,675055.0,64892,10.4027,0
0.7,0.0,0,0,385,675004.1,64892,10.402,0
0.7,0.0,0,0,416,674873.6,64892,10.4,0
0.7,0.0,0,0,415,674815.9,64892,10.3991,0
0.7,0.0,0,0,414,674833.1,64892,10.3993,0
0.7,0.0,0,0,413,674863.4,64892,10.3998,0
0.7,0.0,0,0,380,674860.5,64892,10.3997,0
0.7,0.0,0,0,379,674721.9,64892,10.3976,0
0.7,0.0,0,0,378,674740.7,64892,10.3979,0
0.7,0.0,0,0,377,674661.8,64959,10.386,0
0.7,0.0,0,0,344,674130.7,64892,10.3885,0
0.7,0.0,0,0,343,673884.9,64892,10.3847,0
0.7,0.0,0,0,374,674550.1,64892,10.395,0
0.7,0.0,0,0,373,674564.9,64892,10.3952,0
0.7,0.0,0,0,404,674864.0,64892,10.3998,0
0.7,0.0,0,0,403,674830.2,64892,10.3993,0
0.7,0.0,0,0,402,674846.7,64892,10.3995,0
0.7,0.0,0,0,401,674845.9,64892,10.3995,0
0.7,0.0,0,0,432,674980.9,64892,10.4016,0
0.7,0.0,0,0,431,674997.5,64892,10.4019,0
0.7,0.0,0,0,430,674962.2,64892,10.4013,0
0.7,0.0,0,0,429,674938.6,64892,10.401,0
0.7,0.0,0,0,396,674904.6,64959,10.3897,0
0.7,0.0,0,0,395,674870.8,64959,10.3892,0
0.7,0.0,0,0,394,674942.9,64959,10.3903,0
0.7,0.0,0,0,393,674891.1,64959,10.3895,0
0.7,0.0,0,0,360,673821.7,64892,10.3837,0
0.7,0.0,0,0,359,673908.6,64892,10.3851,0
0.7,0.0,0,0,390,674934.2,64959,10.3902,0
0.7,0.0,0,0,389,675001.8,64892,10.4019,0
0.7,0.0,0,0,420,674849.5,64892,10.3996,0
0.7,0.0,0,0,419,674848.4,64892,10.3996,0
0.7,0.0,0,0,418,674777.9,64892,10.3985,0
0.7,0.0,0,0,417,674810.7,64892,10.399,0
0.7,0.0,0,0,448,675220.5,64892,10.4053,0
0.7,0.0,0,0,447,675164.0,64892,10.4044,0
0.7,0.0,0,0,446,675106.4,64892,10.4035,0
0.7,0.0,0,0,445,675138.4,64892,10.404,0
0.7,0.0,0,0,412,674854.7,64892,10.3997,0
0.7,0.0,0,0,411,674847.7,64892,10.3996,0
0.7,0.0,0,0,410,674846.2,64892,10.3995,0
0.7,0.0,0,0,409,674847.6,64892,10.3996,0
0.7,0.0,0,0,376,674691.1,64892,10.3971,0
0.7,0.0,0,0,375,674676.7,64892,10.3969,0
0.7,0.0,0,0,406,674812.4,64892,10.399,0
0.7,0.0,0,0,405,674852.7,64892,10.3996,0
0.7,0.0,0,0,436,675119.4,64892,10.4037,0
0.7,0.0,0,0,435,675061.6,64892,10.4028,0
0.7,0.0,0,0,434,675040.3,64892,10.4025,0
0.7,0.0,0,0,433,675005.7,64892,10.402,0
0.7,0.0,0,0,464,675691.0,64892,10.4125,0
0.7,0.0,0,0,463,675632.6,64892,10.4116,0
0.7,0.0,0,0,462,675606.3,64892,10.4112,0
0.7,0.0,0,0,461,675512.9,64892,10.4098,0
0.7,0.0,0,0,428,674955.4,64892,10.4012,0
0.7,0.0,0,0,427,674943.9,64892,10.401,0
0.7,0.0,0,0,426,674943.0,64892,10.401,0
0.7,0.0,0,0,425,674886.1,64892,10.4001,0
0.7,0.0,0,0,392,674899.0,64959,10.3896,0
0.7,0.0,0,0,391,674902.6,64959,10.3897,0
0.7,0.0,0,0,422,674883.1,64892,10.4001,0
0.7,0.0,0,0,421,674852.3,64892,10.3996,0
0.7,0.0,0,0,452,675242.6,64892,10.4056,0
0.7,0.0,0,0,451,675235.9,64892,10.4055,0
0.7,0.0,0,0,450,675217.4,64892,10.4052,0
0.7,0.0,0,0,449,675209.3,64892,10.4051,0
0.7,0.0,0,0,480,676402.1,64944,10.4152,0
0.7,0.0,0,0,479,676364.1,64944,10.4146,0
0.7,0.0,0,0,478,676349.0,64944,10.4143,0
0.7,0.0,0,0,477,676043.4,64892,10.418,0
0.7,0.0,0,0,444,675161.0,64892,10.4044,0
0.7,0.0,0,0,443,675166.5,64892,10.4045,0
0.7,0.0,0,0,442,675175.5,64892,10.4046,0
0.7,0.0,0,0,441,675209.9,64892,10.4051,0
0.7,0.0,0,0,408,674826.6,64892,10.3992,0
0.7,0.0,0,0,407,674867.7,64892,10.3999,0
0.7,0.0,0,0,438,675127.0,64892,10.4039,0
0.7,0.0,0,0,437,675125.5,64892,10.4038,0
0.7,0.0,0,0,468,675855.5,64892,10.4151,0
0.7,0.0,0,0,467,675778.9,64892,10.4139,0
0.7,0.0,0,0,466,675831.7,64892,10.4147,0
0.7,0.0,0,0,465,675776.9,64892,10.4139,0
0.7,0.0,0,0,496,676078.6,64892,10.4185,0
0.7,0.0,0,0,495,676077.0,64892,10.4185,0
0.7,0.0,0,0,494,676040.3,64892,10.4179,0
0.7,0.0,0,0,493,676077.2,64892,10.4185,0
0.7,0.0,0,0,460,675524.3,64892,10.41,0
0.7,0.0,0,0,459,675493.8,64892,10.4095,0
0.7,0.0,0,0,458,675433.0,64892,10.4086,0
0.7,0.0,0,0,457,675409.5,64892,10.4082,0
0.7,0.0,0,0,424,674858.9,64892,10.3997,0
0.7,0.0,0,0,423,674842.8,64892,10.3995,0
0.7,0.0,0,0,454,675302.3,64892,10.4066,0
0.7,0.0,0,0,453,675305.5,64892,10.4066,0
0.7,0.0,0,0,484,676421.4,64944,10.4155,0
0.7,0.0,0,0,483,676408.6,64944,10.4153,0
0.7,0.0,0,0,482,676419.5,64944,10.4154,0
0.7,0.0,0,0,481,676374.3,64944,10.4147,0
0.7,0.0,0,0,512,676042.7,64892,10.418,0
0.7,0.0,0,0,511,676011.1,64892,10.4175,0
0.7,0.0,0,0,510,675996.3,64892,10.4173,0
0.7,0.0,0,0,509,676008.1,64892,10.4174,0
0.7,0.0,0,0,476,675994.6,64892,10.4172,0
0.7,0.0,0,0,475,675968.2,64892,10.4168,0
0.7,0.0,0,0,474,676208.9,64944,10.4122,0
0.7,0.0,0,0,473,675866.4,64892,10.4152,0
0.7,0.0,0,0,440,675161.2,64892,10.4044,0
0.7,0.0,0,0,439,675114.1,64892,10.4037,0
0.7,0.0,0,0,470,675820.8,64892,10.4145,0
0.7,0.0,0,0,469,675842.2,64892,10.4149,0
0.7,0.0,0,0,500,675958.8,64892,10.4167,0
0.7,0.0,0,0,499,676017.2,64892,10.4176,0
0.7,0.0,0,0,498,676026.5,64892,10.4177,0
0.7,0.0,0,0,497,676057.5,64892,10.4182,0
0.7,0.0,0,0,528,676125.4,64892,10.4192,0
0.7,0.0,0,0,527,676118.1,64892,10.4191,0
0.7,0.0,0,0,526,676130.0,64892,10.4193,0
0.7,0.0,0,0,525,676113.0,64892,10.4191,0
0.7,0.0,0,0,492,676046.4,64892,10.418,0
0.7,0.0,0,0,491,676373.1,64944,10.4147,0
0.7,0.0,0,0,490,676043.4,64892,10.418,0
0.7,0.0,0,0,489,676066.0,64892,10.4183,0
0.7,0.0,0,0,456,675402.5,64892,10.4081,0
0.7,0.0,0,0,455,675381.5,64892,10.4078,0
0.7,0.0,0,0,486,676405.5,64944,10.4152,0
0.7,0.0,0,0,485,676426.4,64944,10.4155,0
0.7,0.0,0,0,516,676070.1,64892,10.4184,0
0.7,0.0,0,0,515,676033.0,64892,10.4178,0
0.7,0.0,0,0,514,676070.3,64892,10.4184,0
0.7,0.0,0,0,513,676058.3,64892,10.4182,0
0.7,0.0,0,0,544,676119.6,64892,10.4192,0
0.7,0.0,0,0,543,676133.8,64892,10.4194,0
0.7,0.0,0,0,542,676140.1,64892,10.4195,0
0.7,0.0,0,0,541,676124.4,64892,10.4192,0
0.7,0.0,0,0,508,675997.5,64892,10.4173,0
0.7,0.0,0,0,507,675999.1,64892,10.4173,0
0.7,0.0,0,0,506,675957.4,64892,10.4167,0
0.7,0.0,0,0,505,675953.2,64892,10.4166,0
0.7,0.0,0,0,472,675833.4,64892,10.4147,0
0.7,0.0,0,0,471,675799.6,64892,10.4142,0
0.7,0.0,0,0,502,675998.1,64892,10.4173,0
0.7,0.0,0,0,501,675992.8,64892,10.4172,0
0.7,0.0,0,0,532,676134.0,64892,10.4194,0
0.7,0.0,0,0,531,676461.8,64944,10.4161,0
0.7,0.0,0,0,530,676115.7,64892,10.4191,0
0.7,0.0,0,0,529,676434.8,64944,10.4157,0
0.7,0.0,0,0,560,676225.9,64892,10.4208,0
0.7,0.0,0,0,559,676219.5,64892,10.4207,0
0.7,0.0,0,0,558,676208.4,64892,10.4205,0
0.7,0.0,0,0,557,676197.3,64892,10.4203,0
0.7,0.0,0,0,524,676151.9,64892,10.4196,0
0.7,0.0,0,0,523,676131.1,64892,10.4193,0
0.7,0.0,0,0,522,676142.8,64892,10.4195,0
0.7,0.0,0,0,521,676094.0,64892,10.4188,0
0.7,0.0,0,0,488,676071.4,64892,10.4184,0
0.7,0.0,0,0,487,676059.9,64892,10.4182,0
0.7,0.0,0,0,518,676103.8,64892,10.4189,0
0.7,0.0,0,0,517,676088.4,64892,10.4187,0
0.7,0.0,0,0,548,676167.7,64892,10.4199,0
0.7,0.0,0,0,547,676150.7,64892,10.4196,0
0.7,0.0,0,0,546,676144.1,64892,10.4195,0
0.7,0.0,0,0,545,676115.9,64892,10.4191,0
0.7,0.0,0,0,576,676233.2,64892,10.4209,0
0.7,0.0,0,0,575,676209.0,64892,10.4205,0
0.7,0.0,0,0,574,676221.2,64892,10.4207,0
0.7,0.0,0,0,573,676206.4,64892,10.4205,0
0.7,0.0,0,0,540,676124.5,64892,10.4192,0
0.7,0.0,0,0,539,676123.9,64892,10.4192,0
0.7,0.0,0,0,538,676135.1,64892,10.4194,0
0.7,0.0,0,0,537,676114.2,64892,10.4191,0
0.7,0.0,0,0,504,675972.8,64892,10.4169,0
0.7,0.0,0,0,503,675992.3,64892,10.4172,0
0.7,0.0,0,0,534,676149.8,64892,10.4196,0
0.7,0.0,0,0,533,676165.6,64892,10.4199,0
0.7,0.0,0,0,568,676185.8,64892,10.4202,0
0.7,0.0,0,0,567,676181.1,64892,10.4201,0
0.7,0.0,0,0,566,676196.8,64892,10.4203,0
0.7,0.0,0,0,565,676192.8,64892,10.4203,0
0.7,0.0,0,0,564,676193.8,64892,10.4203,0
0.7,0.0,0,0,563,676222.3,64892,10.4207,0
0.7,0.0,0,0,562,676226.9,64892,10.4208,0
0.7,0.0,0,0,561,676201.7,64892,10.4204,0
0.7,0.0,0,0,556,676181.8,64892,10.4201,0
0.7,0.0,0,0,555,676165.7,64892,10.4199,0
0.7,0.0,0,0,554,676158.7,64892,10.4198,0
0.7,0.0,0,0,553,676139.3,64892,10.4195,0
0.7,0.0,0,0,520,676107.6,64892,10.419,0
0.7,0.0,0,0,519,676098.8,64892,10.4188,0
0.7,0.0,0,0,552,676123.0,64892,10.4192,0
0.7,0.0,0,0,551,676129.7,64892,10.4193,0
0.7,0.0,0,0,550,676133.2,64892,10.4194,0
0.7,0.0,0,0,549,676132.1,64892,10.4193,0
0.7,0.0,0,0,572,676206.0,64892,10.4205,0
0.7,0.0,0,0,571,676204.3,64892,10.4205,0
0.7,0.0,0,0,570,676222.4,64892,10.4207,0
0.7,0.0,0,0,569,676217.1,64892,10.4207,0
0.7,0.0,0,0,536,676132.2,64892,10.4193,0
0.7,0.0,0,0,535,676116.4,64892,10.4191,0
0.7,0.1,0,1,523,563314.0,74325,7.5791,0
0.7,0.1,0,1,522,563314.6,74325,7.5791,0
0.7,0.1,0,1,538,563316.3,74325,7.5791,0
0.7,0.1,0,1,534,563318.3,74325,7.5791,0
0.7,0.1,0,1,533,563322.5,74325,7.5792,0
0.7,0.1,0,1,524,563328.1,74325,7.5793,0
0.7,0.1,0,1,545,563336.8,74325,7.5794,0
0.7,0.1,0,1,541,563337.9,74325,7.5794,0
0.7,0.1,0,1,542,563355.9,74325,7.5796,0
0.7,0.1,0,1,544,563357.3,74325,7.5796,0
0.7,0.1,0,1,546,563359.4,74325,7.5797,0
0.7,0.1,0,1,543,563360.9,74325,7.5797,0
0.7,0.1,0,1,550,563361.5,74325,7.5797,0
0.7,0.1,0,1,547,563363.5,74325,7.5797,0
0.7,0.1,0,1,549,563371.4,74325,7.5798,0
0.7,0.1,0,1,552,563372.6,74325,7.5799,0
0.7,0.1,0,1,548,563376.4,74325,7.5799,0
0.7,0.1,0,1,551,563378.6,74325,7.5799,0
0.7,0.1,0,1,553,563383.2,74325,7.58,0
0.7,0.1,0,1,554,563400.8,74325,7.5802,0
0.7,0.1,0,1,555,563405.1,74325,7.5803,0
0.7,0.1,0,1,556,563412.6,74325,7.5804,0
0.7,0.1,0,1,567,563427.9,74325,7.5806,0
0.7,0.1,0,1,568,563433.8,74325,7.5807,0
0.7,0.1,0,1,565,563436.7,74325,7.5807,0
0.7,0.1,0,1,557,563436.9,74325,7.5807,0
0.7,0.1,0,1,564,563439.5,74325,7.5808,0
0.7,0.1,0,1,566,563439.9,74325,7.5808,0
0.7,0.1,0,1,561,563441.4,74325,7.5808,0
0.7,0.1,0,1,571,563452.7,74325,7.5809,0
0.7,0.1,0,1,558,563454.3,74325,7.581,0
0.7,0.1,0,1,569,563459.1,74325,7.581,0
0.7,0.1,0,1,572,563459.3,74325,7.581,0
0.7,0.1,0,1,570,563460.9,74325,7.581,0
0.7,0.1,0,1,575,563462.4,74325,7.5811,0
0.7,0.1,0,1,563,563465.6,74325,7.5811,0
0.7,0.1,0,1,562,563466.3,74325,7.5811,0
0.7,0.1,0,1,573,563466.4,74325,7.5811,0
0.7,0.1,0,1,559,563468.5,74325,7.5811,0
0.7,0.1,0,1,560,563468.5,74325,7.5811,0
0.7,0.1,0,1,574,563477.8,74325,7.5813,0
0.7,0.1,0,0,122,567157.4,74960,7.5661,0
0.7,0.1,0,0,123,568755.4,74931,7.5904,0
0.7,0.1,0,0,124,570447.5,75029,7.603,0
0.7,0.1,0,0,131,575651.1,74798,7.6961,0
0.7,0.1,0,0,132,576431.4,75057,7.6799,0
0.7,0.1,0,0,173,599212.3,75996,7.8848,0
0.7,0.1,0,0,174,599732.8,76176,7.873,0
0.7,0.1,0,0,175,599892.2,76038,7.8894,0
0.7,0.1,0,0,176,599343.0,76041,7.8818,0
0.7,0.1,0,0,145,584347.7,75692,7.7201,0
0.7,0.1,0,0,146,585320.1,75694,7.7327,0
0.7,0.1,0,0,147,585083.3,75753,7.7236,0
0.7,0.1,0,0,148,585967.8,75673,7.7434,0
0.7,0.1,0,0,119,564386.3,75097,7.5154,0
0.7,0.1,0,0,120,564810.8,75083,7.5225,0
0.7,0.1,0,0,171,598120.8,75953,7.8749,0
0.7,0.1,0,0,172,598673.1,76064,7.8706,0
0.7,0.1,0,0,205,609370.9,76381,7.978,0
0.7,0.1,0,0,206,609792.4,76295,7.9926,0
0.7,0.1,0,0,187,605319.3,76379,7.9252,0
0.7,0.1,0,0,188,605245.1,76379,7.9242,0
0.7,0.1,0,0,221,613841.8,76433,8.0311,0
0.7,0.1,0,0,222,614517.6,76447,8.0385,0
0.7,0.1,0,0,189,605786.1,76379,7.9313,0
0.7,0.1,0,0,190,606342.6,76332,7.9435,0
0.7,0.1,0,0,191,607134.6,76436,7.943,0
0.7,0.1,0,0,192,607467.6,76390,7.9522,0
0.7,0.1,0,0,161,595437.4,76265,7.8075,0
0.7,0.1,0,0,162,595296.0,76231,7.8091,0
0.7,0.1,0,0,163,596444.5,76248,7.8224,0
0.7,0.1,0,0,164,596616.5,76231,7.8264,0
0.7,0.1,0,0,135,578479.1,75130,7.6997,0
0.7,0.1,0,0,136,579589.1,75282,7.6989,0
0.7,0.1,0,0,137,579958.2,75353,7.6966,0
0.7,0.1,0,0,170,597870.8,76187,7.8474,0
0.7,0.1,0,0,203,609155.5,76336,7.9799,0
0.7,0.1,0,0,204,609166.1,76336,7.9801,0
0.7,0.1,0,0,237,617812.0,76475,8.0786,0
0.7,0.1,0,0,238,617876.0,76475,8.0795,0
0.7,0.1,0,0,207,610028.8,76381,7.9867,0
0.7,0.1,0,0,208,610646.1,76316,8.0015,0
0.7,0.1,0,0,177,599748.3,76003,7.8911,0
0.7,0.1,0,0,178,600274.2,75955,7.903,0
0.7,0.1,0,0,179,600651.0,76116,7.8913,0
0.7,0.1,0,0,180,601300.0,76235,7.8875,0
0.7,0.1,0,0,151,587848.6,75886,7.7465,0
0.7,0.1,0,0,152,589032.7,75860,7.7647,0
0.7,0.1,0,0,153,589405.0,75854,7.7703,0
0.7,0.1,0,0,186,604190.4,76295,7.9191,0
0.7,0.1,0,0,219,613152.5,76392,8.0264,0
0.7,0.1,0,0,220,613508.6,76433,8.0268,0
0.7,0.1,0,0,253,621939.3,76638,8.1153,0
0.7,0.1,0,0,254,621538.4,76588,8.1153,0
0.7,0.1,0,0,223,614286.7,76312,8.0497,0
0.7,0.1,0,0,224,614089.5,76359,8.0421,0
0.7,0.1,0,0,193,607521.7,76419,7.9499,0
0.7,0.1,0,0,194,607948.4,76499,7.9471,0
0.7,0.1,0,0,195,608265.3,76318,7.9701,0
0.7,0.1,0,0,196,607943.4,76327,7.965,0
0.7,0.1,0,0,133,576891.5,75078,7.6839,0
0.7,0.1,0,0,134,577985.8,75032,7.7032,0
0.7,0.1,0,0,167,596695.4,75954,7.856,0
0.7,0.1,0,0,168,597404.6,76147,7.8454,0
0.7,0.1,0,0,169,598229.2,76546,7.8153,0
0.7,0.1,0,0,202,609234.2,76336,7.981,0
0.7,0.1,0,0,235,617451.9,76537,8.0674,0
0.7,0.1,0,0,236,617746.1,76475,8.0778,0
0.7,0.1,0,0,269,622289.7,76468,8.1379,0
0.7,0.1,0,0,270,622353.2,76468,8.1387,0
0.7,0.1,0,0,239,618735.9,76589,8.0787,0
0.7,0.1,0,0,240,619753.3,76539,8.0972,0
0.7,0.1,0,0,209,610985.9,76271,8.0107,0
0.7,0.1,0,0,210,611473.3,76271,8.0171,0
0.7,0.1,0,0,211,611532.3,76316,8.0132,0
0.7,0.1,0,0,212,611828.6,76336,8.0149,0
0.7,0.1,0,0,149,587334.1,75851,7.7433,0
0.7,0.1,0,0,150,587583.4,75843,7.7474,0
0.7,0.1,0,0,183,602926.2,76338,7.8981,0
0.7,0.1,0,0,184,603273.2,76321,7.9044,0
0.7,0.1,0,0,185,603641.3,76321,7.9092,0
0.7,0.1,0,0,218,613121.5,76333,8.0322,0
0.7,0.1,0,0,250,621362.1,76650,8.1065,0
0.7,0.1,0,0,251,621574.9,76638,8.1105,0
0.7,0.1,0,0,252,621304.5,76574,8.1138,0
0.7,0.1,0,0,285,624476.4,76404,8.1733,0
0.7,0.1,0,0,255,621621.3,76574,8.1179,0
0.7,0.1,0,0,256,620643.5,76510,8.1119,0
0.7,0.1,0,0,225,615002.0,76446,8.0449,0
0.7,0.1,0,0,226,615376.2,76446,8.0498,0
0.7,0.1,0,0,227,615617.1,76399,8.0579,0
0.7,0.1,0,0,228,616250.3,76399,8.0662,0
0.7,0.1,0,0,165,596247.3,76113,7.8337,0
0.7,0.1,0,0,166,596727.9,76138,7.8375,0
0.7,0.1,0,0,199,608408.4,76449,7.9584,0
0.7,0.1,0,0,200,608677.5,76508,7.9557,0
0.7,0.1,0,0,201,608957.1,76336,7.9773,0
0.7,0.1,0,0,234,617193.6,76399,8.0786,0
0.7,0.1,0,0,232,616555.6,76399,8.0702,0
0.7,0.1,0,0,233,616998.8,76461,8.0695,0
0.7,0.1,0,0,266,621782.6,76468,8.1313,0
0.7,0.1,0,0,267,622062.8,76468,8.1349,0
0.7,0.1,0,0,268,622073.1,76468,8.1351,0
0.7,0.1,0,0,271,622178.0,76396,8.1441,0
0.7,0.1,0,0,272,622491.5,76468,8.1405,0
0.7,0.1,0,0,241,618958.5,76525,8.0883,0
0.7,0.1,0,0,242,620360.1,76539,8.1052,0
0.7,0.1,0,0,243,619495.6,76522,8.0957,0
0.7,0.1,0,0,244,620741.4,76539,8.1101,0
0.7,0.1,0,0,181,601906.9,76307,7.888,0
0.7,0.1,0,0,182,603002.0,76275,7.9056,0
0.7,0.1,0,0,215,612607.2,76271,8.032,0
0.7,0.1,0,0,216,612692.6,76330,8.0269,0
0.7,0.1,0,0,217,612876.0,76392,8.0228,0
0.7,0.1,0,0,275,622978.6,76468,8.1469,0
0.7,0.1,0,0,276,623250.5,76468,8.1505,0
0.7,0.1,0,0,213,611892.9,76330,8.0164,0
0.7,0.1,0,0,214,613534.4,76417,8.0288,0
0.7,0.1,0,0,247,620763.6,76586,8.1054,0
0.7,0.1,0,0,248,620716.9,76586,8.1048,0
0.7,0.1,0,0,249,620826.5,76588,8.1061,0
0.7,0.1,0,0,282,623880.3,76404,8.1655,0
0.7,0.1,0,0,283,624295.8,76404,8.171,0
0.7,0.1,0,0,257,621008.7,76574,8.1099,0
0.7,0.1,0,0,258,622618.1,76638,8.1241,0
0.7,0.1,0,0,259,622747.0,76638,8.1258,0
0.7,0.1,0,0,260,621632.0,76574,8.1181,0
0.7,0.1,0,0,197,608109.7,76282,7.9719,0
0.7,0.1,0,0,198,608131.4,76327,7.9674,0
0.7,0.1,0,0,231,616368.1,76399,8.0678,0
0.7,0.1,0,0,277,622186.4,76404,8.1434,0
0.7,0.1,0,0,278,623807.2,76468,8.1578,0
0.7,0.1,0,0,261,620288.7,76454,8.1132,0
0.7,0.1,0,0,262,621136.8,76404,8.1296,0
0.7,0.1,0,0,245,620916.9,76539,8.1124,0
0.7,0.1,0,0,246,620922.9,76524,8.1141,0
0.7,0.1,0,0,279,623908.5,76468,8.1591,0
0.7,0.1,0,0,280,623719.2,76404,8.1634,0
0.7,0.1,0,0,281,624027.4,76404,8.1675,0
0.7,0.1,0,0,229,616291.1,76399,8.0667,0
0.7,0.1,0,0,230,616257.2,76399,8.0663,0
0.7,0.1,0,0,263,621793.7,76518,8.1261,0
0.7,0.1,0,0,264,621669.4,76518,8.1245,0
0.7,0.1,0,0,265,621614.2,76468,8.1291,0
0.7,0.1,0,0,273,622710.1,76468,8.1434,0
0.7,0.1,0,0,274,622625.2,76396,8.15,0
0.7,0.1,0,0,121,566451.7,75008,7.5519,0
0.7,0.1,0,0,154,590283.5,75868,7.7804,0
0.7,0.1,0,0,155,590457.0,75939,7.7754,0
0.7,0.1,0,0,156,590841.4,75910,7.7834,0
0.7,0.1,0,1,576,563489.4,74325,7.5814,0
0.7,0.1,0,0,157,591496.6,75900,7.7931,0
0.7,0.1,0,0,158,592267.9,75949,7.7982,0
0.7,0.1,0,0,159,593367.1,76104,7.7968,0
0.7,0.1,0,0,160,593336.7,75923,7.815,0
0.7,0.1,0,0,129,574761.3,75026,7.6608,0
0.7,0.1,0,0,130,574897.0,75022,7.663,0
0.7,0.1,0,0,125,571145.6,74744,7.6414,0
0.7,0.1,0,0,126,572033.5,74748,7.6528,0
0.7,0.1,0,0,127,573687.9,74936,7.6557,0
0.7,0.1,0,0,128,574585.6,74986,7.6626,0
0.7,0.1,0,0,138,580409.6,75668,7.6705,0
0.7,0.1,0,0,139,580030.1,75415,7.6912,0
0.7,0.1,0,0,140,581050.8,75595,7.6864,0
0.7,0.1,0,0,141,581980.5,75559,7.7023,0
0.7,0.1,0,0,142,583110.7,75706,7.7023,0
0.7,0.1,0,0,143,584056.1,75706,7.7148,0
0.7,0.1,0,0,144,583901.4,75794,7.7038,0
0.7,0.1,0,0,399,628078.8,76516,8.2085,0
0.7,0.1,0,0,400,628017.0,76516,8.2077,0
0.7,0.1,0,0,369,627462.2,76516,8.2004,0
0.7,0.1,0,0,370,627558.8,76516,8.2017,0
0.7,0.1,0,0,371,627611.3,76516,8.2024,0
0.7,0.1,0,0,372,627673.3,76516,8.2032,0
0.7,0.1,0,0,309,625674.7,76468,8.1822,0
0.7,0.1,0,0,310,625637.4,76468,8.1817,0
0.7,0.1,0,0,343,627071.6,76468,8.2004,0
0.7,0.1,0,0,344,627250.7,76468,8.2028,0
0.7,0.1,0,0,345,627156.4,76468,8.2016,0
0.7,0.1,0,0,378,627944.5,76516,8.2067,0
0.7,0.1,0,0,379,627957.8,76516,8.2069,0
0.7,0.1,0,0,380,628045.1,76516,8.208,0
0.7,0.1,0,0,413,628094.7,76516,8.2087,0
0.7,0.1,0,0,414,628066.3,76516,8.2083,0
0.7,0.1,0,0,383,628255.6,76516,8.2108,0
0.7,0.1,0,0,384,628212.1,76516,8.2102,0
0.7,0.1,0,0,353,627109.2,76516,8.1958,0
0.7,0.1,0,0,354,627235.2,76516,8.1974,0
0.7,0.1,0,0,355,627180.5,76516,8.1967,0
0.7,0.1,0,0,356,627006.6,76516,8.1945,0
0.7,0.1,0,0,293,626036.5,76468,8.1869,0
0.7,0.1,0,0,294,625791.5,76468,8.1837,0
0.7,0.1,0,0,327,626561.9,76468,8.1938,0
0.7,0.1,0,0,328,626663.0,76468,8.1951,0
0.7,0.1,0,0,329,626614.5,76468,8.1945,0
0.7,0.1,0,0,362,627098.5,76516,8.1957,0
0.7,0.1,0,0,363,627142.0,76516,8.1962,0
0.7,0.1,0,0,364,627193.0,76516,8.1969,0
0.7,0.1,0,0,397,628020.3,76516,8.2077,0
0.7,0.1,0,0,398,627987.1,76516,8.2073,0
0.7,0.1,0,0,367,627334.0,76516,8.1987,0
0.7,0.1,0,0,368,627383.2,76516,8.1994,0
0.7,0.1,0,0,337,626873.7,76468,8.1979,0
0.7,0.1,0,0,338,626879.0,76468,8.1979,0
0.7,0.1,0,0,339,626851.4,76468,8.1976,0
0.7,0.1,0,0,340,626897.5,76468,8.1982,0
0.7,0.1,0,0,311,625738.0,76468,8.183,0
0.7,0.1,0,0,312,625749.1,76468,8.1831,0
0.7,0.1,0,0,313,625896.5,76468,8.1851,0
0.7,0.1,0,0,346,627070.5,76468,8.2004,0
0.7,0.1,0,0,347,627105.9,76516,8.1957,0
0.7,0.1,0,0,348,627104.2,76516,8.1957,0
0.7,0.1,0,0,381,628106.9,76516,8.2088,0
0.7,0.1,0,0,382,628181.4,76516,8.2098,0
0.7,0.1,0,0,351,627016.5,76516,8.1946,0
0.7,0.1,0,0,352,627089.4,76516,8.1955,0
0.7,0.1,0,0,321,626449.4,76468,8.1923,0
0.7,0.1,0,0,322,626478.5,76468,8.1927,0
0.7,0.1,0,0,323,626433.7,76468,8.1921,0
0.7,0.1,0,0,324,626519.5,76468,8.1932,0
0.7,0.1,0,0,295,625720.8,76468,8.1828,0
0.7,0.1,0,0,296,625725.7,76468,8.1828,0
0.7,0.1,0,0,297,625548.5,76468,8.1805,0
0.7,0.1,0,0,330,626639.3,76468,8.1948,0
0.7,0.1,0,0,331,626778.9,76468,8.1966,0
0.7,0.1,0,0,332,626920.2,76468,8.1985,0
0.7,0.1,0,0,365,627261.9,76516,8.1978,0
0.7,0.1,0,0,366,627376.3,76516,8.1993,0
0.7,0.1,0,0,335,626906.0,76468,8.1983,0
0.7,0.1,0,0,336,626788.9,76468,8.1967,0
0.7,0.1,0,0,305,625853.3,76468,8.1845,0
0.7,0.1,0,0,306,625834.5,76468,8.1843,0
0.7,0.1,0,0,307,625738.8,76468,8.183,0
0.7,0.1,0,0,308,625661.2,76468,8.182,0
0.7,0.1,0,0,314,625935.6,76468,8.1856,0
0.7,0.1,0,0,315,625966.4,76468,8.186,0
0.7,0.1,0,0,316,625985.8,76468,8.1862,0
0.7,0.1,0,0,349,627052.1,76516,8.195,0
0.7,0.1,0,0,350,627020.8,76516,8.1946,0
0.7,0.1,0,0,415,628049.8,76516,8.2081,0
0.7,0.1,0,0,416,628088.0,76516,8.2086,0
0.7,0.1,0,0,385,628178.4,76516,8.2098,0
0.7,0.1,0,0,386,628239.0,76516,8.2106,0
0.7,0.1,0,0,387,628153.0,76516,8.2094,0
0.7,0.1,0,0,388,628168.7,76516,8.2096,0
0.7,0.1,0,0,325,626505.3,76468,8.193,0
0.7,0.1,0,0,326,626543.2,76468,8.1935,0
0.7,0.1,0,0,359,627025.5,76516,8.1947,0
0.7,0.1,0,0,360,626972.1,76516,8.194,0
0.7,0.1,0,0,361,627078.7,76516,8.1954,0
0.7,0.1,0,0,394,628081.9,76516,8.2085,0
0.7,0.1,0,0,395,628017.1,76516,8.2077,0
0.7,0.1,0,0,396,628050.6,76516,8.2081,0
0.7,0.1,0,0,429,628033.6,76516,8.2079,0
0.7,0.1,0,0,430,628008.9,76516,8.2076,0
0.7,0.1,0,0,319,626217.7,76468,8.1893,0
0.7,0.1,0,0,320,626356.4,76468,8.1911,0
0.7,0.1,0,0,289,625456.4,76404,8.1862,0
0.7,0.1,0,0,290,625542.8,76404,8.1873,0
0.7,0.1,0,0,291,625419.2,76404,8.1857,0
0.7,0.1,0,0,292,625706.7,76468,8.1826,0
0.7,0.1,0,0,298,625700.4,76468,8.1825,0
0.7,0.1,0,0,299,625657.5,76468,8.182,0
0.7,0.1,0,0,300,625538.4,76468,8.1804,0
0.7,0.1,0,0,333,626798.7,76468,8.1969,0
0.7,0.1,0,0,334,626939.4,76468,8.1987,0
0.7,0.1,0,0,303,625834.5,76468,8.1843,0
0.7,0.1,0,0,304,625755.1,76468,8.1832,0
0.7,0.1,0,0,284,624730.1,76404,8.1767,0
0.7,0.1,0,0,317,626118.7,76468,8.188,0
0.7,0.1,0,0,318,626153.7,76468,8.1884,0
0.7,0.1,0,0,431,627979.4,76516,8.2072,0
0.7,0.1,0,0,432,627983.0,76516,8.2072,0
0.7,0.1,0,0,401,628017.8,76516,8.2077,0
0.7,0.1,0,0,402,627993.3,76516,8.2073,0
0.7,0.1,0,0,403,628029.1,76516,8.2078,0
0.7,0.1,0,0,404,628065.3,76516,8.2083,0
0.7,0.1,0,0,341,626895.6,76468,8.1981,0
0.7,0.1,0,0,342,627052.2,76468,8.2002,0
0.7,0.1,0,0,375,627840.5,76516,8.2053,0
0.7,0.1,0,0,376,627826.3,76516,8.2052,0
0.7,0.1,0,0,377,627805.3,76516,8.2049,0
0.7,0.1,0,0,410,628101.2,76516,8.2088,0
0.7,0.1,0,0,411,628098.9,76516,8.2087,0
0.7,0.1,0,0,412,628079.3,76516,8.2085,0
0.7,0.1,0,0,445,628140.0,76516,8.2093,0
0.7,0.1,0,0,446,628113.6,76516,8.2089,0
0.7,0.1,0,0,287,624716.4,76404,8.1765,0
0.7,0.1,0,0,288,625489.1,76404,8.1866,0
0.7,0.1,0,0,301,625506.8,76468,8.18,0
0.7,0.1,0,0,302,625696.3,76468,8.1825,0
0.7,0.1,0,0,447,628135.1,76516,8.2092,0
0.7,0.1,0,0,448,628194.6,76516,8.21,0
0.7,0.1,0,0,417,627944.9,76516,8.2067,0
0.7,0.1,0,0,418,627927.9,76516,8.2065,0
0.7,0.1,0,0,419,627948.5,76516,8.2068,0
0.7,0.1,0,0,420,627971.0,76516,8.2071,0
0.7,0.1,0,0,357,627047.0,76516,8.195,0
0.7,0.1,0,0,358,626991.7,76516,8.1943,0
0.7,0.1,0,0,391,628057.1,76516,8.2082,0
0.7,0.1,0,0,392,628011.6,76516,8.2076,0
0.7,0.1,0,0,393,628003.8,76516,8.2075,0
0.7,0.1,0,0,426,628012.9,76516,8.2076,0
0.7,0.1,0,0,427,628038.6,76516,8.2079,0
0.7,0.1,0,0,428,628065.6,76516,8.2083,0
0.7,0.1,0,0,461,628521.7,76581,8.2073,0
0.7,0.1,0,0,462,628566.0,76581,8.2079,0
0.7,0.1,0,0,286,624752.8,76404,8.177,0
0.7,0.1,0,0,463,628616.9,76581,8.2085,0
0.7,0.1,0,0,464,628639.9,76581,8.2088,0
0.7,0.1,0,0,433,627968.6,76516,8.207,0
0.7,0.1,0,0,434,628003.6,76516,8.2075,0
0.7,0.1,0,0,435,628048.5,76516,8.2081,0
0.7,0.1,0,0,436,628083.7,76516,8.2085,0
0.7,0.1,0,0,373,627771.8,76516,8.2045,0
0.7,0.1,0,0,374,627773.2,76516,8.2045,0
0.7,0.1,0,0,407,628113.9,76516,8.2089,0
0.7,0.1,0,0,408,628113.3,76516,8.2089,0
0.7,0.1,0,0,409,628147.1,76516,8.2094,0
0.7,0.1,0,0,442,628154.1,76516,8.2094,0
0.7,0.1,0,0,443,628174.8,76516,8.2097,0
0.7,0.1,0,0,444,628168.6,76516,8.2096,0
0.7,0.1,0,0,477,628865.1,76581,8.2118,0
0.7,0.1,0,0,478,628874.2,76581,8.2119,0
0.7,0.1,0,0,479,628867.6,76581,8.2118,0
0.7,0.1,0,0,480,628883.5,76581,8.212,0
0.7,0.1,0,0,449,628178.8,76516,8.2098,0
0.7,0.1,0,0,450,628171.8,76516,8.2097,0
0.7,0.1,0,0,451,628154.5,76516,8.2095,0
0.7,0.1,0,0,452,628162.4,76516,8.2096,0
0.7,0.1,0,0,389,628148.8,76516,8.2094,0
0.7,0.1,0,0,390,628074.4,76516,8.2084,0
0.7,0.1,0,0,423,627932.4,76516,8.2066,0
0.7,0.1,0,0,424,627933.3,76516,8.2066,0
0.7,0.1,0,0,425,627946.5,76516,8.2067,0
0.7,0.1,0,0,458,628514.1,76581,8.2072,0
0.7,0.1,0,0,459,628553.5,76581,8.2077,0
0.7,0.1,0,0,460,628522.4,76581,8.2073,0
0.7,0.1,0,0,493,628855.9,76581,8.2116,0
0.7,0.1,0,0,494,628809.3,76581,8.211,0
0.7,0.1,0,0,495,628839.7,76581,8.2114,0
0.7,0.1,0,0,496,628836.8,76581,8.2114,0
0.7,0.1,0,0,465,628677.4,76581,8.2093,0
0.7,0.1,0,0,466,628711.5,76581,8.2098,0
0.7,0.1,0,0,467,628667.6,76581,8.2092,0
0.7,0.1,0,0,468,628735.4,76581,8.2101,0
0.7,0.1,0,0,405,628069.2,76516,8.2083,0
0.7,0.1,0,0,406,628095.5,76516,8.2087,0
0.7,0.1,0,0,439,628087.9,76516,8.2086,0
0.7,0.1,0,0,440,628139.6,76516,8.2093,0
0.7,0.1,0,0,441,628168.6,76516,8.2096,0
0.7,0.1,0,0,474,628759.7,76581,8.2104,0
0.7,0.1,0,0,475,628788.6,76581,8.2108,0
0.7,0.1,0,0,476,628814.2,76581,8.2111,0
0.7,0.1,0,0,509,628829.2,76581,8.2113,0
0.7,0.1,0,0,510,628823.2,76581,8.2112,0
0.7,0.1,0,0,511,628834.5,76581,8.2114,0
0.7,0.1,0,0,512,628873.8,76581,8.2119,0
0.7,0.1,0,0,481,628861.2,76581,8.2117,0
0.7,0.1,0,0,482,628864.5,76581,8.2118,0
0.7,0.1,0,0,483,628854.0,76581,8.2116,0
0.7,0.1,0,0,484,628870.3,76581,8.2118,0
0.7,0.1,0,0,421,627979.4,76516,8.2072,0
0.7,0.1,0,0,422,628000.1,76516,8.2074,0
0.7,0.1,0,0,455,628463.9,76581,8.2065,0
0.7,0.1,0,0,456,628457.3,76581,8.2064,0
0.7,0.1,0,0,457,628474.7,76581,8.2067,0
0.7,0.1,0,0,490,628795.5,76581,8.2109,0
0.7,0.1,0,0,491,628802.1,76581,8.2109,0
0.7,0.1,0,0,492,628828.2,76581,8.2113,0
0.7,0.1,0,0,525,628916.8,76581,8.2124,0
0.7,0.1,0,0,526,628923.8,76581,8.2125,0
0.7,0.1,0,0,527,628897.6,76581,8.2122,0
0.7,0.1,0,0,528,628908.6,76581,8.2123,0
0.7,0.1,0,0,497,628833.9,76581,8.2114,0
0.7,0.1,0,0,498,628840.8,76581,8.2114,0
0.7,0.1,0,0,499,628841.2,76581,8.2115,0
0.7,0.1,0,0,500,628816.0,76581,8.2111,0
0.7,0.1,0,0,437,628097.1,76516,8.2087,0
0.7,0.1,0,0,438,628088.3,76516,8.2086,0
0.7,0.1,0,0,471,628752.9,76581,8.2103,0
0.7,0.1,0,0,472,628737.7,76581,8.2101,0
0.7,0.1,0,0,473,628762.2,76581,8.2104,0
0.7,0.1,0,0,506,628777.3,76581,8.2106,0
0.7,0.1,0,0,507,628803.8,76581,8.211,0
0.7,0.1,0,0,508,628810.7,76581,8.2111,0
0.7,0.1,0,0,541,628950.9,76581,8.2129,0
0.7,0.1,0,0,542,628978.3,76581,8.2132,0
0.7,0.1,0,0,543,628975.0,76581,8.2132,0
0.7,0.1,0,0,544,628966.8,76581,8.2131,0
0.7,0.1,0,0,513,628898.4,76581,8.2122,0
0.7,0.1,0,0,514,628912.7,76581,8.2124,0
0.7,0.1,0,0,515,628881.3,76581,8.212,0
0.7,0.1,0,0,516,628900.2,76581,8.2122,0
0.7,0.1,0,0,453,628443.6,76581,8.2063,0
0.7,0.1,0,0,454,628142.9,76516,8.2093,0
0.7,0.1,0,0,487,628832.1,76581,8.2113,0
0.7,0.1,0,0,488,628812.0,76581,8.2111,0
0.7,0.1,0,0,489,628792.9,76581,8.2108,0
0.7,0.1,0,0,522,628945.4,76581,8.2128,0
0.7,0.1,0,0,523,628939.9,76581,8.2127,0
0.7,0.1,0,0,524,628950.8,76581,8.2129,0
0.7,0.1,0,0,557,629040.3,76581,8.2141,0
0.7,0.1,0,0,558,629058.2,76581,8.2143,0
0.7,0.1,0,0,559,629070.2,76581,8.2144,0
0.7,0.1,0,0,560,629073.2,76581,8.2145,0
0.7,0.1,0,0,529,628923.3,76581,8.2125,0
0.7,0.1,0,0,530,628918.7,76581,8.2125,0
0.7,0.1,0,0,531,628937.9,76581,8.2127,0
0.7,0.1,0,0,532,628922.4,76581,8.2125,0
0.7,0.1,0,0,469,628751.8,76581,8.2103,0
0.7,0.1,0,0,470,628755.1,76581,8.2103,0
0.7,0.1,0,0,503,628815.3,76581,8.2111,0
0.7,0.1,0,0,504,628798.4,76581,8.2109,0
0.7,0.1,0,0,505,628784.3,76581,8.2107,0
0.7,0.1,0,0,538,628931.1,76581,8.2126,0
0.7,0.1,0,0,539,628924.8,76581,8.2125,0
0.7,0.1,0,0,540,628923.0,76581,8.2125,0
0.7,0.1,0,0,573,629065.8,76581,8.2144,0
0.7,0.1,0,0,574,629077.7,76581,8.2145,0
0.7,0.1,0,0,575,629064.4,76581,8.2144,0
0.7,0.1,0,0,576,629091.5,76581,8.2147,0
0.7,0.1,0,0,545,628946.6,76581,8.2128,0
0.7,0.1,0,0,546,628971.1,76581,8.2131,0
0.7,0.1,0,0,547,628974.8,76581,8.2132,0
0.7,0.1,0,0,548,628989.6,76581,8.2134,0
0.7,0.1,0,0,485,628869.1,76581,8.2118,0
0.7,0.1,0,0,486,628854.4,76581,8.2116,0
0.7,0.1,0,0,519,628896.7,76581,8.2122,0
0.7,0.1,0,0,520,628904.2,76581,8.2123,0
0.7,0.1,0,0,521,628910.7,76581,8.2124,0
0.7,0.1,0,0,554,629004.5,76581,8.2136,0
0.7,0.1,0,0,555,629010.7,76581,8.2137,0
0.7,0.1,0,0,556,629020.4,76581,8.2138,0
0.7,0.1,0,0,562,629069.6,76581,8.2144,0
0.7,0.1,0,0,563,629071.1,76581,8.2145,0
0.7,0.1,0,0,564,629044.5,76581,8.2141,0
0.7,0.1,0,0,565,629041.2,76581,8.2141,0
0.7,0.1,0,0,566,629044.3,76581,8.2141,0
0.7,0.1,0,0,533,628946.5,76581,8.2128,0
0.7,0.1,0,0,534,628944.2,76581,8.2128,0
0.7,0.1,0,0,567,629028.8,76581,8.2139,0
0.7,0.1,0,0,501,628852.5,76581,8.2116,0
0.7,0.1,0,0,502,628847.1,76581,8.2115,0
0.7,0.1,0,0,535,628926.8,76581,8.2126,0
0.7,0.1,0,0,536,628920.3,76581,8.2125,0
0.7,0.1,0,0,537,628909.4,76581,8.2123,0
0.7,0.1,0,0,570,629057.5,76581,8.2143,0
0.7,0.1,0,0,571,629050.3,76581,8.2142,0
0.7,0.1,0,0,572,629057.6,76581,8.2143,0
0.7,0.1,0,0,568,629032.3,76581,8.2139,0
0.7,0.1,0,0,569,629057.8,76581,8.2143,0
0.7,0.1,0,0,517,628905.7,76581,8.2123,0
0.7,0.1,0,0,518,628901.9,76581,8.2122,0
0.7,0.1,0,0,551,628979.9,76581,8.2133,0
0.7,0.1,0,0,552,628977.3,76581,8.2132,0
0.7,0.1,0,0,553,628986.3,76581,8.2133,0
0.7,0.1,0,0,549,628978.2,76581,8.2132,0
0.7,0.1,0,0,550,628977.4,76581,8.2132,0
0.7,0.1,0,0,561,629044.7,76581,8.2141,0
0.7,0.2,0,1,549,600332.4,77632,7.7331,0
0.7,0.2,0,1,542,600334.4,77632,7.7331,0
0.7,0.2,0,1,550,600334.9,77632,7.7331,0
0.7,0.2,0,1,548,600341.3,77632,7.7332,0
0.7,0.2,0,1,552,600348.2,77632,7.7333,0
0.7,0.2,0,1,551,600349.7,77632,7.7333,0
0.7,0.2,0,1,553,600357.1,77632,7.7334,0
0.7,0.2,0,1,554,600377.1,77632,7.7336,0
0.7,0.2,0,1,555,600383.9,77632,7.7337,0
0.7,0.2,0,1,556,600389.1,77632,7.7338,0
0.7,0.2,0,1,567,600393.5,77632,7.7338,0
0.7,0.2,0,1,568,600397.0,77632,7.7339,0
0.7,0.2,0,1,561,600406.0,77632,7.734,0
0.7,0.2,0,1,565,600407.0,77632,7.734,0
0.7,0.2,0,1,557,600409.3,77632,7.734,0
0.7,0.2,0,1,566,600410.2,77632,7.7341,0
0.7,0.2,0,1,564,600411.9,77632,7.7341,0
0.7,0.2,0,1,571,600416.2,77632,7.7341,0
0.7,0.2,0,1,569,600421.7,77632,7.7342,0
0.7,0.2,0,1,572,600423.5,77632,7.7342,0
0.7,0.2,0,1,570,600423.5,77632,7.7342,0
0.7,0.2,0,1,558,600424.7,77632,7.7342,0
0.7,0.2,0,1,575,600430.3,77632,7.7343,0
0.7,0.2,0,1,573,600431.7,77632,7.7343,0
0.7,0.2,0,1,562,600434.9,77632,7.7344,0
0.7,0.2,0,1,559,600435.5,77632,7.7344,0
0.7,0.2,0,1,560,600436.9,77632,7.7344,0
0.7,0.2,0,1,563,600437.7,77632,7.7344,0
0.7,0.2,0,1,574,600443.6,77632,7.7345,0
0.7,0.2,0,1,576,600457.4,77632,7.7347,0
0.7,0.2,0,0,108,601078.9,78766,7.6312,0
0.7,0.2,0,0,107,601304.7,78968,7.6145,0
0.7,0.2,0,0,109,603156.2,78925,7.6421,0
0.7,0.2,0,0,110,604665.1,78780,7.6754,0
0.7,0.2,0,0,111,606390.8,78803,7.695,0
0.7,0.2,0,0,113,607401.8,79019,7.6868,0
0.7,0.2,0,0,112,607699.7,78992,7.6932,0
0.7,0.2,0,0,114,610483.6,79263,7.702,0
0.7,0.2,0,0,115,611892.7,79209,7.725,0
0.7,0.2,0,0,116,613298.4,79328,7.7312,0
0.7,0.2,0,0,117,613576.7,79262,7.7411,0
0.7,0.2,0,0,118,613729.0,79125,7.7564,0
0.7,0.2,0,0,120,614331.0,79133,7.7633,0
0.7,0.2,0,0,119,615133.0,79186,7.7682,0
0.7,0.2,0,0,121,616539.1,79118,7.7927,0
0.7,0.2,0,0,122,617261.4,79014,7.8121,0
0.7,0.2,0,0,123,620702.8,79309,7.8264,0
0.7,0.2,0,0,125,621471.6,79237,7.8432,0
0.7,0.2,0,0,124,621877.0,79376,7.8346,0
0.7,0.2,0,0,126,622457.9,79240,7.8553,0
0.7,0.2,0,0,127,623976.8,79356,7.863,0
0.7,0.2,0,0,129,624850.0,79374,7.8722,0
0.7,0.2,0,0,128,625063.0,79312,7.8811,0
0.7,0.2,0,0,130,625370.1,79382,7.878,0
0.7,0.2,0,0,131,626383.6,79541,7.875,0
0.7,0.2,0,0,132,626984.9,79371,7.8994,0
0.7,0.2,0,0,133,627693.8,79472,7.8983,0
0.7,0.2,0,0,134,628769.5,79401,7.9189,0
0.7,0.2,0,0,135,629410.3,79329,7.9342,0
0.7,0.2,0,0,136,629828.3,79241,7.9483,0
0.7,0.2,0,0,137,630953.0,79441,7.9424,0
0.7,0.2,0,0,138,631213.0,79273,7.9625,0
0.7,0.2,0,0,139,631620.8,79303,7.9647,0
0.7,0.2,0,0,140,632150.0,79215,7.9802,0
0.7,0.2,0,0,141,632790.8,79283,7.9814,0
0.7,0.2,0,0,142,634277.4,79498,7.9785,0
0.7,0.2,0,0,143,635475.0,79689,7.9744,0
0.7,0.2,0,0,144,636612.5,79782,7.9794,0
0.7,0.2,0,0,146,637128.5,79596,8.0045,0
0.7,0.2,0,0,147,637267.8,79604,8.0055,0
0.7,0.2,0,0,145,637352.7,79816,7.9853,0
0.7,0.2,0,0,148,638174.7,79778,7.9994,0
0.7,0.2,0,0,149,639805.6,79872,8.0104,0
0.7,0.2,0,0,150,640191.8,80030,7.9994,0
0.7,0.2,0,0,151,640407.4,79923,8.0128,0
0.7,0.2,0,0,152,641622.1,80014,8.0189,0
0.7,0.2,0,0,153,642161.4,79901,8.037,0
0.7,0.2,0,0,154,642929.1,79993,8.0373,0
0.7,0.2,0,0,155,643459.5,79950,8.0483,0
0.7,0.2,0,0,156,644140.9,79993,8.0525,0
0.7,0.2,0,0,157,645107.6,80145,8.0493,0
0.7,0.2,0,0,158,646155.3,80194,8.0574,0
0.7,0.2,0,0,159,646931.0,80256,8.0608,0
0.7,0.2,0,0,160,648272.8,80421,8.061,0
0.7,0.2,0,0,161,648952.4,80405,8.071,0
0.7,0.2,0,0,162,649159.9,80369,8.0772,0
0.7,0.2,0,0,163,649950.2,80429,8.081,0
0.7,0.2,0,0,165,650566.9,80563,8.0753,0
0.7,0.2,0,0,164,650606.1,80563,8.0757,0
0.7,0.2,0,0,167,650745.8,80523,8.0815,0
0.7,0.2,0,0,168,650898.5,80416,8.0941,0
0.7,0.2,0,0,166,651207.1,80540,8.0855,0
0.7,0.2,0,0,170,652501.8,80375,8.1182,0
0.7,0.2,0,0,169,652526.4,80612,8.0947,0
0.7,0.2,0,0,171,653030.7,80358,8.1265,0
0.7,0.2,0,0,172,653051.4,80440,8.1185,0
0.7,0.2,0,0,173,654075.9,80470,8.1282,0
0.7,0.2,0,0,176,654086.6,80248,8.1508,0
0.7,0.2,0,0,199,664733.9,80757,8.2313,0
0.7,0.2,0,0,200,665129.0,80757,8.2362,0
0.7,0.2,0,0,201,665411.6,80623,8.2534,0
0.7,0.2,0,0,202,665713.2,80739,8.2452,0
0.7,0.2,0,0,203,666175.2,80811,8.2436,0
0.7,0.2,0,0,204,666024.5,80739,8.2491,0
0.7,0.2,0,0,205,666432.4,80769,8.2511,0
0.7,0.2,0,0,206,666898.2,80769,8.2569,0
0.7,0.2,0,0,175,654514.0,80313,8.1495,0
0.7,0.2,0,0,178,656413.3,80394,8.165,0
0.7,0.2,0,0,179,656856.7,80469,8.1629,0
0.7,0.2,0,0,212,668967.4,80717,8.2878,0
0.7,0.2,0,0,213,669124.8,80742,8.2872,0
0.7,0.2,0,0,214,670982.4,80808,8.3034,0
0.7,0.2,0,0,218,670483.8,80561,8.3227,0
0.7,0.2,0,0,219,670570.0,80561,8.3238,0
0.7,0.2,0,0,220,671069.2,80561,8.33,0
0.7,0.2,0,0,221,671566.1,80605,8.3316,0
0.7,0.2,0,0,222,673209.1,80696,8.3425,0
0.7,0.2,0,0,191,663142.2,80677,8.2197,0
0.7,0.2,0,0,192,663381.4,80631,8.2274,0
0.7,0.2,0,0,194,664056.7,80757,8.2229,0
0.7,0.2,0,0,195,664384.9,80824,8.2201,0
0.7,0.2,0,0,228,674217.2,80652,8.3596,0
0.7,0.2,0,0,229,674292.1,80652,8.3605,0
0.7,0.2,0,0,230,674405.4,80652,8.3619,0
0.7,0.2,0,0,431,687662.7,80672,8.5242,0
0.7,0.2,0,0,432,687653.1,80672,8.5241,0
0.7,0.2,0,0,401,687660.1,80672,8.5241,0
0.7,0.2,0,0,210,668605.1,80739,8.2811,0
0.7,0.2,0,0,211,668733.9,80717,8.2849,0
0.7,0.2,0,0,244,678278.6,80772,8.3974,0
0.7,0.2,0,0,245,678513.8,80772,8.4004,0
0.7,0.2,0,0,246,678324.0,80730,8.4024,0
0.7,0.2,0,0,423,687591.7,80672,8.5233,0
0.7,0.2,0,0,424,687596.1,80672,8.5234,0
0.7,0.2,0,0,425,687632.2,80672,8.5238,0
0.7,0.2,0,0,400,687652.2,80672,8.5241,0
0.7,0.2,0,0,369,687042.3,80672,8.5165,0
0.7,0.2,0,0,402,687657.1,80672,8.5241,0
0.7,0.2,0,0,418,687600.0,80672,8.5234,0
0.7,0.2,0,0,419,687616.0,80672,8.5236,0
0.7,0.2,0,0,215,671186.6,80739,8.313,0
0.7,0.2,0,0,216,669942.5,80696,8.3021,0
0.7,0.2,0,0,217,670121.9,80651,8.3089,0
0.7,0.2,0,0,262,679896.2,80724,8.4225,0
0.7,0.2,0,0,353,686461.9,80672,8.5093,0
0.7,0.2,0,0,420,687639.6,80672,8.5239,0
0.7,0.2,0,0,421,687638.5,80672,8.5239,0
0.7,0.2,0,0,422,687656.2,80672,8.5241,0
0.7,0.2,0,0,231,674528.2,80652,8.3634,0
0.7,0.2,0,0,232,674742.0,80604,8.3711,0
0.7,0.2,0,0,233,675439.2,80720,8.3677,0
0.7,0.2,0,0,234,675500.6,80648,8.3759,0
0.7,0.2,0,0,235,675881.3,80772,8.3678,0
0.7,0.2,0,0,236,676230.1,80772,8.3721,0
0.7,0.2,0,0,237,676276.0,80772,8.3727,0
0.7,0.2,0,0,238,676384.9,80772,8.374,0
0.7,0.2,0,0,207,667168.0,80769,8.2602,0
0.7,0.2,0,0,208,667846.2,80739,8.2717,0
0.7,0.2,0,0,177,657242.3,80550,8.1594,0
0.7,0.2,0,0,371,687195.9,80672,8.5184,0
0.7,0.2,0,0,247,678310.6,80772,8.3978,0
0.7,0.2,0,0,248,678218.4,80772,8.3967,0
0.7,0.2,0,0,249,678149.6,80772,8.3959,0
0.7,0.2,0,0,250,678730.5,80724,8.408,0
0.7,0.2,0,0,251,678639.6,80724,8.4069,0
0.7,0.2,0,0,252,678697.7,80724,8.4076,0
0.7,0.2,0,0,253,678983.4,80724,8.4112,0
0.7,0.2,0,0,254,678805.7,80724,8.409,0
0.7,0.2,0,0,223,671997.7,80605,8.3369,0
0.7,0.2,0,0,224,673172.3,80652,8.3466,0
0.7,0.2,0,0,193,663579.2,80700,8.2228,0
0.7,0.2,0,0,226,673384.3,80652,8.3493,0
0.7,0.2,0,0,227,673700.1,80696,8.3486,0
0.7,0.2,0,0,260,679994.2,80724,8.4237,0
0.7,0.2,0,0,261,679873.3,80724,8.4222,0
0.7,0.2,0,0,375,687392.4,80672,8.5208,0
0.7,0.2,0,0,376,687392.5,80672,8.5208,0
0.7,0.2,0,0,377,687362.1,80672,8.5205,0
0.7,0.2,0,0,378,687522.8,80672,8.5224,0
0.7,0.2,0,0,379,687558.5,80672,8.5229,0
0.7,0.2,0,0,351,686383.2,80672,8.5083,0
0.7,0.2,0,0,352,686464.7,80672,8.5093,0
0.7,0.2,0,0,321,685569.5,80672,8.4982,0
0.7,0.2,0,0,354,686589.3,80672,8.5109,0
0.7,0.2,0,0,355,686522.0,80672,8.51,0
0.7,0.2,0,0,397,687660.8,80672,8.5242,0
0.7,0.2,0,0,398,687617.2,80672,8.5236,0
0.7,0.2,0,0,367,686915.8,80672,8.5149,0
0.7,0.2,0,0,368,686974.4,80672,8.5156,0
0.7,0.2,0,0,337,686093.0,80672,8.5047,0
0.7,0.2,0,0,370,687139.2,80672,8.5177,0
0.7,0.2,0,0,263,680086.8,80724,8.4248,0
0.7,0.2,0,0,264,679971.9,80724,8.4234,0
0.7,0.2,0,0,265,680162.5,80724,8.4258,0
0.7,0.2,0,0,266,680383.1,80724,8.4285,0
0.7,0.2,0,0,267,680696.1,80724,8.4324,0
0.7,0.2,0,0,268,680742.4,80724,8.433,0
0.7,0.2,0,0,269,681004.0,80724,8.4362,0
0.7,0.2,0,0,270,680770.5,80672,8.4387,0
0.7,0.2,0,0,239,676676.0,80772,8.3776,0
0.7,0.2,0,0,240,677292.3,80796,8.3827,0
0.7,0.2,0,0,209,668147.0,80787,8.2705,0
0.7,0.2,0,0,242,677976.7,80796,8.3912,0
0.7,0.2,0,0,243,678221.8,80772,8.3967,0
0.7,0.2,0,0,276,681828.1,80672,8.4519,0
0.7,0.2,0,0,277,681963.0,80672,8.4535,0
0.7,0.2,0,0,278,682408.0,80672,8.459,0
0.7,0.2,0,0,359,686558.3,80672,8.5105,0
0.7,0.2,0,0,360,686512.5,80672,8.5099,0
0.7,0.2,0,0,361,686625.2,80672,8.5113,0
0.7,0.2,0,0,362,686647.7,80672,8.5116,0
0.7,0.2,0,0,363,686689.9,80672,8.5121,0
0.7,0.2,0,0,364,686740.2,80672,8.5127,0
0.7,0.2,0,0,365,686800.5,80672,8.5135,0
0.7,0.2,0,0,366,686896.2,80672,8.5147,0
0.7,0.2,0,0,335,686133.9,80672,8.5052,0
0.7,0.2,0,0,336,686018.3,80672,8.5038,0
0.7,0.2,0,0,305,684853.3,80672,8.4894,0
0.7,0.2,0,0,338,686106.6,80672,8.5049,0
0.7,0.2,0,0,339,686090.0,80672,8.5047,0
0.7,0.2,0,0,372,687253.0,80672,8.5191,0
0.7,0.2,0,0,373,687339.3,80672,8.5202,0
0.7,0.2,0,0,374,687348.3,80672,8.5203,0
0.7,0.2,0,0,343,686327.4,80672,8.5076,0
0.7,0.2,0,0,344,686525.6,80672,8.5101,0
0.7,0.2,0,0,345,686428.9,80672,8.5089,0
0.7,0.2,0,0,346,686354.0,80672,8.508,0
0.7,0.2,0,0,347,686411.9,80672,8.5087,0
0.7,0.2,0,0,348,686400.5,80672,8.5085,0
0.7,0.2,0,0,349,686377.5,80672,8.5082,0
0.7,0.2,0,0,350,686358.7,80672,8.508,0
0.7,0.2,0,0,319,685332.7,80672,8.4953,0
0.7,0.2,0,0,320,685513.1,80672,8.4975,0
0.7,0.2,0,0,289,684476.9,80672,8.4847,0
0.7,0.2,0,0,322,685585.6,80672,8.4984,0
0.7,0.2,0,0,323,685509.2,80672,8.4975,0
0.7,0.2,0,0,356,686553.3,80672,8.5104,0
0.7,0.2,0,0,357,686591.5,80672,8.5109,0
0.7,0.2,0,0,358,686537.4,80672,8.5102,0
0.7,0.2,0,0,327,685683.2,80672,8.4996,0
0.7,0.2,0,0,328,685779.4,80672,8.5008,0
0.7,0.2,0,0,329,685760.0,80672,8.5006,0
0.7,0.2,0,0,330,685815.9,80672,8.5013,0
0.7,0.2,0,0,331,685981.0,80672,8.5033,0
0.7,0.2,0,0,332,686129.0,80672,8.5052,0
0.7,0.2,0,0,333,686004.0,80672,8.5036,0
0.7,0.2,0,0,334,686160.5,80672,8.5056,0
0.7,0.2,0,0,303,684784.1,80672,8.4885,0
0.7,0.2,0,0,304,684753.4,80672,8.4881,0
0.7,0.2,0,0,273,681135.5,80672,8.4433,0
0.7,0.2,0,0,306,684864.6,80672,8.4895,0
0.7,0.2,0,0,307,684808.0,80672,8.4888,0
0.7,0.2,0,0,340,686128.1,80672,8.5052,0
0.7,0.2,0,0,341,686146.0,80672,8.5054,0
0.7,0.2,0,0,342,686287.0,80672,8.5071,0
0.7,0.2,0,0,311,684836.4,80672,8.4891,0
0.7,0.2,0,0,312,684827.1,80672,8.489,0
0.7,0.2,0,0,313,684986.6,80672,8.491,0
0.7,0.2,0,0,314,685033.5,80672,8.4916,0
0.7,0.2,0,0,315,685034.7,80672,8.4916,0
0.7,0.2,0,0,316,685073.2,80672,8.4921,0
0.7,0.2,0,0,317,685135.3,80672,8.4929,0
0.7,0.2,0,0,318,685202.2,80672,8.4937,0
0.7,0.2,0,0,287,683766.9,80672,8.4759,0
0.7,0.2,0,0,288,684506.6,80672,8.4851,0
0.7,0.2,0,0,257,679354.8,80724,8.4158,0
0.7,0.2,0,0,290,684571.7,80672,8.4859,0
0.7,0.2,0,0,291,684415.6,80672,8.4839,0
0.7,0.2,0,0,324,685594.2,80672,8.4985,0
0.7,0.2,0,0,325,685623.0,80672,8.4989,0
0.7,0.2,0,0,326,685650.2,80672,8.4992,0
0.7,0.2,0,0,295,684545.0,80672,8.4855,0
0.7,0.2,0,0,296,684646.4,80672,8.4868,0
0.7,0.2,0,0,297,684489.4,80672,8.4848,0
0.7,0.2,0,0,298,684614.4,80672,8.4864,0
0.7,0.2,0,0,299,684620.1,80672,8.4865,0
0.7,0.2,0,0,300,684508.9,80672,8.4851,0
0.7,0.2,0,0,301,684450.0,80672,8.4844,0
0.7,0.2,0,0,302,684642.2,80672,8.4867,0
0.7,0.2,0,0,271,681008.6,80724,8.4363,0
0.7,0.2,0,0,272,681130.2,80724,8.4378,0
0.7,0.2,0,0,241,677254.8,80724,8.3898,0
0.7,0.2,0,0,274,681283.5,80672,8.4451,0
0.7,0.2,0,0,275,681565.6,80672,8.4486,0
0.7,0.2,0,0,308,684689.0,80672,8.4873,0
0.7,0.2,0,0,309,684733.9,80672,8.4879,0
0.7,0.2,0,0,310,684718.0,80672,8.4877,0
0.7,0.2,0,0,279,682531.3,80672,8.4606,0
0.7,0.2,0,0,280,682620.9,80672,8.4617,0
0.7,0.2,0,0,281,682968.5,80672,8.466,0
0.7,0.2,0,0,282,682834.0,80672,8.4643,0
0.7,0.2,0,0,283,683216.8,80672,8.4691,0
0.7,0.2,0,0,284,683654.5,80672,8.4745,0
0.7,0.2,0,0,285,683493.3,80672,8.4725,0
0.7,0.2,0,0,286,683844.4,80672,8.4768,0
0.7,0.2,0,0,255,678955.0,80724,8.4108,0
0.7,0.2,0,0,256,679339.9,80724,8.4156,0
0.7,0.2,0,0,225,672996.5,80696,8.3399,0
0.7,0.2,0,0,258,679652.7,80724,8.4195,0
0.7,0.2,0,0,259,679766.1,80724,8.4209,0
0.7,0.2,0,0,292,684428.6,80672,8.4841,0
0.7,0.2,0,0,293,684758.1,80672,8.4882,0
0.7,0.2,0,0,294,684532.4,80672,8.4854,0
0.7,0.2,0,0,417,687594.7,80672,8.5233,0
0.7,0.2,0,0,183,657993.5,80448,8.1791,0
0.7,0.2,0,0,184,658757.7,80698,8.1632,0
0.7,0.2,0,0,185,659209.1,80542,8.1847,0
0.7,0.2,0,0,186,659792.2,80611,8.1849,0
0.7,0.2,0,0,187,660735.0,80567,8.2011,0
0.7,0.2,0,0,188,660662.3,80567,8.2002,0
0.7,0.2,0,0,189,661287.3,80567,8.2079,0
0.7,0.2,0,0,190,661929.3,80579,8.2147,0
0.7,0.2,0,0,196,664189.3,80824,8.2177,0
0.7,0.2,0,0,197,664455.4,80824,8.221,0
0.7,0.2,0,0,198,664576.8,80757,8.2293,0
0.7,0.2,0,0,433,687636.1,80672,8.5239,0
0.7,0.2,0,0,174,655639.9,80538,8.1408,0
0.7,0.2,0,0,180,656334.8,80415,8.1618,0
0.7,0.2,0,0,181,656947.0,80415,8.1695,0
0.7,0.2,0,0,182,657971.3,80415,8.1822,0
0.7,0.2,0,0,380,687670.4,80672,8.5243,0
0.7,0.2,0,0,381,687742.6,80672,8.5252,0
0.7,0.2,0,0,382,687785.8,80672,8.5257,0
0.7,0.2,0,0,388,687788.1,80672,8.5257,0
0.7,0.2,0,0,389,687761.2,80672,8.5254,0
0.7,0.2,0,0,390,687700.8,80672,8.5247,0
0.7,0.2,0,0,391,687687.6,80672,8.5245,0
0.7,0.2,0,0,392,687681.2,80672,8.5244,0
0.7,0.2,0,0,393,687667.3,80672,8.5242,0
0.7,0.2,0,0,394,687738.2,80672,8.5251,0
0.7,0.2,0,0,395,687684.3,80672,8.5244,0
0.7,0.2,0,0,396,687700.6,80672,8.5247,0
0.7,0.2,0,0,404,687716.2,80672,8.5248,0
0.7,0.2,0,0,405,687711.7,80672,8.5248,0
0.7,0.2,0,0,406,687741.8,80672,8.5252,0
0.7,0.2,0,0,407,687752.6,80672,8.5253,0
0.7,0.2,0,0,408,687751.0,80672,8.5253,0
0.7,0.2,0,0,409,687788.8,80672,8.5257,0
0.7,0.2,0,0,410,687738.2,80672,8.5251,0
0.7,0.2,0,0,411,687737.4,80672,8.5251,0
0.7,0.2,0,0,412,687697.7,80672,8.5246,0
0.7,0.2,0,0,413,687713.9,80672,8.5248,0
0.7,0.2,0,0,414,687688.8,80672,8.5245,0
0.7,0.2,0,0,383,687838.6,80672,8.5264,0
0.7,0.2,0,0,384,687812.4,80672,8.526,0
0.7,0.2,0,0,386,687853.4,80672,8.5265,0
0.7,0.2,0,0,387,687769.3,80672,8.5255,0
0.7,0.2,0,0,426,687692.4,80672,8.5245,0
0.7,0.2,0,0,427,687698.2,80672,8.5246,0
0.7,0.2,0,0,428,687736.7,80672,8.5251,0
0.7,0.2,0,0,429,687699.8,80672,8.5246,0
0.7,0.2,0,0,430,687695.6,80672,8.5246,0
0.7,0.2,0,0,399,687701.3,80672,8.5247,0
0.7,0.2,0,0,403,687694.4,80672,8.5246,0
0.7,0.2,0,0,436,687752.4,80672,8.5253,0
0.7,0.2,0,0,437,687771.6,80672,8.5255,0
0.7,0.2,0,0,438,687763.2,80672,8.5254,0
0.7,0.2,0,0,439,687773.2,80672,8.5256,0
0.7,0.2,0,0,440,687818.8,80672,8.5261,0
0.7,0.2,0,0,441,687849.9,80672,8.5265,0
0.7,0.2,0,0,442,687844.9,80672,8.5264,0
0.7,0.2,0,0,443,687835.2,80672,8.5263,0
0.7,0.2,0,0,444,687828.4,80672,8.5262,0
0.7,0.2,0,0,445,687806.6,80672,8.526,0
0.7,0.2,0,0,446,687801.6,80672,8.5259,0
0.7,0.2,0,0,415,687692.1,80672,8.5245,0
0.7,0.2,0,0,416,687722.7,80672,8.5249,0
0.7,0.2,0,0,385,687797.5,80672,8.5259,0
0.7,0.2,0,0,452,687878.6,80672,8.5269,0
0.7,0.2,0,0,453,687879.5,80672,8.5269,0
0.7,0.2,0,0,454,687844.9,80672,8.5264,0
0.7,0.2,0,0,455,687903.7,80672,8.5272,0
0.7,0.2,0,0,456,687906.5,80672,8.5272,0
0.7,0.2,0,0,457,687927.5,80672,8.5275,0
0.7,0.2,0,0,458,687958.0,80672,8.5278,0
0.7,0.2,0,0,459,687989.9,80672,8.5282,0
0.7,0.2,0,0,460,687966.3,80672,8.5279,0
0.7,0.2,0,0,461,687962.7,80672,8.5279,0
0.7,0.2,0,0,462,688003.7,80672,8.5284,0
0.7,0.2,0,0,434,687674.2,80672,8.5243,0
0.7,0.2,0,0,435,687723.3,80672,8.5249,0
0.7,0.2,0,0,468,688168.5,80672,8.5305,0
0.7,0.2,0,0,469,688183.2,80672,8.5306,0
0.7,0.2,0,0,470,688179.7,80672,8.5306,0
0.7,0.2,0,0,471,688179.6,80672,8.5306,0
0.7,0.2,0,0,472,688172.3,80672,8.5305,0
0.7,0.2,0,0,473,688197.1,80672,8.5308,0
0.7,0.2,0,0,474,688192.3,80672,8.5307,0
0.7,0.2,0,0,475,688221.2,80672,8.5311,0
0.7,0.2,0,0,476,688243.8,80672,8.5314,0
0.7,0.2,0,0,477,688296.3,80672,8.532,0
0.7,0.2,0,0,478,688308.3,80672,8.5322,0
0.7,0.2,0,0,447,687830.3,80672,8.5263,0
0.7,0.2,0,0,448,687887.9,80672,8.527,0
0.7,0.2,0,0,450,687869.0,80672,8.5267,0
0.7,0.2,0,0,451,687864.2,80672,8.5267,0
0.7,0.2,0,0,484,688297.7,80672,8.5321,0
0.7,0.2,0,0,485,688303.5,80672,8.5321,0
0.7,0.2,0,0,486,688281.0,80672,8.5318,0
0.7,0.2,0,0,487,688259.2,80672,8.5316,0
0.7,0.2,0,0,488,688245.7,80672,8.5314,0
0.7,0.2,0,0,489,688228.5,80672,8.5312,0
0.7,0.2,0,0,490,688227.8,80672,8.5312,0
0.7,0.2,0,0,491,688236.5,80672,8.5313,0
0.7,0.2,0,0,492,688275.1,80672,8.5318,0
0.7,0.2,0,0,493,688296.7,80672,8.532,0
0.7,0.2,0,0,494,688252.3,80672,8.5315,0
0.7,0.2,0,0,463,688054.4,80672,8.529,0
0.7,0.2,0,0,464,688073.3,80672,8.5293,0
0.7,0.2,0,0,466,688130.4,80672,8.53,0
0.7,0.2,0,0,467,688105.8,80672,8.5297,0
0.7,0.2,0,0,500,688262.0,80672,8.5316,0
0.7,0.2,0,0,501,688304.1,80672,8.5321,0
0.7,0.2,0,0,502,688300.1,80672,8.5321,0
0.7,0.2,0,0,503,688271.7,80672,8.5317,0
0.7,0.2,0,0,504,688246.8,80672,8.5314,0
0.7,0.2,0,0,505,688230.6,80672,8.5312,0
0.7,0.2,0,0,506,688225.7,80672,8.5312,0
0.7,0.2,0,0,507,688253.5,80672,8.5315,0
0.7,0.2,0,0,508,688256.0,80672,8.5315,0
0.7,0.2,0,0,509,688276.8,80672,8.5318,0
0.7,0.2,0,0,510,688266.3,80672,8.5317,0
0.7,0.2,0,0,479,688297.1,80672,8.532,0
0.7,0.2,0,0,480,688303.5,80672,8.5321,0
0.7,0.2,0,0,449,687882.0,80672,8.5269,0
0.7,0.2,0,0,482,688289.5,80672,8.532,0
0.7,0.2,0,0,483,688282.8,80672,8.5319,0
0.7,0.2,0,0,516,688341.8,80672,8.5326,0
0.7,0.2,0,0,517,688348.1,80672,8.5327,0
0.7,0.2,0,0,518,688349.4,80672,8.5327,0
0.7,0.2,0,0,519,688340.6,80672,8.5326,0
0.7,0.2,0,0,520,688342.7,80672,8.5326,0
0.7,0.2,0,0,521,688344.8,80672,8.5326,0
0.7,0.2,0,0,522,688378.0,80672,8.533,0
0.7,0.2,0,0,523,688370.3,80672,8.533,0
0.7,0.2,0,0,524,688379.3,80672,8.5331,0
0.7,0.2,0,0,525,688344.7,80672,8.5326,0
0.7,0.2,0,0,526,688351.2,80672,8.5327,0
0.7,0.2,0,0,495,688277.4,80672,8.5318,0
0.7,0.2,0,0,496,688270.8,80672,8.5317,0
0.7,0.2,0,0,465,688102.5,80672,8.5296,0
0.7,0.2,0,0,498,688286.2,80672,8.5319,0
0.7,0.2,0,0,499,688287.7,80672,8.5319,0
0.7,0.2,0,0,532,688359.2,80672,8.5328,0
0.7,0.2,0,0,533,688382.6,80672,8.5331,0
0.7,0.2,0,0,534,688379.3,80672,8.5331,0
0.7,0.2,0,0,535,688360.7,80672,8.5328,0
0.7,0.2,0,0,536,688355.4,80672,8.5328,0
0.7,0.2,0,0,537,688347.4,80672,8.5327,0
0.7,0.2,0,0,538,688367.3,80672,8.5329,0
0.7,0.2,0,0,539,688361.7,80672,8.5328,0
0.7,0.2,0,0,540,688361.4,80672,8.5328,0
0.7,0.2,0,0,541,688389.1,80672,8.5332,0
0.7,0.2,0,0,542,688417.2,80672,8.5335,0
0.7,0.2,0,0,511,688277.8,80672,8.5318,0
0.7,0.2,0,0,512,688321.5,80672,8.5323,0
0.7,0.2,0,0,481,688287.0,80672,8.5319,0
0.7,0.2,0,0,514,688354.9,80672,8.5328,0
0.7,0.2,0,0,515,688323.0,80672,8.5324,0
0.7,0.2,0,0,575,688504.0,80672,8.5346,0
0.7,0.2,0,0,576,688531.1,80672,8.5349,0
0.7,0.2,0,0,550,688418.6,80672,8.5336,0
0.7,0.2,0,0,551,688422.4,80672,8.5336,0
0.7,0.2,0,0,552,688420.9,80672,8.5336,0
0.7,0.2,0,0,553,688430.8,80672,8.5337,0
0.7,0.2,0,0,554,688450.8,80672,8.5339,0
0.7,0.2,0,0,555,688457.6,80672,8.534,0
0.7,0.2,0,0,556,688462.8,80672,8.5341,0
0.7,0.2,0,0,557,688483.0,80672,8.5343,0
0.7,0.2,0,0,558,688498.4,80672,8.5345,0
0.7,0.2,0,0,527,688327.8,80672,8.5324,0
0.7,0.2,0,0,528,688340.4,80672,8.5326,0
0.7,0.2,0,0,497,688277.1,80672,8.5318,0
0.7,0.2,0,0,560,688510.6,80672,8.5347,0
0.7,0.2,0,0,529,688360.6,80672,8.5328,0
0.7,0.2,0,0,530,688351.9,80672,8.5327,0
0.7,0.2,0,0,531,688371.4,80672,8.533,0
0.7,0.2,0,0,566,688483.9,80672,8.5344,0
0.7,0.2,0,0,567,688467.2,80672,8.5342,0
0.7,0.2,0,0,568,688470.7,80672,8.5342,0
0.7,0.2,0,0,569,688495.4,80672,8.5345,0
0.7,0.2,0,0,570,688497.2,80672,8.5345,0
0.7,0.2,0,0,571,688489.9,80672,8.5344,0
0.7,0.2,0,0,572,688497.2,80672,8.5345,0
0.7,0.2,0,0,573,688505.4,80672,8.5346,0
0.7,0.2,0,0,574,688517.3,80672,8.5348,0
0.7,0.2,0,0,543,688408.2,80672,8.5334,0
0.7,0.2,0,0,544,688396.8,80672,8.5333,0
0.7,0.2,0,0,513,688340.4,80672,8.5326,0
0.7,0.2,0,0,565,688480.7,80672,8.5343,0
0.7,0.2,0,0,545,688377.0,80672,8.533,0
0.7,0.2,0,0,546,688405.3,80672,8.5334,0
0.7,0.2,0,0,547,688409.0,80672,8.5334,0
0.7,0.2,0,0,548,688425.5,80672,8.5336,0
0.7,0.2,0,0,549,688416.6,80672,8.5335,0
0.7,0.2,0,0,561,688479.7,80672,8.5343,0
0.7,0.2,0,0,562,688508.6,80672,8.5347,0
0.7,0.2,0,0,563,688511.4,80672,8.5347,0
0.7,0.2,0,0,564,688485.6,80672,8.5344,0
0.7,0.2,0,0,559,688509.2,80672,8.5347,0
0.7,0.3,0,0,72,577244.9,120673,4.7835,0
0.7,0.3,0,0,87,577259.6,120397,4.7946,0
0.7,0.3,0,0,85,577297.3,120318,4.7981,0
0.7,0.3,0,0,134,577351.7,120382,4.796,0
0.7,0.3,0,0,70,577370.9,120849,4.7776,0
0.7,0.3,0,0,88,577378.8,120397,4.7956,0
0.7,0.3,0,0,63,577389.0,120499,4.7916,0
0.7,0.3,0,0,135,577402.2,120382,4.7964,0
0.7,0.3,0,0,81,577506.4,121068,4.7701,0
0.7,0.3,0,0,136,577526.3,120382,4.7974,0
0.7,0.3,0,0,91,577594.0,120133,4.808,0
0.7,0.3,0,0,115,577602.1,120517,4.7927,0
0.7,0.3,0,0,90,577615.8,120118,4.8087,0
0.7,0.3,0,0,137,577623.8,120382,4.7983,0
0.7,0.3,0,0,138,577628.3,120382,4.7983,0
0.7,0.3,0,0,142,577646.9,120382,4.7984,0
0.7,0.3,0,0,141,577690.2,120382,4.7988,0
0.7,0.3,0,0,139,577707.4,120382,4.799,0
0.7,0.3,0,0,123,577719.8,120508,4.794,0
0.7,0.3,0,0,96,577742.7,120486,4.7951,0
0.7,0.3,0,0,89,577756.5,120378,4.7995,0
0.7,0.3,0,0,140,577758.6,120393,4.7989,0
0.7,0.3,0,0,148,577780.8,120382,4.7996,0
0.7,0.3,0,0,62,577794.9,120654,4.7889,0
0.7,0.3,0,0,144,577809.2,120382,4.7998,0
0.7,0.3,0,0,128,577813.3,120508,4.7948,0
0.7,0.3,0,0,143,577819.2,120382,4.7999,0
0.7,0.3,0,0,127,577822.0,120519,4.7944,0
0.7,0.3,0,0,120,577830.4,120519,4.7945,0
0.7,0.3,0,0,132,577836.1,120508,4.795,0
0.7,0.3,0,0,109,577841.1,120517,4.7947,0
0.7,0.3,0,0,124,577842.4,120519,4.7946,0
0.7,0.3,0,0,97,577850.0,120400,4.7994,0
0.7,0.3,0,0,146,577851.8,120382,4.8002,0
0.7,0.3,0,0,129,577853.6,120508,4.7951,0
0.7,0.3,0,0,126,577854.9,120519,4.7947,0
0.7,0.3,0,0,130,577855.0,120508,4.7952,0
0.7,0.3,0,0,125,577859.6,120519,4.7948,0
0.7,0.3,0,0,147,577874.9,120382,4.8003,0
0.7,0.3,0,0,121,577883.7,120519,4.795,0
0.7,0.3,0,0,110,577910.1,120517,4.7953,0
0.7,0.3,0,0,118,577912.2,120508,4.7956,0
0.7,0.3,0,0,131,577928.6,120519,4.7953,0
0.7,0.3,0,0,122,577945.8,120519,4.7955,0
0.7,0.3,0,0,133,577952.1,120508,4.796,0
0.7,0.3,0,0,80,577952.9,121166,4.7699,0
0.7,0.3,0,0,149,577953.6,120382,4.801,0
0.7,0.3,0,0,93,577958.2,120530,4.7951,0
0.7,0.3,0,0,68,578043.2,121603,4.7535,0
0.7,0.3,0,0,99,578051.9,120764,4.7866,0
0.7,0.3,0,0,98,578077.1,120607,4.7931,0
0.7,0.3,0,0,117,578096.6,120519,4.7967,0
0.7,0.3,0,0,114,578105.8,120632,4.7923,0
0.7,0.3,0,0,105,578130.9,120597,4.7939,0
0.7,0.3,0,0,69,578139.2,121613,4.7539,0
0.7,0.3,0,0,100,578170.7,120397,4.8022,0
0.7,0.3,0,0,112,578210.8,120632,4.7932,0
0.7,0.3,0,0,116,578223.7,120519,4.7978,0
0.7,0.3,0,0,113,578228.2,120632,4.7933,0
0.7,0.3,0,0,71,578229.4,121049,4.7768,0
0.7,0.3,0,0,103,578233.2,120611,4.7942,0
0.7,0.3,0,0,94,578291.8,120530,4.7979,0
0.7,0.3,0,0,104,578298.1,120419,4.8024,0
0.7,0.3,0,0,119,578356.0,120632,4.7944,0
0.7,0.3,0,0,108,578402.8,120473,4.8011,0
0.7,0.3,0,0,111,578425.1,120643,4.7945,0
0.7,0.3,0,0,145,578633.6,120529,4.8008,0
0.7,0.3,0,0,92,578659.6,120535,4.8008,0
0.7,0.3,0,0,155,578747.0,120529,4.8017,0
0.7,0.3,0,0,106,578783.1,120632,4.7979,0
0.7,0.3,0,0,205,578800.1,120529,4.8022,0
0.7,0.3,0,0,150,578810.7,120529,4.8023,0
0.7,0.3,0,0,203,578811.6,120529,4.8023,0
0.7,0.3,0,0,465,578815.9,120529,4.8023,0
0.7,0.3,0,0,464,578815.9,120529,4.8023,0
0.7,0.3,0,0,463,578815.9,120529,4.8023,0
0.7,0.3,0,0,462,578815.9,120529,4.8023,0
0.7,0.3,0,0,461,578815.9,120529,4.8023,0
0.7,0.3,0,0,492,578815.9,120529,4.8023,0
0.7,0.3,0,0,491,578815.9,120529,4.8023,0
0.7,0.3,0,0,458,578815.9,120529,4.8023,0
0.7,0.3,0,0,457,578815.9,120529,4.8023,0
0.7,0.3,0,0,456,578815.9,120529,4.8023,0
0.7,0.3,0,0,455,578815.9,120529,4.8023,0
0.7,0.3,0,0,454,578815.9,120529,4.8023,0
0.7,0.3,0,0,453,578815.9,120529,4.8023,0
0.7,0.3,0,0,452,578815.9,120529,4.8023,0
0.7,0.3,0,0,451,578815.9,120529,4.8023,0
0.7,0.3,0,0,450,578815.9,120529,4.8023,0
0.7,0.3,0,0,449,578815.9,120529,4.8023,0
0.7,0.3,0,0,448,578815.9,120529,4.8023,0
0.7,0.3,0,0,447,578815.9,120529,4.8023,0
0.7,0.3,0,0,446,578815.9,120529,4.8023,0
0.7,0.3,0,0,445,578815.9,120529,4.8023,0
0.7,0.3,0,0,476,578815.9,120529,4.8023,0
0.7,0.3,0,0,475,578815.9,120529,4.8023,0
0.7,0.3,0,0,442,578815.9,120529,4.8023,0
0.7,0.3,0,0,441,578815.9,120529,4.8023,0
0.7,0.3,0,0,440,578815.9,120529,4.8023,0
0.7,0.3,0,0,439,578815.9,120529,4.8023,0
0.7,0.3,0,0,438,578815.9,120529,4.8023,0
0.7,0.3,0,0,437,578815.9,120529,4.8023,0
0.7,0.3,0,0,436,578815.9,120529,4.8023,0
0.7,0.3,0,0,435,578815.9,120529,4.8023,0
0.7,0.3,0,0,434,578815.9,120529,4.8023,0
0.7,0.3,0,0,433,578815.9,120529,4.8023,0
0.7,0.3,0,0,432,578815.9,120529,4.8023,0
0.7,0.3,0,0,431,578815.9,120529,4.8023,0
0.7,0.3,0,0,430,578815.9,120529,4.8023,0
0.7,0.3,0,0,429,578815.9,120529,4.8023,0
0.7,0.3,0,0,460,578815.9,120529,4.8023,0
0.7,0.3,0,0,459,578815.9,120529,4.8023,0
0.7,0.3,0,0,426,578815.9,120529,4.8023,0
0.7,0.3,0,0,425,578815.9,120529,4.8023,0
0.7,0.3,0,0,424,578815.9,120529,4.8023,0
0.7,0.3,0,0,423,578815.9,120529,4.8023,0
0.7,0.3,0,0,422,578815.9,120529,4.8023,0
0.7,0.3,0,0,421,578815.9,120529,4.8023,0
0.7,0.3,0,0,420,578815.9,120529,4.8023,0
0.7,0.3,0,0,419,578815.9,120529,4.8023,0
0.7,0.3,0,0,418,578815.9,120529,4.8023,0
0.7,0.3,0,0,417,578815.9,120529,4.8023,0
0.7,0.3,0,0,416,578815.9,120529,4.8023,0
0.7,0.3,0,0,415,578815.9,120529,4.8023,0
0.7,0.3,0,0,414,578815.9,120529,4.8023,0
0.7,0.3,0,0,413,578815.9,120529,4.8023,0
0.7,0.3,0,0,444,578815.9,120529,4.8023,0
0.7,0.3,0,0,443,578815.9,120529,4.8023,0
0.7,0.3,0,0,410,578815.9,120529,4.8023,0
0.7,0.3,0,0,409,578815.9,120529,4.8023,0
0.7,0.3,0,0,408,578815.9,120529,4.8023,0
0.7,0.3,0,0,407,578815.9,120529,4.8023,0
0.7,0.3,0,0,406,578815.9,120529,4.8023,0
0.7,0.3,0,0,405,578815.9,120529,4.8023,0
0.7,0.3,0,0,404,578815.9,120529,4.8023,0
0.7,0.3,0,0,403,578815.9,120529,4.8023,0
0.7,0.3,0,0,402,578815.9,120529,4.8023,0
0.7,0.3,0,0,401,578815.9,120529,4.8023,0
0.7,0.3,0,0,400,578815.9,120529,4.8023,0
0.7,0.3,0,0,399,578815.9,120529,4.8023,0
0.7,0.3,0,0,398,578815.9,120529,4.8023,0
0.7,0.3,0,0,397,578815.9,120529,4.8023,0
0.7,0.3,0,0,428,578815.9,120529,4.8023,0
0.7,0.3,0,0,427,578815.9,120529,4.8023,0
0.7,0.3,0,0,394,578815.9,120529,4.8023,0
0.7,0.3,0,0,393,578815.9,120529,4.8023,0
0.7,0.3,0,0,392,578815.9,120529,4.8023,0
0.7,0.3,0,0,391,578815.9,120529,4.8023,0
0.7,0.3,0,0,390,578815.9,120529,4.8023,0
0.7,0.3,0,0,389,578815.9,120529,4.8023,0
0.7,0.3,0,0,388,578815.9,120529,4.8023,0
0.7,0.3,0,0,387,578815.9,120529,4.8023,0
0.7,0.3,0,0,386,578815.9,120529,4.8023,0
0.7,0.3,0,0,385,578815.9,120529,4.8023,0
0.7,0.3,0,0,384,578815.9,120529,4.8023,0
0.7,0.3,0,0,383,578815.9,120529,4.8023,0
0.7,0.3,0,0,382,578815.9,120529,4.8023,0
0.7,0.3,0,0,381,578815.9,120529,4.8023,0
0.7,0.3,0,0,412,578815.9,120529,4.8023,0
0.7,0.3,0,0,411,578815.9,120529,4.8023,0
0.7,0.3,0,0,378,578815.9,120529,4.8023,0
0.7,0.3,0,0,377,578815.9,120529,4.8023,0
0.7,0.3,0,0,376,578815.9,120529,4.8023,0
0.7,0.3,0,0,375,578815.9,120529,4.8023,0
0.7,0.3,0,0,374,578815.9,120529,4.8023,0
0.7,0.3,0,0,373,578815.9,120529,4.8023,0
0.7,0.3,0,0,372,578815.9,120529,4.8023,0
0.7,0.3,0,0,371,578815.9,120529,4.8023,0
0.7,0.3,0,0,370,578815.9,120529,4.8023,0
0.7,0.3,0,0,369,578815.9,120529,4.8023,0
0.7,0.3,0,0,368,578815.9,120529,4.8023,0
0.7,0.3,0,0,367,578815.9,120529,4.8023,0
0.7,0.3,0,0,366,578815.9,120529,4.8023,0
0.7,0.3,0,0,365,578815.9,120529,4.8023,0
0.7,0.3,0,0,396,578815.9,120529,4.8023,0
0.7,0.3,0,0,395,578815.9,120529,4.8023,0
0.7,0.3,0,0,362,578815.9,120529,4.8023,0
0.7,0.3,0,0,361,578815.9,120529,4.8023,0
0.7,0.3,0,0,360,578815.9,120529,4.8023,0
0.7,0.3,0,0,359,578815.9,120529,4.8023,0
0.7,0.3,0,0,358,578815.9,120529,4.8023,0
0.7,0.3,0,0,357,578815.9,120529,4.8023,0
0.7,0.3,0,0,356,578815.9,120529,4.8023,0
0.7,0.3,0,0,355,578815.9,120529,4.8023,0
0.7,0.3,0,0,354,578815.9,120529,4.8023,0
0.7,0.3,0,0,353,578815.9,120529,4.8023,0
0.7,0.3,0,0,352,578815.9,120529,4.8023,0
0.7,0.3,0,0,351,578815.9,120529,4.8023,0
0.7,0.3,0,0,350,578815.9,120529,4.8023,0
0.7,0.3,0,0,349,578815.9,120529,4.8023,0
0.7,0.3,0,0,380,578815.9,120529,4.8023,0
0.7,0.3,0,0,379,578815.9,120529,4.8023,0
0.7,0.3,0,0,346,578815.9,120529,4.8023,0
0.7,0.3,0,0,345,578815.9,120529,4.8023,0
0.7,0.3,0,0,344,578815.9,120529,4.8023,0
0.7,0.3,0,0,343,578815.9,120529,4.8023,0
0.7,0.3,0,0,342,578815.9,120529,4.8023,0
0.7,0.3,0,0,341,578815.9,120529,4.8023,0
0.7,0.3,0,0,340,578815.9,120529,4.8023,0
0.7,0.3,0,0,339,578815.9,120529,4.8023,0
0.7,0.3,0,0,338,578815.9,120529,4.8023,0
0.7,0.3,0,0,337,578815.9,120529,4.8023,0
0.7,0.3,0,0,336,578815.9,120529,4.8023,0
0.7,0.3,0,0,335,578815.9,120529,4.8023,0
0.7,0.3,0,0,334,578815.9,120529,4.8023,0
0.7,0.3,0,0,333,578815.9,120529,4.8023,0
0.7,0.3,0,0,364,578815.9,120529,4.8023,0
0.7,0.3,0,0,363,578815.9,120529,4.8023,0
0.7,0.3,0,0,330,578815.9,120529,4.8023,0
0.7,0.3,0,0,329,578815.9,120529,4.8023,0
0.7,0.3,0,0,328,578815.9,120529,4.8023,0
0.7,0.3,0,0,327,578815.9,120529,4.8023,0
0.7,0.3,0,0,326,578815.9,120529,4.8023,0
0.7,0.3,0,0,325,578815.9,120529,4.8023,0
0.7,0.3,0,0,324,578815.9,120529,4.8023,0
0.7,0.3,0,0,323,578815.9,120529,4.8023,0
0.7,0.3,0,0,322,578815.9,120529,4.8023,0
0.7,0.3,0,0,321,578815.9,120529,4.8023,0
0.7,0.3,0,0,320,578815.9,120529,4.8023,0
0.7,0.3,0,0,319,578815.9,120529,4.8023,0
0.7,0.3,0,0,318,578815.9,120529,4.8023,0
0.7,0.3,0,0,317,578815.9,120529,4.8023,0
0.7,0.3,0,0,348,578815.9,120529,4.8023,0
0.7,0.3,0,0,347,578815.9,120529,4.8023,0
0.7,0.3,0,0,314,578815.9,120529,4.8023,0
0.7,0.3,0,0,313,578815.9,120529,4.8023,0
0.7,0.3,0,0,312,578815.9,120529,4.8023,0
0.7,0.3,0,0,311,578815.9,120529,4.8023,0
0.7,0.3,0,0,310,578815.9,120529,4.8023,0
0.7,0.3,0,0,309,578815.9,120529,4.8023,0
0.7,0.3,0,0,308,578815.9,120529,4.8023,0
0.7,0.3,0,0,307,578815.9,120529,4.8023,0
0.7,0.3,0,0,306,578815.9,120529,4.8023,0
0.7,0.3,0,0,305,578815.9,120529,4.8023,0
0.7,0.3,0,0,304,578815.9,120529,4.8023,0
0.7,0.3,0,0,303,578815.9,120529,4.8023,0
0.7,0.3,0,0,302,578815.9,120529,4.8023,0
0.7,0.3,0,0,301,578815.9,120529,4.8023,0
0.7,0.3,0,0,332,578815.9,120529,4.8023,0
0.7,0.3,0,0,331,578815.9,120529,4.8023,0
0.7,0.3,0,0,298,578815.9,120529,4.8023,0
0.7,0.3,0,0,297,578815.9,120529,4.8023,0
0.7,0.3,0,0,296,578815.9,120529,4.8023,0
0.7,0.3,0,0,295,578815.9,120529,4.8023,0
0.7,0.3,0,0,294,578815.9,120529,4.8023,0
0.7,0.3,0,0,293,578815.9,120529,4.8023,0
0.7,0.3,0,0,292,578815.9,120529,4.8023,0
0.7,0.3,0,0,291,578815.9,120529,4.8023,0
0.7,0.3,0,0,290,578815.9,120529,4.8023,0
0.7,0.3,0,0,289,578815.9,120529,4.8023,0
0.7,0.3,0,0,288,578815.9,120529,4.8023,0
0.7,0.3,0,0,287,578815.9,120529,4.8023,0
0.7,0.3,0,0,286,578815.9,120529,4.8023,0
0.7,0.3,0,0,285,578815.9,120529,4.8023,0
0.7,0.3,0,0,316,578815.9,120529,4.8023,0
0.7,0.3,0,0,315,578815.9,120529,4.8023,0
0.7,0.3,0,0,282,578815.9,120529,4.8023,0
0.7,0.3,0,0,281,578815.9,120529,4.8023,0
0.7,0.3,0,0,280,578815.9,120529,4.8023,0
0.7,0.3,0,0,279,578815.9,120529,4.8023,0
0.7,0.3,0,0,278,578815.9,120529,4.8023,0
0.7,0.3,0,0,277,578815.9,120529,4.8023,0
0.7,0.3,0,0,276,578815.9,120529,4.8023,0
0.7,0.3,0,0,275,578815.9,120529,4.8023,0
0.7,0.3,0,0,274,578815.9,120529,4.8023,0
0.7,0.3,0,0,273,578815.9,120529,4.8023,0
0.7,0.3,0,0,272,578815.9,120529,4.8023,0
0.7,0.3,0,0,271,578815.9,120529,4.8023,0
0.7,0.3,0,0,270,578815.9,120529,4.8023,0
0.7,0.3,0,0,269,578815.9,120529,4.8023,0
0.7,0.3,0,0,300,578815.9,120529,4.8023,0
0.7,0.3,0,0,299,578815.9,120529,4.8023,0
0.7,0.3,0,0,266,578815.9,120529,4.8023,0
0.7,0.3,0,0,265,578815.9,120529,4.8023,0
0.7,0.3,0,0,264,578815.9,120529,4.8023,0
0.7,0.3,0,0,263,578815.9,120529,4.8023,0
0.7,0.3,0,0,262,578815.9,120529,4.8023,0
0.7,0.3,0,0,261,578815.9,120529,4.8023,0
0.7,0.3,0,0,260,578815.9,120529,4.8023,0
0.7,0.3,0,0,259,578815.9,120529,4.8023,0
0.7,0.3,0,0,258,578815.9,120529,4.8023,0
0.7,0.3,0,0,257,578815.9,120529,4.8023,0
0.7,0.3,0,0,256,578815.9,120529,4.8023,0
0.7,0.3,0,0,255,578815.9,120529,4.8023,0
0.7,0.3,0,0,254,578819.3,120529,4.8023,0
0.7,0.3,0,0,253,578826.5,120529,4.8024,0
0.7,0.3,0,0,284,578815.9,120529,4.8023,0
0.7,0.3,0,0,283,578815.9,120529,4.8023,0
0.7,0.3,0,0,250,578837.4,120529,4.8025,0
0.7,0.3,0,0,249,578837.9,120529,4.8025,0
0.7,0.3,0,0,248,578843.1,120529,4.8025,0
0.7,0.3,0,0,247,578844.9,120529,4.8025,0
0.7,0.3,0,0,246,578847.8,120529,4.8026,0
0.7,0.3,0,0,245,578862.0,120529,4.8027,0
0.7,0.3,0,0,244,578853.2,120529,4.8026,0
0.7,0.3,0,0,243,578854.1,120529,4.8026,0
0.7,0.3,0,0,242,578863.0,120529,4.8027,0
0.7,0.3,0,0,241,578871.5,120529,4.8028,0
0.7,0.3,0,0,240,578859.9,120529,4.8027,0
0.7,0.3,0,0,239,578844.9,120529,4.8025,0
0.7,0.3,0,0,238,578842.2,120529,4.8025,0
0.7,0.3,0,0,237,578841.5,120529,4.8025,0
0.7,0.3,0,0,268,578815.9,120529,4.8023,0
0.7,0.3,0,0,267,578815.9,120529,4.8023,0
0.7,0.3,0,0,234,578850.8,120529,4.8026,0
0.7,0.3,0,0,233,578877.5,120529,4.8028,0
0.7,0.3,0,0,232,578881.5,120529,4.8028,0
0.7,0.3,0,0,231,578880.1,120529,4.8028,0
0.7,0.3,0,0,230,578888.5,120529,4.8029,0
0.7,0.3,0,0,229,578876.7,120529,4.8028,0
0.7,0.3,0,0,228,578858.3,120529,4.8026,0
0.7,0.3,0,0,227,578849.2,120529,4.8026,0
0.7,0.3,0,0,226,578868.0,120529,4.8027,0
0.7,0.3,0,0,225,578859.5,120529,4.8027,0
0.7,0.3,0,0,224,578857.4,120529,4.8026,0
0.7,0.3,0,0,223,578878.7,120529,4.8028,0
0.7,0.3,0,0,222,578896.9,120529,4.803,0
0.7,0.3,0,0,221,578906.8,120529,4.803,0
0.7,0.3,0,0,252,578829.1,120529,4.8024,0
0.7,0.3,0,0,251,578829.9,120529,4.8024,0
0.7,0.3,0,0,218,578918.4,120529,4.8031,0
0.7,0.3,0,0,217,578903.2,120529,4.803,0
0.7,0.3,0,0,216,578911.1,120529,4.8031,0
0.7,0.3,0,0,215,578945.1,120529,4.8034,0
0.7,0.3,0,0,214,578932.8,120529,4.8033,0
0.7,0.3,0,0,213,578927.1,120529,4.8032,0
0.7,0.3,0,0,212,578893.1,120529,4.8029,0
0.7,0.3,0,0,211,578836.7,120529,4.8025,0
0.7,0.3,0,0,210,578853.3,120529,4.8026,0
0.7,0.3,0,0,209,578879.3,120529,4.8028,0
0.7,0.3,0,0,208,578873.0,120529,4.8028,0
0.7,0.3,0,0,207,578856.1,120529,4.8026,0
0.7,0.3,0,0,206,578844.3,120529,4.8025,0
0.7,0.3,0,0,236,578845.4,120529,4.8025,0
0.7,0.3,0,0,235,578839.4,120529,4.8025,0
0.7,0.3,0,0,202,578861.8,120529,4.8027,0
0.7,0.3,0,0,201,578870.5,120529,4.8027,0
0.7,0.3,0,0,200,578889.8,120529,4.8029,0
0.7,0.3,0,0,199,578912.2,120529,4.8031,0
0.7,0.3,0,0,198,578897.1,120529,4.803,0
0.7,0.3,0,0,197,578939.2,120529,4.8033,0
0.7,0.3,0,0,196,578967.5,120529,4.8036,0
0.7,0.3,0,0,195,578979.9,120529,4.8037,0
0.7,0.3,0,0,194,578999.2,120529,4.8038,0
0.7,0.3,0,0,193,578966.5,120529,4.8035,0
0.7,0.3,0,0,192,578994.1,120529,4.8038,0
0.7,0.3,0,0,191,579007.3,120529,4.8039,0
0.7,0.3,0,0,190,579006.5,120529,4.8039,0
0.7,0.3,0,0,189,579022.2,120529,4.804,0
0.7,0.3,0,0,220,578936.4,120529,4.8033,0
0.7,0.3,0,0,219,578944.1,120529,4.8034,0
0.7,0.3,0,0,186,578992.0,120529,4.8038,0
0.7,0.3,0,0,185,578967.4,120529,4.8036,0
0.7,0.3,0,0,184,578942.1,120529,4.8033,0
0.7,0.3,0,0,183,579024.9,120529,4.804,0
0.7,0.3,0,0,182,579030.3,120529,4.8041,0
0.7,0.3,0,0,181,578985.3,120529,4.8037,0
0.7,0.3,0,0,180,578975.5,120529,4.8036,0
0.7,0.3,0,0,179,579010.2,120529,4.8039,0
0.7,0.3,0,0,178,579047.6,120529,4.8042,0
0.7,0.3,0,0,177,579006.0,120529,4.8039,0
0.7,0.3,0,0,176,579840.0,120646,4.8061,0
0.7,0.3,0,0,175,579738.6,120646,4.8053,0
0.7,0.3,0,0,174,579717.8,120646,4.8051,0
0.7,0.3,0,0,173,579757.3,120646,4.8054,0
0.7,0.3,0,0,204,578821.3,120529,4.8023,0
0.7,0.3,0,0,170,579734.6,120646,4.8053,0
0.7,0.3,0,0,169,579803.9,120646,4.8058,0
0.7,0.3,0,0,168,579824.3,120646,4.806,0
0.7,0.3,0,0,167,579806.1,120646,4.8058,0
0.7,0.3,0,0,166,579813.1,120646,4.8059,0
0.7,0.3,0,0,165,579754.4,120646,4.8054,0
0.7,0.3,0,0,164,579818.9,120646,4.806,0
0.7,0.3,0,0,163,579801.4,120646,4.8058,0
0.7,0.3,0,0,162,579061.2,120529,4.8043,0
0.7,0.3,0,0,481,578815.9,120529,4.8023,0
0.7,0.3,0,0,480,578815.9,120529,4.8023,0
0.7,0.3,0,0,479,578815.9,120529,4.8023,0
0.7,0.3,0,0,478,578815.9,120529,4.8023,0
0.7,0.3,0,0,477,578815.9,120529,4.8023,0
0.7,0.3,0,0,508,578815.9,120529,4.8023,0
0.7,0.3,0,0,507,578815.9,120529,4.8023,0
0.7,0.3,0,0,474,578815.9,120529,4.8023,0
0.7,0.3,0,0,473,578815.9,120529,4.8023,0
0.7,0.3,0,0,472,578815.9,120529,4.8023,0
0.7,0.3,0,0,471,578815.9,120529,4.8023,0
0.7,0.3,0,0,470,578815.9,120529,4.8023,0
0.7,0.3,0,0,469,578815.9,120529,4.8023,0
0.7,0.3,0,0,468,578815.9,120529,4.8023,0
0.7,0.3,0,0,467,578815.9,120529,4.8023,0
0.7,0.3,0,0,466,578815.9,120529,4.8023,0
0.7,0.3,0,0,161,578949.7,120529,4.8034,0
0.7,0.3,0,0,160,578872.8,120529,4.8028,0
0.7,0.3,0,0,159,578842.2,120529,4.8025,0
0.7,0.3,0,0,158,578856.5,120529,4.8026,0
0.7,0.3,0,0,157,578823.3,120529,4.8024,0
0.7,0.3,0,0,188,578997.3,120529,4.8038,0
0.7,0.3,0,0,187,578989.7,120529,4.8037,0
0.7,0.3,0,0,154,579201.9,120708,4.7984,0
0.7,0.3,0,0,153,579272.3,120708,4.799,0
0.7,0.3,0,0,152,579245.1,120708,4.7987,0
0.7,0.3,0,0,151,579291.0,120708,4.7991,0
0.7,0.3,0,0,172,578971.2,120529,4.8036,0
0.7,0.3,0,0,171,578950.6,120529,4.8034,0
0.7,0.3,0,0,497,578815.9,120529,4.8023,0
0.7,0.3,0,0,496,578815.9,120529,4.8023,0
0.7,0.3,0,0,495,578815.9,120529,4.8023,0
0.7,0.3,0,0,494,578815.9,120529,4.8023,0
0.7,0.3,0,0,493,578815.9,120529,4.8023,0
0.7,0.3,0,0,524,578815.9,120529,4.8023,0
0.7,0.3,0,0,523,578815.9,120529,4.8023,0
0.7,0.3,0,0,490,578815.9,120529,4.8023,0
0.7,0.3,0,0,489,578815.9,120529,4.8023,0
0.7,0.3,0,0,488,578815.9,120529,4.8023,0
0.7,0.3,0,0,487,578815.9,120529,4.8023,0
0.7,0.3,0,0,486,578815.9,120529,4.8023,0
0.7,0.3,0,0,485,578815.9,120529,4.8023,0
0.7,0.3,0,0,484,578815.9,120529,4.8023,0
0.7,0.3,0,0,483,578815.9,120529,4.8023,0
0.7,0.3,0,0,482,578815.9,120529,4.8023,0
0.7,0.3,0,0,156,578828.5,120529,4.8024,0
0.7,0.3,0,0,513,578815.9,120529,4.8023,0
0.7,0.3,0,0,512,578815.9,120529,4.8023,0
0.7,0.3,0,0,511,578815.9,120529,4.8023,0
0.7,0.3,0,0,510,578815.9,120529,4.8023,0
0.7,0.3,0,0,509,578815.9,120529,4.8023,0
0.7,0.3,0,0,540,578815.9,120529,4.8023,0
0.7,0.3,0,0,539,578815.9,120529,4.8023,0
0.7,0.3,0,0,506,578815.9,120529,4.8023,0
0.7,0.3,0,0,505,578815.9,120529,4.8023,0
0.7,0.3,0,0,504,578815.9,120529,4.8023,0
0.7,0.3,0,0,503,578815.9,120529,4.8023,0
0.7,0.3,0,0,502,578815.9,120529,4.8023,0
0.7,0.3,0,0,501,578815.9,120529,4.8023,0
0.7,0.3,0,0,500,578815.9,120529,4.8023,0
0.7,0.3,0,0,499,578815.9,120529,4.8023,0
0.7,0.3,0,0,498,578815.9,120529,4.8023,0
0.7,0.3,0,0,102,579015.4,120635,4.7997,0
0.7,0.3,0,0,101,579111.1,120766,4.7953,0
0.7,0.3,0,0,529,578815.9,120529,4.8023,0
0.7,0.3,0,0,528,578815.9,120529,4.8023,0
0.7,0.3,0,0,527,578815.9,120529,4.8023,0
0.7,0.3,0,0,526,578815.9,120529,4.8023,0
0.7,0.3,0,0,525,578815.9,120529,4.8023,0
0.7,0.3,0,0,556,578815.9,120529,4.8023,0
0.7,0.3,0,0,555,578815.9,120529,4.8023,0
0.7,0.3,0,0,522,578815.9,120529,4.8023,0
0.7,0.3,0,0,521,578815.9,120529,4.8023,0
0.7,0.3,0,0,520,578815.9,120529,4.8023,0
0.7,0.3,0,0,519,578815.9,120529,4.8023,0
0.7,0.3,0,0,518,578815.9,120529,4.8023,0
0.7,0.3,0,0,517,578815.9,120529,4.8023,0
0.7,0.3,0,0,516,578815.9,120529,4.8023,0
0.7,0.3,0,0,515,578815.9,120529,4.8023,0
0.7,0.3,0,0,514,578815.9,120529,4.8023,0
0.7,0.3,0,0,95,578988.3,120656,4.7987,0
0.7,0.3,0,0,545,578815.9,120529,4.8023,0
0.7,0.3,0,0,544,578815.9,120529,4.8023,0
0.7,0.3,0,0,543,578815.9,120529,4.8023,0
0.7,0.3,0,0,542,578815.9,120529,4.8023,0
0.7,0.3,0,0,541,578815.9,120529,4.8023,0
0.7,0.3,0,0,572,578815.9,120529,4.8023,0
0.7,0.3,0,0,571,578815.9,120529,4.8023,0
0.7,0.3,0,0,538,578815.9,120529,4.8023,0
0.7,0.3,0,0,537,578815.9,120529,4.8023,0
0.7,0.3,0,0,536,578815.9,120529,4.8023,0
0.7,0.3,0,0,535,578815.9,120529,4.8023,0
0.7,0.3,0,0,534,578815.9,120529,4.8023,0
0.7,0.3,0,0,533,578815.9,120529,4.8023,0
0.7,0.3,0,0,532,578815.9,120529,4.8023,0
0.7,0.3,0,0,531,578815.9,120529,4.8023,0
0.7,0.3,0,0,530,578815.9,120529,4.8023,0
0.7,0.3,0,0,107,579254.3,120632,4.8018,0
0.7,0.3,0,0,561,578815.9,120529,4.8023,0
0.7,0.3,0,0,560,578815.9,120529,4.8023,0
0.7,0.3,0,0,559,578815.9,120529,4.8023,0
0.7,0.3,0,0,558,578815.9,120529,4.8023,0
0.7,0.3,0,0,557,578815.9,120529,4.8023,0
0.7,0.3,0,0,576,578815.9,120529,4.8023,0
0.7,0.3,0,0,575,578815.9,120529,4.8023,0
0.7,0.3,0,0,554,578815.9,120529,4.8023,0
0.7,0.3,0,0,553,578815.9,120529,4.8023,0
0.7,0.3,0,0,552,578815.9,120529,4.8023,0
0.7,0.3,0,0,551,578815.9,120529,4.8023,0
0.7,0.3,0,0,550,578815.9,120529,4.8023,0
0.7,0.3,0,0,549,578815.9,120529,4.8023,0
0.7,0.3,0,0,548,578815.9,120529,4.8023,0
0.7,0.3,0,0,547,578815.9,120529,4.8023,0
0.7,0.3,0,0,546,578815.9,120529,4.8023,0
0.7,0.3,0,0,574,578815.9,120529,4.8023,0
0.7,0.3,0,0,573,578815.9,120529,4.8023,0
0.7,0.3,0,0,570,578815.9,120529,4.8023,0
0.7,0.3,0,0,569,578815.9,120529,4.8023,0
0.7,0.3,0,0,568,578815.9,120529,4.8023,0
0.7,0.3,0,0,567,578815.9,120529,4.8023,0
0.7,0.3,0,0,566,578815.9,120529,4.8023,0
0.7,0.3,0,0,565,578815.9,120529,4.8023,0
0.7,0.3,0,0,564,578815.9,120529,4.8023,0
0.7,0.3,0,0,563,578815.9,120529,4.8023,0
0.7,0.3,0,0,562,578815.9,120529,4.8023,0
0.7,0.4,0,0,79,591227.4,122826,4.8135,0
0.7,0.4,0,0,73,591275.2,123040,4.8056,0
0.7,0.4,0,0,57,591320.4,123379,4.7927,0
0.7,0.4,0,0,87,591461.7,123140,4.8032,0
0.7,0.4,0,0,71,591598.6,123367,4.7954,0
0.7,0.4,0,0,92,591660.2,122755,4.8198,0
0.7,0.4,0,0,137,591720.6,122910,4.8143,0
0.7,0.4,0,0,85,591844.0,123402,4.7961,0
0.7,0.4,0,0,68,591940.4,123540,4.7915,0
0.7,0.4,0,0,96,591988.2,122636,4.8272,0
0.7,0.4,0,0,64,592012.8,123184,4.8059,0
0.7,0.4,0,0,134,592018.0,122992,4.8135,0
0.7,0.4,0,0,88,592023.2,123369,4.7988,0
0.7,0.4,0,0,135,592031.8,122986,4.8138,0
0.7,0.4,0,0,91,592041.6,122981,4.8141,0
0.7,0.4,0,0,65,592059.5,123260,4.8033,0
0.7,0.4,0,0,93,592101.1,122771,4.8228,0
0.7,0.4,0,0,98,592159.6,122601,4.83,0
0.7,0.4,0,0,136,592160.2,123112,4.8099,0
0.7,0.4,0,0,99,592184.8,122839,4.8208,0
0.7,0.4,0,0,148,592209.2,122896,4.8188,0
0.7,0.4,0,0,124,592219.4,123117,4.8102,0
0.7,0.4,0,0,138,592224.0,123002,4.8148,0
0.7,0.4,0,0,140,592231.5,122774,4.8238,0
0.7,0.4,0,0,86,592237.8,123518,4.7947,0
0.7,0.4,0,0,139,592250.5,123002,4.815,0
0.7,0.4,0,0,90,592282.6,123408,4.7994,0
0.7,0.4,0,0,69,592345.0,123676,4.7895,0
0.7,0.4,0,0,89,592394.9,123064,4.8137,0
0.7,0.4,0,0,132,592484.2,123143,4.8114,0
0.7,0.4,0,0,94,592508.5,122771,4.8261,0
0.7,0.4,0,0,141,592509.9,122886,4.8216,0
0.7,0.4,0,0,131,592547.7,123119,4.8128,0
0.7,0.4,0,0,142,592585.2,123214,4.8094,0
0.7,0.4,0,0,123,592603.7,123134,4.8127,0
0.7,0.4,0,0,133,592648.7,123003,4.8182,0
0.7,0.4,0,0,120,592700.6,123408,4.8028,0
0.7,0.4,0,0,121,592706.3,123255,4.8088,0
0.7,0.4,0,0,125,592709.2,123134,4.8135,0
0.7,0.4,0,0,145,592720.8,122988,4.8193,0
0.7,0.4,0,0,126,592727.6,123250,4.8091,0
0.7,0.4,0,0,127,592737.7,123134,4.8138,0
0.7,0.4,0,0,97,592748.4,122956,4.8208,0
0.7,0.4,0,0,143,592759.7,123098,4.8153,0
0.7,0.4,0,0,144,592760.5,123098,4.8154,0
0.7,0.4,0,0,146,592777.3,122988,4.8198,0
0.7,0.4,0,0,147,592778.7,122988,4.8198,0
0.7,0.4,0,0,154,592789.7,122988,4.8199,0
0.7,0.4,0,0,128,592802.6,123250,4.8098,0
0.7,0.4,0,0,152,592822.7,122988,4.8202,0
0.7,0.4,0,0,122,592832.8,123236,4.8105,0
0.7,0.4,0,0,150,592838.4,122988,4.8203,0
0.7,0.4,0,0,119,592838.6,123499,4.8004,0
0.7,0.4,0,0,155,592842.1,122988,4.8203,0
0.7,0.4,0,0,151,592853.9,123141,4.8144,0
0.7,0.4,0,0,95,592857.0,122726,4.8307,0
0.7,0.4,0,0,130,592859.8,123250,4.8102,0
0.7,0.4,0,0,153,592864.7,122988,4.8205,0
0.7,0.4,0,0,129,592872.2,123250,4.8103,0
0.7,0.4,0,0,205,592878.2,122988,4.8206,0
0.7,0.4,0,0,149,592882.0,122988,4.8206,0
0.7,0.4,0,0,157,592884.6,122988,4.8207,0
0.7,0.4,0,0,203,592889.7,122988,4.8207,0
0.7,0.4,0,0,104,593883.5,123132,4.8231,0
0.7,0.4,0,0,105,593175.4,122937,4.825,0
0.7,0.4,0,0,522,592894.0,122988,4.8207,0
0.7,0.4,0,0,523,592894.0,122988,4.8207,0
0.7,0.4,0,0,492,592894.0,122988,4.8207,0
0.7,0.4,0,0,493,592894.0,122988,4.8207,0
0.7,0.4,0,0,494,592894.0,122988,4.8207,0
0.7,0.4,0,0,495,592894.0,122988,4.8207,0
0.7,0.4,0,0,464,592894.0,122988,4.8207,0
0.7,0.4,0,0,465,592894.0,122988,4.8207,0
0.7,0.4,0,0,466,592894.0,122988,4.8207,0
0.7,0.4,0,0,499,592894.0,122988,4.8207,0
0.7,0.4,0,0,500,592894.0,122988,4.8207,0
0.7,0.4,0,0,501,592894.0,122988,4.8207,0
0.7,0.4,0,0,502,592894.0,122988,4.8207,0
0.7,0.4,0,0,503,592894.0,122988,4.8207,0
0.7,0.4,0,0,536,592894.0,122988,4.8207,0
0.7,0.4,0,0,537,592894.0,122988,4.8207,0
0.7,0.4,0,0,506,592894.0,122988,4.8207,0
0.7,0.4,0,0,507,592894.0,122988,4.8207,0
0.7,0.4,0,0,476,592894.0,122988,4.8207,0
0.7,0.4,0,0,477,592894.0,122988,4.8207,0
0.7,0.4,0,0,478,592894.0,122988,4.8207,0
0.7,0.4,0,0,479,592894.0,122988,4.8207,0
0.7,0.4,0,0,448,592894.0,122988,4.8207,0
0.7,0.4,0,0,449,592894.0,122988,4.8207,0
0.7,0.4,0,0,450,592894.0,122988,4.8207,0
0.7,0.4,0,0,483,592894.0,122988,4.8207,0
0.7,0.4,0,0,484,592894.0,122988,4.8207,0
0.7,0.4,0,0,485,592894.0,122988,4.8207,0
0.7,0.4,0,0,486,592894.0,122988,4.8207,0
0.7,0.4,0,0,487,592894.0,122988,4.8207,0
0.7,0.4,0,0,520,592894.0,122988,4.8207,0
0.7,0.4,0,0,521,592894.0,122988,4.8207,0
0.7,0.4,0,0,490,592894.0,122988,4.8207,0
0.7,0.4,0,0,491,592894.0,122988,4.8207,0
0.7,0.4,0,0,460,592894.0,122988,4.8207,0
0.7,0.4,0,0,461,592894.0,122988,4.8207,0
0.7,0.4,0,0,462,592894.0,122988,4.8207,0
0.7,0.4,0,0,463,592894.0,122988,4.8207,0
0.7,0.4,0,0,432,592894.0,122988,4.8207,0
0.7,0.4,0,0,433,592894.0,122988,4.8207,0
0.7,0.4,0,0,434,592894.0,122988,4.8207,0
0.7,0.4,0,0,467,592894.0,122988,4.8207,0
0.7,0.4,0,0,468,592894.0,122988,4.8207,0
0.7,0.4,0,0,469,592894.0,122988,4.8207,0
0.7,0.4,0,0,470,592894.0,122988,4.8207,0
0.7,0.4,0,0,471,592894.0,122988,4.8207,0
0.7,0.4,0,0,504,592894.0,122988,4.8207,0
0.7,0.4,0,0,505,592894.0,122988,4.8207,0
0.7,0.4,0,0,474,592894.0,122988,4.8207,0
0.7,0.4,0,0,475,592894.0,122988,4.8207,0
0.7,0.4,0,0,444,592894.0,122988,4.8207,0
0.7,0.4,0,0,445,592894.0,122988,4.8207,0
0.7,0.4,0,0,446,592894.0,122988,4.8207,0
0.7,0.4,0,0,447,592894.0,122988,4.8207,0
0.7,0.4,0,0,416,592894.0,122988,4.8207,0
0.7,0.4,0,0,417,592894.0,122988,4.8207,0
0.7,0.4,0,0,418,592894.0,122988,4.8207,0
0.7,0.4,0,0,451,592894.0,122988,4.8207,0
0.7,0.4,0,0,452,592894.0,122988,4.8207,0
0.7,0.4,0,0,453,592894.0,122988,4.8207,0
0.7,0.4,0,0,454,592894.0,122988,4.8207,0
0.7,0.4,0,0,455,592894.0,122988,4.8207,0
0.7,0.4,0,0,488,592894.0,122988,4.8207,0
0.7,0.4,0,0,489,592894.0,122988,4.8207,0
0.7,0.4,0,0,458,592894.0,122988,4.8207,0
0.7,0.4,0,0,459,592894.0,122988,4.8207,0
0.7,0.4,0,0,428,592894.0,122988,4.8207,0
0.7,0.4,0,0,429,592894.0,122988,4.8207,0
0.7,0.4,0,0,430,592894.0,122988,4.8207,0
0.7,0.4,0,0,431,592894.0,122988,4.8207,0
0.7,0.4,0,0,400,592894.0,122988,4.8207,0
0.7,0.4,0,0,401,592894.0,122988,4.8207,0
0.7,0.4,0,0,402,592894.0,122988,4.8207,0
0.7,0.4,0,0,435,592894.0,122988,4.8207,0
0.7,0.4,0,0,436,592894.0,122988,4.8207,0
0.7,0.4,0,0,437,592894.0,122988,4.8207,0
0.7,0.4,0,0,438,592894.0,122988,4.8207,0
0.7,0.4,0,0,439,592894.0,122988,4.8207,0
0.7,0.4,0,0,472,592894.0,122988,4.8207,0
0.7,0.4,0,0,473,592894.0,122988,4.8207,0
0.7,0.4,0,0,442,592894.0,122988,4.8207,0
0.7,0.4,0,0,443,592894.0,122988,4.8207,0
0.7,0.4,0,0,412,592894.0,122988,4.8207,0
0.7,0.4,0,0,413,592894.0,122988,4.8207,0
0.7,0.4,0,0,414,592894.0,122988,4.8207,0
0.7,0.4,0,0,415,592894.0,122988,4.8207,0
0.7,0.4,0,0,384,592894.0,122988,4.8207,0
0.7,0.4,0,0,385,592894.0,122988,4.8207,0
0.7,0.4,0,0,386,592894.0,122988,4.8207,0
0.7,0.4,0,0,419,592894.0,122988,4.8207,0
0.7,0.4,0,0,420,592894.0,122988,4.8207,0
0.7,0.4,0,0,421,592894.0,122988,4.8207,0
0.7,0.4,0,0,422,592894.0,122988,4.8207,0
0.7,0.4,0,0,423,592894.0,122988,4.8207,0
0.7,0.4,0,0,456,592894.0,122988,4.8207,0
0.7,0.4,0,0,457,592894.0,122988,4.8207,0
0.7,0.4,0,0,426,592894.0,122988,4.8207,0
0.7,0.4,0,0,427,592894.0,122988,4.8207,0
0.7,0.4,0,0,396,592894.0,122988,4.8207,0
0.7,0.4,0,0,397,592894.0,122988,4.8207,0
0.7,0.4,0,0,398,592894.0,122988,4.8207,0
0.7,0.4,0,0,399,592894.0,122988,4.8207,0
0.7,0.4,0,0,368,592894.0,122988,4.8207,0
0.7,0.4,0,0,369,592894.0,122988,4.8207,0
0.7,0.4,0,0,370,592894.0,122988,4.8207,0
0.7,0.4,0,0,403,592894.0,122988,4.8207,0
0.7,0.4,0,0,404,592894.0,122988,4.8207,0
0.7,0.4,0,0,405,592894.0,122988,4.8207,0
0.7,0.4,0,0,406,592894.0,122988,4.8207,0
0.7,0.4,0,0,407,592894.0,122988,4.8207,0
0.7,0.4,0,0,440,592894.0,122988,4.8207,0
0.7,0.4,0,0,441,592894.0,122988,4.8207,0
0.7,0.4,0,0,410,592894.0,122988,4.8207,0
0.7,0.4,0,0,411,592894.0,122988,4.8207,0
0.7,0.4,0,0,380,592894.0,122988,4.8207,0
0.7,0.4,0,0,381,592894.0,122988,4.8207,0
0.7,0.4,0,0,382,592894.0,122988,4.8207,0
0.7,0.4,0,0,383,592894.0,122988,4.8207,0
0.7,0.4,0,0,352,592894.0,122988,4.8207,0
0.7,0.4,0,0,353,592894.0,122988,4.8207,0
0.7,0.4,0,0,354,592894.0,122988,4.8207,0
0.7,0.4,0,0,387,592894.0,122988,4.8207,0
0.7,0.4,0,0,388,592894.0,122988,4.8207,0
0.7,0.4,0,0,389,592894.0,122988,4.8207,0
0.7,0.4,0,0,390,592894.0,122988,4.8207,0
0.7,0.4,0,0,391,592894.0,122988,4.8207,0
0.7,0.4,0,0,424,592894.0,122988,4.8207,0
0.7,0.4,0,0,425,592894.0,122988,4.8207,0
0.7,0.4,0,0,394,592894.0,122988,4.8207,0
0.7,0.4,0,0,395,592894.0,122988,4.8207,0
0.7,0.4,0,0,364,592894.0,122988,4.8207,0
0.7,0.4,0,0,365,592894.0,122988,4.8207,0
0.7,0.4,0,0,366,592894.0,122988,4.8207,0
0.7,0.4,0,0,367,592894.0,122988,4.8207,0
0.7,0.4,0,0,336,592894.0,122988,4.8207,0
0.7,0.4,0,0,337,592894.0,122988,4.8207,0
0.7,0.4,0,0,338,592894.0,122988,4.8207,0
0.7,0.4,0,0,371,592894.0,122988,4.8207,0
0.7,0.4,0,0,372,592894.0,122988,4.8207,0
0.7,0.4,0,0,373,592894.0,122988,4.8207,0
0.7,0.4,0,0,374,592894.0,122988,4.8207,0
0.7,0.4,0,0,375,592894.0,122988,4.8207,0
0.7,0.4,0,0,408,592894.0,122988,4.8207,0
0.7,0.4,0,0,409,592894.0,122988,4.8207,0
0.7,0.4,0,0,378,592894.0,122988,4.8207,0
0.7,0.4,0,0,379,592894.0,122988,4.8207,0
0.7,0.4,0,0,348,592894.0,122988,4.8207,0
0.7,0.4,0,0,349,592894.0,122988,4.8207,0
0.7,0.4,0,0,350,592894.0,122988,4.8207,0
0.7,0.4,0,0,351,592894.0,122988,4.8207,0
0.7,0.4,0,0,320,592894.0,122988,4.8207,0
0.7,0.4,0,0,321,592894.0,122988,4.8207,0
0.7,0.4,0,0,322,592894.0,122988,4.8207,0
0.7,0.4,0,0,355,592894.0,122988,4.8207,0
0.7,0.4,0,0,356,592894.0,122988,4.8207,0
0.7,0.4,0,0,357,592894.0,122988,4.8207,0
0.7,0.4,0,0,358,592894.0,122988,4.8207,0
0.7,0.4,0,0,359,592894.0,122988,4.8207,0
0.7,0.4,0,0,392,592894.0,122988,4.8207,0
0.7,0.4,0,0,393,592894.0,122988,4.8207,0
0.7,0.4,0,0,362,592894.0,122988,4.8207,0
0.7,0.4,0,0,363,592894.0,122988,4.8207,0
0.7,0.4,0,0,332,592894.0,122988,4.8207,0
0.7,0.4,0,0,333,592894.0,122988,4.8207,0
0.7,0.4,0,0,334,592894.0,122988,4.8207,0
0.7,0.4,0,0,335,592894.0,122988,4.8207,0
0.7,0.4,0,0,304,592894.0,122988,4.8207,0
0.7,0.4,0,0,305,592894.0,122988,4.8207,0
0.7,0.4,0,0,306,592894.0,122988,4.8207,0
0.7,0.4,0,0,339,592894.0,122988,4.8207,0
0.7,0.4,0,0,340,592894.0,122988,4.8207,0
0.7,0.4,0,0,341,592894.0,122988,4.8207,0
0.7,0.4,0,0,342,592894.0,122988,4.8207,0
0.7,0.4,0,0,343,592894.0,122988,4.8207,0
0.7,0.4,0,0,376,592894.0,122988,4.8207,0
0.7,0.4,0,0,377,592894.0,122988,4.8207,0
0.7,0.4,0,0,346,592894.0,122988,4.8207,0
0.7,0.4,0,0,347,592894.0,122988,4.8207,0
0.7,0.4,0,0,316,592894.0,122988,4.8207,0
0.7,0.4,0,0,317,592894.0,122988,4.8207,0
0.7,0.4,0,0,318,592894.0,122988,4.8207,0
0.7,0.4,0,0,319,592894.0,122988,4.8207,0
0.7,0.4,0,0,288,592894.0,122988,4.8207,0
0.7,0.4,0,0,289,592894.0,122988,4.8207,0
0.7,0.4,0,0,290,592894.0,122988,4.8207,0
0.7,0.4,0,0,323,592894.0,122988,4.8207,0
0.7,0.4,0,0,324,592894.0,122988,4.8207,0
0.7,0.4,0,0,325,592894.0,122988,4.8207,0
0.7,0.4,0,0,326,592894.0,122988,4.8207,0
0.7,0.4,0,0,327,592894.0,122988,4.8207,0
0.7,0.4,0,0,360,592894.0,122988,4.8207,0
0.7,0.4,0,0,361,592894.0,122988,4.8207,0
0.7,0.4,0,0,330,592894.0,122988,4.8207,0
0.7,0.4,0,0,331,592894.0,122988,4.8207,0
0.7,0.4,0,0,300,592894.0,122988,4.8207,0
0.7,0.4,0,0,301,592894.0,122988,4.8207,0
0.7,0.4,0,0,302,592894.0,122988,4.8207,0
0.7,0.4,0,0,303,592894.0,122988,4.8207,0
0.7,0.4,0,0,272,592894.0,122988,4.8207,0
0.7,0.4,0,0,273,592894.0,122988,4.8207,0
0.7,0.4,0,0,274,592894.0,122988,4.8207,0
0.7,0.4,0,0,307,592894.0,122988,4.8207,0
0.7,0.4,0,0,308,592894.0,122988,4.8207,0
0.7,0.4,0,0,309,592894.0,122988,4.8207,0
0.7,0.4,0,0,310,592894.0,122988,4.8207,0
0.7,0.4,0,0,311,592894.0,122988,4.8207,0
0.7,0.4,0,0,344,592894.0,122988,4.8207,0
0.7,0.4,0,0,345,592894.0,122988,4.8207,0
0.7,0.4,0,0,314,592894.0,122988,4.8207,0
0.7,0.4,0,0,315,592894.0,122988,4.8207,0
0.7,0.4,0,0,284,592894.0,122988,4.8207,0
0.7,0.4,0,0,285,592894.0,122988,4.8207,0
0.7,0.4,0,0,286,592894.0,122988,4.8207,0
0.7,0.4,0,0,287,592894.0,122988,4.8207,0
0.7,0.4,0,0,256,592894.0,122988,4.8207,0
0.7,0.4,0,0,257,592894.0,122988,4.8207,0
0.7,0.4,0,0,258,592894.0,122988,4.8207,0
0.7,0.4,0,0,291,592894.0,122988,4.8207,0
0.7,0.4,0,0,292,592894.0,122988,4.8207,0
0.7,0.4,0,0,293,592894.0,122988,4.8207,0
0.7,0.4,0,0,294,592894.0,122988,4.8207,0
0.7,0.4,0,0,295,592894.0,122988,4.8207,0
0.7,0.4,0,0,328,592894.0,122988,4.8207,0
0.7,0.4,0,0,329,592894.0,122988,4.8207,0
0.7,0.4,0,0,298,592894.0,122988,4.8207,0
0.7,0.4,0,0,299,592894.0,122988,4.8207,0
0.7,0.4,0,0,268,592894.0,122988,4.8207,0
0.7,0.4,0,0,269,592894.0,122988,4.8207,0
0.7,0.4,0,0,270,592894.0,122988,4.8207,0
0.7,0.4,0,0,271,592894.0,122988,4.8207,0
0.7,0.4,0,0,240,592938.0,122988,4.8211,0
0.7,0.4,0,0,241,592949.6,122988,4.8212,0
0.7,0.4,0,0,242,592941.1,122988,4.8211,0
0.7,0.4,0,0,275,592894.0,122988,4.8207,0
0.7,0.4,0,0,276,592894.0,122988,4.8207,0
0.7,0.4,0,0,277,592894.0,122988,4.8207,0
0.7,0.4,0,0,278,592894.0,122988,4.8207,0
0.7,0.4,0,0,279,592894.0,122988,4.8207,0
0.7,0.4,0,0,312,592894.0,122988,4.8207,0
0.7,0.4,0,0,313,592894.0,122988,4.8207,0
0.7,0.4,0,0,282,592894.0,122988,4.8207,0
0.7,0.4,0,0,283,592894.0,122988,4.8207,0
0.7,0.4,0,0,252,592907.2,122988,4.8209,0
0.7,0.4,0,0,253,592904.6,122988,4.8208,0
0.7,0.4,0,0,254,592897.4,122988,4.8208,0
0.7,0.4,0,0,255,592894.0,122988,4.8207,0
0.7,0.4,0,0,224,592935.5,122988,4.8211,0
0.7,0.4,0,0,225,592937.6,122988,4.8211,0
0.7,0.4,0,0,226,592946.1,122988,4.8212,0
0.7,0.4,0,0,259,592894.0,122988,4.8207,0
0.7,0.4,0,0,260,592894.0,122988,4.8207,0
0.7,0.4,0,0,261,592894.0,122988,4.8207,0
0.7,0.4,0,0,262,592894.0,122988,4.8207,0
0.7,0.4,0,0,263,592894.0,122988,4.8207,0
0.7,0.4,0,0,296,592894.0,122988,4.8207,0
0.7,0.4,0,0,297,592894.0,122988,4.8207,0
0.7,0.4,0,0,266,592894.0,122988,4.8207,0
0.7,0.4,0,0,267,592894.0,122988,4.8207,0
0.7,0.4,0,0,236,592923.5,122988,4.821,0
0.7,0.4,0,0,237,592919.6,122988,4.821,0
0.7,0.4,0,0,238,592920.3,122988,4.821,0
0.7,0.4,0,0,239,592923.0,122988,4.821,0
0.7,0.4,0,0,208,592951.1,122988,4.8212,0
0.7,0.4,0,0,209,592957.4,122988,4.8213,0
0.7,0.4,0,0,210,592931.4,122988,4.8211,0
0.7,0.4,0,0,243,592932.2,122988,4.8211,0
0.7,0.4,0,0,244,592931.3,122988,4.8211,0
0.7,0.4,0,0,245,592940.1,122988,4.8211,0
0.7,0.4,0,0,246,592925.9,122988,4.821,0
0.7,0.4,0,0,247,592923.0,122988,4.821,0
0.7,0.4,0,0,280,592894.0,122988,4.8207,0
0.7,0.4,0,0,281,592894.0,122988,4.8207,0
0.7,0.4,0,0,250,592915.5,122988,4.8209,0
0.7,0.4,0,0,251,592908.0,122988,4.8209,0
0.7,0.4,0,0,220,593014.5,122988,4.8217,0
0.7,0.4,0,0,221,592984.9,122988,4.8215,0
0.7,0.4,0,0,222,592975.0,122988,4.8214,0
0.7,0.4,0,0,223,592956.8,122988,4.8213,0
0.7,0.4,0,0,192,593063.1,122988,4.8221,0
0.7,0.4,0,0,193,593041.3,122988,4.8219,0
0.7,0.4,0,0,194,593069.0,122988,4.8222,0
0.7,0.4,0,0,227,592927.3,122988,4.821,0
0.7,0.4,0,0,228,592936.4,122988,4.8211,0
0.7,0.4,0,0,229,592954.8,122988,4.8212,0
0.7,0.4,0,0,230,592966.6,122988,4.8213,0
0.7,0.4,0,0,231,592958.2,122988,4.8213,0
0.7,0.4,0,0,264,592894.0,122988,4.8207,0
0.7,0.4,0,0,265,592894.0,122988,4.8207,0
0.7,0.4,0,0,234,592928.9,122988,4.821,0
0.7,0.4,0,0,235,592917.5,122988,4.8209,0
0.7,0.4,0,0,204,592899.4,122988,4.8208,0
0.7,0.4,0,0,206,592922.4,122988,4.821,0
0.7,0.4,0,0,207,592934.2,122988,4.8211,0
0.7,0.4,0,0,176,593124.8,122988,4.8226,0
0.7,0.4,0,0,177,593078.4,122988,4.8222,0
0.7,0.4,0,0,178,593120.6,122988,4.8226,0
0.7,0.4,0,0,211,592914.8,122988,4.8209,0
0.7,0.4,0,0,212,592971.2,122988,4.8214,0
0.7,0.4,0,0,213,593005.2,122988,4.8217,0
0.7,0.4,0,0,214,593010.9,122988,4.8217,0
0.7,0.4,0,0,215,593023.2,122988,4.8218,0
0.7,0.4,0,0,248,592921.2,122988,4.821,0
0.7,0.4,0,0,249,592916.0,122988,4.8209,0
0.7,0.4,0,0,218,592996.5,122988,4.8216,0
0.7,0.4,0,0,219,593022.2,122988,4.8218,0
0.7,0.4,0,0,188,593061.8,122988,4.8221,0
0.7,0.4,0,0,189,593087.3,122988,4.8223,0
0.7,0.4,0,0,190,593074.4,122988,4.8222,0
0.7,0.4,0,0,191,593075.4,122988,4.8222,0
0.7,0.4,0,0,160,592945.6,122988,4.8212,0
0.7,0.4,0,0,161,593023.1,122988,4.8218,0
0.7,0.4,0,0,162,593145.6,122988,4.8228,0
0.7,0.4,0,0,195,593057.6,122988,4.8221,0
0.7,0.4,0,0,196,593045.6,122988,4.822,0
0.7,0.4,0,0,197,593017.3,122988,4.8217,0
0.7,0.4,0,0,198,592975.2,122988,4.8214,0
0.7,0.4,0,0,199,592990.3,122988,4.8215,0
0.7,0.4,0,0,232,592959.6,122988,4.8213,0
0.7,0.4,0,0,233,592955.6,122988,4.8212,0
0.7,0.4,0,0,202,592939.9,122988,4.8211,0
0.7,0.4,0,0,172,593049.7,122988,4.822,0
0.7,0.4,0,0,173,593834.2,123105,4.8238,0
0.7,0.4,0,0,174,593799.2,123105,4.8235,0
0.7,0.4,0,0,175,593031.2,122988,4.8219,0
0.7,0.4,0,0,179,593066.7,122988,4.8222,0
0.7,0.4,0,0,180,593024.5,122988,4.8218,0
0.7,0.4,0,0,181,593036.1,122988,4.8219,0
0.7,0.4,0,0,182,593075.6,122988,4.8222,0
0.7,0.4,0,0,183,593076.3,122988,4.8222,0
0.7,0.4,0,0,216,592989.2,122988,4.8215,0
0.7,0.4,0,0,217,592981.3,122988,4.8215,0
0.7,0.4,0,0,186,593055.4,122988,4.8221,0
0.7,0.4,0,0,187,593052.1,122988,4.822,0
0.7,0.4,0,0,156,592910.9,122988,4.8209,0
0.7,0.4,0,0,158,592921.1,122988,4.821,0
0.7,0.4,0,0,159,592897.8,122988,4.8208,0
0.7,0.4,0,0,163,593102.3,122988,4.8224,0
0.7,0.4,0,0,164,593132.9,122988,4.8227,0
0.7,0.4,0,0,165,593076.3,122988,4.8222,0
0.7,0.4,0,0,166,593132.0,122988,4.8227,0
0.7,0.4,0,0,167,593898.3,123105,4.8243,0
0.7,0.4,0,0,200,592967.9,122988,4.8213,0
0.7,0.4,0,0,201,592948.6,122988,4.8212,0
0.7,0.4,0,0,538,592894.0,122988,4.8207,0
0.7,0.4,0,0,539,592894.0,122988,4.8207,0
0.7,0.4,0,0,508,592894.0,122988,4.8207,0
0.7,0.4,0,0,509,592894.0,122988,4.8207,0
0.7,0.4,0,0,510,592894.0,122988,4.8207,0
0.7,0.4,0,0,511,592894.0,122988,4.8207,0
0.7,0.4,0,0,480,592894.0,122988,4.8207,0
0.7,0.4,0,0,481,592894.0,122988,4.8207,0
0.7,0.4,0,0,482,592894.0,122988,4.8207,0
0.7,0.4,0,0,515,592894.0,122988,4.8207,0
0.7,0.4,0,0,516,592894.0,122988,4.8207,0
0.7,0.4,0,0,517,592894.0,122988,4.8207,0
0.7,0.4,0,0,518,592894.0,122988,4.8207,0
0.7,0.4,0,0,519,592894.0,122988,4.8207,0
0.7,0.4,0,0,552,592894.0,122988,4.8207,0
0.7,0.4,0,0,553,592894.0,122988,4.8207,0
0.7,0.4,0,0,170,593813.8,123105,4.8236,0
0.7,0.4,0,0,171,593026.7,122988,4.8218,0
0.7,0.4,0,0,112,593163.7,123387,4.8073,0
0.7,0.4,0,0,113,593123.2,123396,4.8067,0
0.7,0.4,0,0,114,593014.9,123396,4.8058,0
0.7,0.4,0,0,184,593004.5,122988,4.8216,0
0.7,0.4,0,0,185,593030.2,122988,4.8219,0
0.7,0.4,0,0,554,592894.0,122988,4.8207,0
0.7,0.4,0,0,555,592894.0,122988,4.8207,0
0.7,0.4,0,0,524,592894.0,122988,4.8207,0
0.7,0.4,0,0,525,592894.0,122988,4.8207,0
0.7,0.4,0,0,526,592894.0,122988,4.8207,0
0.7,0.4,0,0,527,592894.0,122988,4.8207,0
0.7,0.4,0,0,496,592894.0,122988,4.8207,0
0.7,0.4,0,0,497,592894.0,122988,4.8207,0
0.7,0.4,0,0,498,592894.0,122988,4.8207,0
0.7,0.4,0,0,531,592894.0,122988,4.8207,0
0.7,0.4,0,0,532,592894.0,122988,4.8207,0
0.7,0.4,0,0,533,592894.0,122988,4.8207,0
0.7,0.4,0,0,534,592894.0,122988,4.8207,0
0.7,0.4,0,0,535,592894.0,122988,4.8207,0
0.7,0.4,0,0,568,592894.0,122988,4.8207,0
0.7,0.4,0,0,569,592894.0,122988,4.8207,0
0.7,0.4,0,0,168,593918.9,123105,4.8245,0
0.7,0.4,0,0,169,593891.3,123105,4.8243,0
0.7,0.4,0,0,108,593631.0,123008,4.826,0
0.7,0.4,0,0,109,593352.2,123118,4.8194,0
0.7,0.4,0,0,110,593450.7,123118,4.8202,0
0.7,0.4,0,0,111,593314.4,123243,4.8142,0
0.7,0.4,0,0,115,593154.7,123518,4.8022,0
0.7,0.4,0,0,116,593089.7,123397,4.8064,0
0.7,0.4,0,0,117,593042.6,123620,4.7973,0
0.7,0.4,0,0,118,592910.4,123620,4.7962,0
0.7,0.4,0,0,570,592894.0,122988,4.8207,0
0.7,0.4,0,0,571,592894.0,122988,4.8207,0
0.7,0.4,0,0,540,592894.0,122988,4.8207,0
0.7,0.4,0,0,541,592894.0,122988,4.8207,0
0.7,0.4,0,0,542,592894.0,122988,4.8207,0
0.7,0.4,0,0,543,592894.0,122988,4.8207,0
0.7,0.4,0,0,512,592894.0,122988,4.8207,0
0.7,0.4,0,0,513,592894.0,122988,4.8207,0
0.7,0.4,0,0,514,592894.0,122988,4.8207,0
0.7,0.4,0,0,547,592894.0,122988,4.8207,0
0.7,0.4,0,0,548,592894.0,122988,4.8207,0
0.7,0.4,0,0,549,592894.0,122988,4.8207,0
0.7,0.4,0,0,550,592894.0,122988,4.8207,0
0.7,0.4,0,0,551,592894.0,122988,4.8207,0
0.7,0.4,0,0,573,592894.0,122988,4.8207,0
0.7,0.4,0,0,574,592894.0,122988,4.8207,0
0.7,0.4,0,0,100,593295.1,123160,4.8173,0
0.7,0.4,0,0,101,593287.6,122943,4.8257,0
0.7,0.4,0,0,102,593888.0,123124,4.8235,0
0.7,0.4,0,0,103,593241.2,123053,4.821,0
0.7,0.4,0,0,575,592894.0,122988,4.8207,0
0.7,0.4,0,0,576,592894.0,122988,4.8207,0
0.7,0.4,0,0,556,592894.0,122988,4.8207,0
0.7,0.4,0,0,557,592894.0,122988,4.8207,0
0.7,0.4,0,0,558,592894.0,122988,4.8207,0
0.7,0.4,0,0,559,592894.0,122988,4.8207,0
0.7,0.4,0,0,528,592894.0,122988,4.8207,0
0.7,0.4,0,0,529,592894.0,122988,4.8207,0
0.7,0.4,0,0,530,592894.0,122988,4.8207,0
0.7,0.4,0,0,560,592894.0,122988,4.8207,0
0.7,0.4,0,0,561,592894.0,122988,4.8207,0
0.7,0.4,0,0,562,592894.0,122988,4.8207,0
0.7,0.4,0,0,563,592894.0,122988,4.8207,0
0.7,0.4,0,0,564,592894.0,122988,4.8207,0
0.7,0.4,0,0,565,592894.0,122988,4.8207,0
0.7,0.4,0,0,566,592894.0,122988,4.8207,0
0.7,0.4,0,0,106,593633.7,123008,4.826,0
0.7,0.4,0,0,107,594088.6,123008,4.8297,0
0.7,0.4,0,0,567,592894.0,122988,4.8207,0
0.7,0.4,0,0,572,592894.0,122988,4.8207,0
0.7,0.4,0,0,544,592894.0,122988,4.8207,0
0.7,0.4,0,0,545,592894.0,122988,4.8207,0
0.7,0.4,0,0,546,592894.0,122988,4.8207,0
0.7,0.5,0,0,78,724893.1,162600,4.4581,0
0.7,0.5,0,0,77,725120.3,162958,4.4497,0
0.7,0.5,0,0,79,725264.4,162600,4.4604,0
0.7,0.5,0,0,81,725388.2,162621,4.4606,0
0.7,0.5,0,0,80,725732.1,162811,4.4575,0
0.7,0.5,0,0,82,725872.7,162621,4.4636,0
0.7,0.5,0,0,84,726030.1,162493,4.4681,0
0.7,0.5,0,0,83,726047.3,162621,4.4647,0
0.7,0.5,0,0,85,726843.5,162733,4.4665,0
0.7,0.5,0,0,86,727073.9,162733,4.4679,0
0.7,0.5,0,0,87,727101.8,163051,4.4594,0
0.7,0.5,0,0,88,727111.7,162861,4.4646,0
0.7,0.5,0,0,89,727465.5,162861,4.4668,0
0.7,0.5,0,0,90,727698.2,162747,4.4713,0
0.7,0.5,0,0,91,728155.2,162861,4.471,0
0.7,0.5,0,0,92,728617.1,162733,4.4774,0
0.7,0.5,0,0,93,728671.3,162733,4.4777,0
0.7,0.5,0,0,96,728940.4,162923,4.4741,0
0.7,0.5,0,0,94,728991.7,162733,4.4797,0
0.7,0.5,0,0,95,729007.1,162733,4.4798,0
0.7,0.5,0,0,97,729035.3,162923,4.4747,0
0.7,0.5,0,0,98,729189.2,162923,4.4757,0
0.7,0.5,0,0,99,729343.5,163089,4.4721,0
0.7,0.5,0,0,100,729499.1,162923,4.4776,0
0.7,0.5,0,0,106,729594.0,163263,4.4688,0
0.7,0.5,0,0,105,729649.4,163263,4.4692,0
0.7,0.5,0,0,103,729696.7,163263,4.4695,0
0.7,0.5,0,0,102,729707.9,163263,4.4695,0
0.7,0.5,0,0,101,729721.5,163089,4.4744,0
0.7,0.5,0,0,104,729769.4,163263,4.4699,0
0.7,0.5,0,0,107,730287.8,163376,4.47,0
0.7,0.5,0,0,108,730326.5,163376,4.4702,0
0.7,0.5,0,0,113,730441.7,163210,4.4755,0
0.7,0.5,0,0,109,730468.7,163376,4.4711,0
0.7,0.5,0,0,111,730474.1,163376,4.4711,0
0.7,0.5,0,0,112,730519.7,163376,4.4714,0
0.7,0.5,0,0,114,730539.8,163210,4.4761,0
0.7,0.5,0,0,110,730549.8,163376,4.4716,0
0.7,0.5,0,0,115,730577.1,163210,4.4763,0
0.7,0.5,0,0,120,730643.2,163210,4.4767,0
0.7,0.5,0,0,123,730651.6,163210,4.4768,0
0.7,0.5,0,0,116,730671.6,163210,4.4769,0
0.7,0.5,0,0,122,730684.3,163210,4.477,0
0.7,0.5,0,0,121,730685.5,163210,4.477,0
0.7,0.5,0,0,130,730698.9,163210,4.477,0
0.7,0.5,0,0,139,730703.9,163210,4.4771,0
0.7,0.5,0,0,124,730711.6,163210,4.4771,0
0.7,0.5,0,0,138,730713.5,163210,4.4771,0
0.7,0.5,0,0,140,730719.5,163210,4.4772,0
0.7,0.5,0,0,137,730725.9,163210,4.4772,0
0.7,0.5,0,0,142,730727.6,163210,4.4772,0
0.7,0.5,0,0,129,730738.8,163210,4.4773,0
0.7,0.5,0,0,135,730740.7,163210,4.4773,0
0.7,0.5,0,0,141,730741.5,163210,4.4773,0
0.7,0.5,0,0,118,730745.2,163210,4.4773,0
0.7,0.5,0,0,136,730747.1,163210,4.4773,0
0.7,0.5,0,0,143,730749.1,163384,4.4726,0
0.7,0.5,0,0,132,730752.4,163210,4.4774,0
0.7,0.5,0,0,133,730754.8,163210,4.4774,0
0.7,0.5,0,0,144,730757.8,163210,4.4774,0
0.7,0.5,0,0,131,730759.6,163210,4.4774,0
0.7,0.5,0,0,119,730760.3,163210,4.4774,0
0.7,0.5,0,0,127,730761.8,163210,4.4774,0
0.7,0.5,0,0,147,730762.1,163210,4.4774,0
0.7,0.5,0,0,126,730769.3,163210,4.4775,0
0.7,0.5,0,0,148,730775.3,163210,4.4775,0
0.7,0.5,0,0,145,730780.3,163210,4.4775,0
0.7,0.5,0,0,128,730794.0,163210,4.4776,0
0.7,0.5,0,0,164,730794.3,163384,4.4729,0
0.7,0.5,0,0,149,730797.3,163384,4.4729,0
0.7,0.5,0,0,165,730799.8,163384,4.4729,0
0.7,0.5,0,0,146,730800.3,163384,4.4729,0
0.7,0.5,0,0,152,730805.9,163384,4.4729,0
0.7,0.5,0,0,134,730807.4,163210,4.4777,0
0.7,0.5,0,0,155,730809.8,163384,4.473,0
0.7,0.5,0,0,154,730810.6,163384,4.473,0
0.7,0.5,0,0,163,730811.6,163384,4.473,0
0.7,0.5,0,0,153,730814.0,163384,4.473,0
0.7,0.5,0,0,150,730816.2,163384,4.473,0
0.7,0.5,0,0,151,730817.0,163384,4.473,0
0.7,0.5,0,0,166,730820.1,163384,4.473,0
0.7,0.5,0,0,161,730823.7,163384,4.473,0
0.7,0.5,0,0,125,730828.1,163210,4.4778,0
0.7,0.5,0,0,117,730829.0,163210,4.4778,0
0.7,0.5,0,0,168,730831.0,163384,4.4731,0
0.7,0.5,0,0,157,730832.9,163384,4.4731,0
0.7,0.5,0,0,167,730835.6,163384,4.4731,0
0.7,0.5,0,0,174,730838.3,163384,4.4731,0
0.7,0.5,0,0,172,730838.9,163384,4.4731,0
0.7,0.5,0,0,160,730841.6,163384,4.4732,0
0.7,0.5,0,0,171,730841.8,163384,4.4732,0
0.7,0.5,0,0,156,730842.1,163384,4.4732,0
0.7,0.5,0,0,173,730843.2,163384,4.4732,0
0.7,0.5,0,0,159,730845.7,163384,4.4732,0
0.7,0.5,0,0,162,730847.3,163384,4.4732,0
0.7,0.5,0,0,169,730850.6,163384,4.4732,0
0.7,0.5,0,0,158,730854.1,163384,4.4732,0
0.7,0.5,0,0,170,730861.9,163384,4.4733,0
0.7,0.5,0,0,175,730867.5,163384,4.4733,0
0.7,0.5,0,0,177,730881.1,163384,4.4734,0
0.7,0.5,0,0,176,730884.1,163384,4.4734,0
0.7,0.5,0,0,180,730888.4,163384,4.4734,0
0.7,0.5,0,0,184,730891.8,163384,4.4735,0
0.7,0.5,0,0,186,730893.2,163384,4.4735,0
0.7,0.5,0,0,179,730894.0,163384,4.4735,0
0.7,0.5,0,0,185,730894.0,163384,4.4735,0
0.7,0.5,0,0,178,730894.7,163384,4.4735,0
0.7,0.5,0,0,181,730903.0,163384,4.4735,0
0.7,0.5,0,0,187,730903.7,163384,4.4735,0
0.7,0.5,0,0,182,730904.9,163384,4.4735,0
0.7,0.5,0,0,189,730909.5,163384,4.4736,0
0.7,0.5,0,0,183,730911.1,163384,4.4736,0
0.7,0.5,0,0,188,730914.2,163384,4.4736,0
0.7,0.5,0,0,190,730918.1,163384,4.4736,0
0.7,0.5,0,0,191,730919.0,163384,4.4736,0
0.7,0.5,0,0,193,730936.0,163384,4.4737,0
0.7,0.5,0,0,192,730941.8,163384,4.4738,0
0.7,0.5,0,0,194,730948.6,163384,4.4738,0
0.7,0.5,0,0,198,730964.9,163384,4.4739,0
0.7,0.5,0,0,197,730970.5,163384,4.4739,0
0.7,0.5,0,0,195,730972.1,163384,4.474,0
0.7,0.5,0,0,205,730974.8,163384,4.474,0
0.7,0.5,0,0,199,730975.0,163384,4.474,0
0.7,0.5,0,0,204,730977.1,163384,4.474,0
0.7,0.5,0,0,206,730978.4,163384,4.474,0
0.7,0.5,0,0,208,730983.5,163384,4.474,0
0.7,0.5,0,0,203,730983.5,163384,4.474,0
0.7,0.5,0,0,207,730984.0,163384,4.474,0
0.7,0.5,0,0,196,730987.4,163384,4.474,0
0.7,0.5,0,0,200,730988.5,163384,4.4741,0
0.7,0.5,0,0,201,730991.8,163384,4.4741,0
0.7,0.5,0,0,202,730996.1,163384,4.4741,0
0.7,0.5,0,0,568,730999.1,163384,4.4741,0
0.7,0.5,0,0,569,730999.1,163384,4.4741,0
0.7,0.5,0,0,570,730999.1,163384,4.4741,0
0.7,0.5,0,0,571,730999.1,163384,4.4741,0
0.7,0.5,0,0,572,730999.1,163384,4.4741,0
0.7,0.5,0,0,573,730999.1,163384,4.4741,0
0.7,0.5,0,0,556,730999.1,163384,4.4741,0
0.7,0.5,0,0,557,730999.1,163384,4.4741,0
0.7,0.5,0,0,558,730999.1,163384,4.4741,0
0.7,0.5,0,0,559,730999.1,163384,4.4741,0
0.7,0.5,0,0,560,730999.1,163384,4.4741,0
0.7,0.5,0,0,561,730999.1,163384,4.4741,0
0.7,0.5,0,0,562,730999.1,163384,4.4741,0
0.7,0.5,0,0,563,730999.1,163384,4.4741,0
0.7,0.5,0,0,564,730999.1,163384,4.4741,0
0.7,0.5,0,0,412,730999.1,163384,4.4741,0
0.7,0.5,0,0,413,730999.1,163384,4.4741,0
0.7,0.5,0,0,414,730999.1,163384,4.4741,0
0.7,0.5,0,0,415,730999.1,163384,4.4741,0
0.7,0.5,0,0,416,730999.1,163384,4.4741,0
0.7,0.5,0,0,417,730999.1,163384,4.4741,0
0.7,0.5,0,0,418,730999.1,163384,4.4741,0
0.7,0.5,0,0,419,730999.1,163384,4.4741,0
0.7,0.5,0,0,420,730999.1,163384,4.4741,0
0.7,0.5,0,0,453,730999.1,163384,4.4741,0
0.7,0.5,0,0,454,730999.1,163384,4.4741,0
0.7,0.5,0,0,455,730999.1,163384,4.4741,0
0.7,0.5,0,0,424,730999.1,163384,4.4741,0
0.7,0.5,0,0,425,730999.1,163384,4.4741,0
0.7,0.5,0,0,426,730999.1,163384,4.4741,0
0.7,0.5,0,0,427,730999.1,163384,4.4741,0
0.7,0.5,0,0,396,730999.1,163384,4.4741,0
0.7,0.5,0,0,397,730999.1,163384,4.4741,0
0.7,0.5,0,0,398,730999.1,163384,4.4741,0
0.7,0.5,0,0,399,730999.1,163384,4.4741,0
0.7,0.5,0,0,400,730999.1,163384,4.4741,0
0.7,0.5,0,0,401,730999.1,163384,4.4741,0
0.7,0.5,0,0,402,730999.1,163384,4.4741,0
0.7,0.5,0,0,403,730999.1,163384,4.4741,0
0.7,0.5,0,0,404,730999.1,163384,4.4741,0
0.7,0.5,0,0,437,730999.1,163384,4.4741,0
0.7,0.5,0,0,438,730999.1,163384,4.4741,0
0.7,0.5,0,0,439,730999.1,163384,4.4741,0
0.7,0.5,0,0,408,730999.1,163384,4.4741,0
0.7,0.5,0,0,409,730999.1,163384,4.4741,0
0.7,0.5,0,0,410,730999.1,163384,4.4741,0
0.7,0.5,0,0,411,730999.1,163384,4.4741,0
0.7,0.5,0,0,380,730999.1,163384,4.4741,0
0.7,0.5,0,0,381,730999.1,163384,4.4741,0
0.7,0.5,0,0,382,730999.1,163384,4.4741,0
0.7,0.5,0,0,383,730999.1,163384,4.4741,0
0.7,0.5,0,0,384,730999.1,163384,4.4741,0
0.7,0.5,0,0,385,730999.1,163384,4.4741,0
0.7,0.5,0,0,386,730999.1,163384,4.4741,0
0.7,0.5,0,0,387,730999.1,163384,4.4741,0
0.7,0.5,0,0,388,730999.1,163384,4.4741,0
0.7,0.5,0,0,421,730999.1,163384,4.4741,0
0.7,0.5,0,0,422,730999.1,163384,4.4741,0
0.7,0.5,0,0,423,730999.1,163384,4.4741,0
0.7,0.5,0,0,392,730999.1,163384,4.4741,0
0.7,0.5,0,0,393,730999.1,163384,4.4741,0
0.7,0.5,0,0,394,730999.1,163384,4.4741,0
0.7,0.5,0,0,395,730999.1,163384,4.4741,0
0.7,0.5,0,0,364,730999.1,163384,4.4741,0
0.7,0.5,0,0,365,730999.1,163384,4.4741,0
0.7,0.5,0,0,366,730999.1,163384,4.4741,0
0.7,0.5,0,0,367,730999.1,163384,4.4741,0
0.7,0.5,0,0,368,730999.1,163384,4.4741,0
0.7,0.5,0,0,369,730999.1,163384,4.4741,0
0.7,0.5,0,0,370,730999.1,163384,4.4741,0
0.7,0.5,0,0,371,730999.1,163384,4.4741,0
0.7,0.5,0,0,372,730999.1,163384,4.4741,0
0.7,0.5,0,0,405,730999.1,163384,4.4741,0
0.7,0.5,0,0,406,730999.1,163384,4.4741,0
0.7,0.5,0,0,407,730999.1,163384,4.4741,0
0.7,0.5,0,0,376,730999.1,163384,4.4741,0
0.7,0.5,0,0,377,730999.1,163384,4.4741,0
0.7,0.5,0,0,378,730999.1,163384,4.4741,0
0.7,0.5,0,0,379,730999.1,163384,4.4741,0
0.7,0.5,0,0,348,730999.1,163384,4.4741,0
0.7,0.5,0,0,349,730999.1,163384,4.4741,0
0.7,0.5,0,0,350,730999.1,163384,4.4741,0
0.7,0.5,0,0,351,730999.1,163384,4.4741,0
0.7,0.5,0,0,352,730999.1,163384,4.4741,0
0.7,0.5,0,0,353,730999.1,163384,4.4741,0
0.7,0.5,0,0,354,730999.1,163384,4.4741,0
0.7,0.5,0,0,355,730999.1,163384,4.4741,0
0.7,0.5,0,0,356,730999.1,163384,4.4741,0
0.7,0.5,0,0,389,730999.1,163384,4.4741,0
0.7,0.5,0,0,390,730999.1,163384,4.4741,0
0.7,0.5,0,0,391,730999.1,163384,4.4741,0
0.7,0.5,0,0,360,730999.1,163384,4.4741,0
0.7,0.5,0,0,361,730999.1,163384,4.4741,0
0.7,0.5,0,0,362,730999.1,163384,4.4741,0
0.7,0.5,0,0,363,730999.1,163384,4.4741,0
0.7,0.5,0,0,332,730999.1,163384,4.4741,0
0.7,0.5,0,0,333,730999.1,163384,4.4741,0
0.7,0.5,0,0,334,730999.1,163384,4.4741,0
0.7,0.5,0,0,335,730999.1,163384,4.4741,0
0.7,0.5,0,0,336,730999.1,163384,4.4741,0
0.7,0.5,0,0,337,730999.1,163384,4.4741,0
0.7,0.5,0,0,338,730999.1,163384,4.4741,0
0.7,0.5,0,0,339,730999.1,163384,4.4741,0
0.7,0.5,0,0,340,730999.1,163384,4.4741,0
0.7,0.5,0,0,373,730999.1,163384,4.4741,0
0.7,0.5,0,0,374,730999.1,163384,4.4741,0
0.7,0.5,0,0,375,730999.1,163384,4.4741,0
0.7,0.5,0,0,344,730999.1,163384,4.4741,0
0.7,0.5,0,0,345,730999.1,163384,4.4741,0
0.7,0.5,0,0,346,730999.1,163384,4.4741,0
0.7,0.5,0,0,347,730999.1,163384,4.4741,0
0.7,0.5,0,0,316,730999.1,163384,4.4741,0
0.7,0.5,0,0,317,730999.1,163384,4.4741,0
0.7,0.5,0,0,318,730999.1,163384,4.4741,0
0.7,0.5,0,0,319,730999.1,163384,4.4741,0
0.7,0.5,0,0,320,730999.1,163384,4.4741,0
0.7,0.5,0,0,321,730999.1,163384,4.4741,0
0.7,0.5,0,0,322,730999.1,163384,4.4741,0
0.7,0.5,0,0,323,730999.1,163384,4.4741,0
0.7,0.5,0,0,324,730999.1,163384,4.4741,0
0.7,0.5,0,0,357,730999.1,163384,4.4741,0
0.7,0.5,0,0,358,730999.1,163384,4.4741,0
0.7,0.5,0,0,359,730999.1,163384,4.4741,0
0.7,0.5,0,0,328,730999.1,163384,4.4741,0
0.7,0.5,0,0,329,730999.1,163384,4.4741,0
0.7,0.5,0,0,330,730999.1,163384,4.4741,0
0.7,0.5,0,0,331,730999.1,163384,4.4741,0
0.7,0.5,0,0,300,730999.1,163384,4.4741,0
0.7,0.5,0,0,301,730999.1,163384,4.4741,0
0.7,0.5,0,0,302,730999.1,163384,4.4741,0
0.7,0.5,0,0,303,730999.1,163384,4.4741,0
0.7,0.5,0,0,304,730999.1,163384,4.4741,0
0.7,0.5,0,0,305,730999.1,163384,4.4741,0
0.7,0.5,0,0,306,730999.1,163384,4.4741,0
0.7,0.5,0,0,307,730999.1,163384,4.4741,0
0.7,0.5,0,0,308,730999.1,163384,4.4741,0
0.7,0.5,0,0,341,730999.1,163384,4.4741,0
0.7,0.5,0,0,342,730999.1,163384,4.4741,0
0.7,0.5,0,0,343,730999.1,163384,4.4741,0
0.7,0.5,0,0,312,730999.1,163384,4.4741,0
0.7,0.5,0,0,313,730999.1,163384,4.4741,0
0.7,0.5,0,0,314,730999.1,163384,4.4741,0
0.7,0.5,0,0,315,730999.1,163384,4.4741,0
0.7,0.5,0,0,284,730999.1,163384,4.4741,0
0.7,0.5,0,0,285,730999.1,163384,4.4741,0
0.7,0.5,0,0,286,730999.1,163384,4.4741,0
0.7,0.5,0,0,287,730999.1,163384,4.4741,0
0.7,0.5,0,0,288,730999.1,163384,4.4741,0
0.7,0.5,0,0,289,730999.1,163384,4.4741,0
0.7,0.5,0,0,290,730999.1,163384,4.4741,0
0.7,0.5,0,0,291,730999.1,163384,4.4741,0
0.7,0.5,0,0,292,730999.1,163384,4.4741,0
0.7,0.5,0,0,325,730999.1,163384,4.4741,0
0.7,0.5,0,0,326,730999.1,163384,4.4741,0
0.7,0.5,0,0,327,730999.1,163384,4.4741,0
0.7,0.5,0,0,296,730999.1,163384,4.4741,0
0.7,0.5,0,0,297,730999.1,163384,4.4741,0
0.7,0.5,0,0,298,730999.1,163384,4.4741,0
0.7,0.5,0,0,299,730999.1,163384,4.4741,0
0.7,0.5,0,0,268,730999.1,163384,4.4741,0
0.7,0.5,0,0,269,730999.1,163384,4.4741,0
0.7,0.5,0,0,270,730999.1,163384,4.4741,0
0.7,0.5,0,0,271,730999.1,163384,4.4741,0
0.7,0.5,0,0,272,730999.1,163384,4.4741,0
0.7,0.5,0,0,273,730999.1,163384,4.4741,0
0.7,0.5,0,0,274,730999.1,163384,4.4741,0
0.7,0.5,0,0,275,730999.1,163384,4.4741,0
0.7,0.5,0,0,276,730999.1,163384,4.4741,0
0.7,0.5,0,0,309,730999.1,163384,4.4741,0
0.7,0.5,0,0,310,730999.1,163384,4.4741,0
0.7,0.5,0,0,311,730999.1,163384,4.4741,0
0.7,0.5,0,0,280,730999.1,163384,4.4741,0
0.7,0.5,0,0,281,730999.1,163384,4.4741,0
0.7,0.5,0,0,282,730999.1,163384,4.4741,0
0.7,0.5,0,0,283,730999.1,163384,4.4741,0
0.7,0.5,0,0,252,730999.1,163384,4.4741,0
0.7,0.5,0,0,253,730999.1,163384,4.4741,0
0.7,0.5,0,0,254,730999.1,163384,4.4741,0
0.7,0.5,0,0,255,730999.1,163384,4.4741,0
0.7,0.5,0,0,256,730999.1,163384,4.4741,0
0.7,0.5,0,0,257,730999.1,163384,4.4741,0
0.7,0.5,0,0,258,730999.1,163384,4.4741,0
0.7,0.5,0,0,259,730999.1,163384,4.4741,0
0.7,0.5,0,0,260,730999.1,163384,4.4741,0
0.7,0.5,0,0,293,730999.1,163384,4.4741,0
0.7,0.5,0,0,294,730999.1,163384,4.4741,0
0.7,0.5,0,0,295,730999.1,163384,4.4741,0
0.7,0.5,0,0,264,730999.1,163384,4.4741,0
0.7,0.5,0,0,265,730999.1,163384,4.4741,0
0.7,0.5,0,0,266,730999.1,163384,4.4741,0
0.7,0.5,0,0,267,730999.1,163384,4.4741,0
0.7,0.5,0,0,236,730999.1,163384,4.4741,0
0.7,0.5,0,0,237,730999.1,163384,4.4741,0
0.7,0.5,0,0,238,730999.1,163384,4.4741,0
0.7,0.5,0,0,239,730999.1,163384,4.4741,0
0.7,0.5,0,0,240,730999.1,163384,4.4741,0
0.7,0.5,0,0,241,730999.1,163384,4.4741,0
0.7,0.5,0,0,242,730999.1,163384,4.4741,0
0.7,0.5,0,0,243,730999.1,163384,4.4741,0
0.7,0.5,0,0,244,730999.1,163384,4.4741,0
0.7,0.5,0,0,277,730999.1,163384,4.4741,0
0.7,0.5,0,0,278,730999.1,163384,4.4741,0
0.7,0.5,0,0,279,730999.1,163384,4.4741,0
0.7,0.5,0,0,248,730999.1,163384,4.4741,0
0.7,0.5,0,0,249,730999.1,163384,4.4741,0
0.7,0.5,0,0,250,730999.1,163384,4.4741,0
0.7,0.5,0,0,251,730999.1,163384,4.4741,0
0.7,0.5,0,0,220,731033.9,163384,4.4743,0
0.7,0.5,0,0,221,731014.8,163384,4.4742,0
0.7,0.5,0,0,222,731008.2,163384,4.4742,0
0.7,0.5,0,0,223,730999.1,163384,4.4741,0
0.7,0.5,0,0,224,730999.1,163384,4.4741,0
0.7,0.5,0,0,225,730999.1,163384,4.4741,0
0.7,0.5,0,0,226,730999.1,163384,4.4741,0
0.7,0.5,0,0,227,730999.1,163384,4.4741,0
0.7,0.5,0,0,228,730999.1,163384,4.4741,0
0.7,0.5,0,0,261,730999.1,163384,4.4741,0
0.7,0.5,0,0,262,730999.1,163384,4.4741,0
0.7,0.5,0,0,263,730999.1,163384,4.4741,0
0.7,0.5,0,0,232,730999.1,163384,4.4741,0
0.7,0.5,0,0,233,730999.1,163384,4.4741,0
0.7,0.5,0,0,234,730999.1,163384,4.4741,0
0.7,0.5,0,0,235,730999.1,163384,4.4741,0
0.7,0.5,0,0,209,731006.1,163384,4.4742,0
0.7,0.5,0,0,210,731002.3,163384,4.4741,0
0.7,0.5,0,0,211,731000.4,163384,4.4741,0
0.7,0.5,0,0,212,731017.1,163384,4.4742,0
0.7,0.5,0,0,245,730999.1,163384,4.4741,0
0.7,0.5,0,0,246,730999.1,163384,4.4741,0
0.7,0.5,0,0,247,730999.1,163384,4.4741,0
0.7,0.5,0,0,216,731039.7,163384,4.4744,0
0.7,0.5,0,0,217,731018.2,163384,4.4742,0
0.7,0.5,0,0,218,731017.5,163384,4.4742,0
0.7,0.5,0,0,219,731026.6,163384,4.4743,0
0.7,0.5,0,0,428,730999.1,163384,4.4741,0
0.7,0.5,0,0,429,730999.1,163384,4.4741,0
0.7,0.5,0,0,430,730999.1,163384,4.4741,0
0.7,0.5,0,0,431,730999.1,163384,4.4741,0
0.7,0.5,0,0,432,730999.1,163384,4.4741,0
0.7,0.5,0,0,433,730999.1,163384,4.4741,0
0.7,0.5,0,0,434,730999.1,163384,4.4741,0
0.7,0.5,0,0,435,730999.1,163384,4.4741,0
0.7,0.5,0,0,436,730999.1,163384,4.4741,0
0.7,0.5,0,0,469,730999.1,163384,4.4741,0
0.7,0.5,0,0,470,730999.1,163384,4.4741,0
0.7,0.5,0,0,471,730999.1,163384,4.4741,0
0.7,0.5,0,0,440,730999.1,163384,4.4741,0
0.7,0.5,0,0,441,730999.1,163384,4.4741,0
0.7,0.5,0,0,442,730999.1,163384,4.4741,0
0.7,0.5,0,0,443,730999.1,163384,4.4741,0
0.7,0.5,0,0,229,730999.1,163384,4.4741,0
0.7,0.5,0,0,230,730999.1,163384,4.4741,0
0.7,0.5,0,0,231,730999.1,163384,4.4741,0
0.7,0.5,0,0,213,731044.4,163384,4.4744,0
0.7,0.5,0,0,214,731038.1,163384,4.4744,0
0.7,0.5,0,0,215,731051.2,163384,4.4744,0
0.7,0.5,0,0,444,730999.1,163384,4.4741,0
0.7,0.5,0,0,445,730999.1,163384,4.4741,0
0.7,0.5,0,0,446,730999.1,163384,4.4741,0
0.7,0.5,0,0,447,730999.1,163384,4.4741,0
0.7,0.5,0,0,448,730999.1,163384,4.4741,0
0.7,0.5,0,0,449,730999.1,163384,4.4741,0
0.7,0.5,0,0,450,730999.1,163384,4.4741,0
0.7,0.5,0,0,451,730999.1,163384,4.4741,0
0.7,0.5,0,0,452,730999.1,163384,4.4741,0
0.7,0.5,0,0,485,730999.1,163384,4.4741,0
0.7,0.5,0,0,486,730999.1,163384,4.4741,0
0.7,0.5,0,0,487,730999.1,163384,4.4741,0
0.7,0.5,0,0,456,730999.1,163384,4.4741,0
0.7,0.5,0,0,457,730999.1,163384,4.4741,0
0.7,0.5,0,0,458,730999.1,163384,4.4741,0
0.7,0.5,0,0,459,730999.1,163384,4.4741,0
0.7,0.5,0,0,460,730999.1,163384,4.4741,0
0.7,0.5,0,0,461,730999.1,163384,4.4741,0
0.7,0.5,0,0,462,730999.1,163384,4.4741,0
0.7,0.5,0,0,463,730999.1,163384,4.4741,0
0.7,0.5,0,0,464,730999.1,163384,4.4741,0
0.7,0.5,0,0,465,730999.1,163384,4.4741,0
0.7,0.5,0,0,466,730999.1,163384,4.4741,0
0.7,0.5,0,0,467,730999.1,163384,4.4741,0
0.7,0.5,0,0,468,730999.1,163384,4.4741,0
0.7,0.5,0,0,501,730999.1,163384,4.4741,0
0.7,0.5,0,0,502,730999.1,163384,4.4741,0
0.7,0.5,0,0,503,730999.1,163384,4.4741,0
0.7,0.5,0,0,472,730999.1,163384,4.4741,0
0.7,0.5,0,0,473,730999.1,163384,4.4741,0
0.7,0.5,0,0,474,730999.1,163384,4.4741,0
0.7,0.5,0,0,475,730999.1,163384,4.4741,0
0.7,0.5,0,0,476,730999.1,163384,4.4741,0
0.7,0.5,0,0,477,730999.1,163384,4.4741,0
0.7,0.5,0,0,478,730999.1,163384,4.4741,0
0.7,0.5,0,0,479,730999.1,163384,4.4741,0
0.7,0.5,0,0,480,730999.1,163384,4.4741,0
0.7,0.5,0,0,481,730999.1,163384,4.4741,0
0.7,0.5,0,0,482,730999.1,163384,4.4741,0
0.7,0.5,0,0,483,730999.1,163384,4.4741,0
0.7,0.5,0,0,484,730999.1,163384,4.4741,0
0.7,0.5,0,0,517,730999.1,163384,4.4741,0
0.7,0.5,0,0,518,730999.1,163384,4.4741,0
0.7,0.5,0,0,519,730999.1,163384,4.4741,0
0.7,0.5,0,0,488,730999.1,163384,4.4741,0
0.7,0.5,0,0,489,730999.1,163384,4.4741,0
0.7,0.5,0,0,490,730999.1,163384,4.4741,0
0.7,0.5,0,0,491,730999.1,163384,4.4741,0
0.7,0.5,0,0,492,730999.1,163384,4.4741,0
0.7,0.5,0,0,493,730999.1,163384,4.4741,0
0.7,0.5,0,0,494,730999.1,163384,4.4741,0
0.7,0.5,0,0,495,730999.1,163384,4.4741,0
0.7,0.5,0,0,496,730999.1,163384,4.4741,0
0.7,0.5,0,0,497,730999.1,163384,4.4741,0
0.7,0.5,0,0,498,730999.1,163384,4.4741,0
0.7,0.5,0,0,499,730999.1,163384,4.4741,0
0.7,0.5,0,0,500,730999.1,163384,4.4741,0
0.7,0.5,0,0,533,730999.1,163384,4.4741,0
0.7,0.5,0,0,534,730999.1,163384,4.4741,0
0.7,0.5,0,0,535,730999.1,163384,4.4741,0
0.7,0.5,0,0,504,730999.1,163384,4.4741,0
0.7,0.5,0,0,505,730999.1,163384,4.4741,0
0.7,0.5,0,0,506,730999.1,163384,4.4741,0
0.7,0.5,0,0,507,730999.1,163384,4.4741,0
0.7,0.5,0,0,508,730999.1,163384,4.4741,0
0.7,0.5,0,0,509,730999.1,163384,4.4741,0
0.7,0.5,0,0,510,730999.1,163384,4.4741,0
0.7,0.5,0,0,511,730999.1,163384,4.4741,0
0.7,0.5,0,0,512,730999.1,163384,4.4741,0
0.7,0.5,0,0,513,730999.1,163384,4.4741,0
0.7,0.5,0,0,514,730999.1,163384,4.4741,0
0.7,0.5,0,0,515,730999.1,163384,4.4741,0
0.7,0.5,0,0,516,730999.1,163384,4.4741,0
0.7,0.5,0,0,549,730999.1,163384,4.4741,0
0.7,0.5,0,0,550,730999.1,163384,4.4741,0
0.7,0.5,0,0,551,730999.1,163384,4.4741,0
0.7,0.5,0,0,520,730999.1,163384,4.4741,0
0.7,0.5,0,0,521,730999.1,163384,4.4741,0
0.7,0.5,0,0,522,730999.1,163384,4.4741,0
0.7,0.5,0,0,523,730999.1,163384,4.4741,0
0.7,0.5,0,0,524,730999.1,163384,4.4741,0
0.7,0.5,0,0,525,730999.1,163384,4.4741,0
0.7,0.5,0,0,526,730999.1,163384,4.4741,0
0.7,0.5,0,0,527,730999.1,163384,4.4741,0
0.7,0.5,0,0,528,730999.1,163384,4.4741,0
0.7,0.5,0,0,529,730999.1,163384,4.4741,0
0.7,0.5,0,0,530,730999.1,163384,4.4741,0
0.7,0.5,0,0,531,730999.1,163384,4.4741,0
0.7,0.5,0,0,532,730999.1,163384,4.4741,0
0.7,0.5,0,0,565,730999.1,163384,4.4741,0
0.7,0.5,0,0,566,730999.1,163384,4.4741,0
0.7,0.5,0,0,567,730999.1,163384,4.4741,0
0.7,0.5,0,0,536,730999.1,163384,4.4741,0
0.7,0.5,0,0,537,730999.1,163384,4.4741,0
0.7,0.5,0,0,538,730999.1,163384,4.4741,0
0.7,0.5,0,0,539,730999.1,163384,4.4741,0
0.7,0.5,0,0,540,730999.1,163384,4.4741,0
0.7,0.5,0,0,541,730999.1,163384,4.4741,0
0.7,0.5,0,0,542,730999.1,163384,4.4741,0
0.7,0.5,0,0,543,730999.1,163384,4.4741,0
0.7,0.5,0,0,544,730999.1,163384,4.4741,0
0.7,0.5,0,0,545,730999.1,163384,4.4741,0
0.7,0.5,0,0,546,730999.1,163384,4.4741,0
0.7,0.5,0,0,547,730999.1,163384,4.4741,0
0.7,0.5,0,0,548,730999.1,163384,4.4741,0
0.7,0.5,0,0,574,730999.1,163384,4.4741,0
0.7,0.5,0,0,575,730999.1,163384,4.4741,0
0.7,0.5,0,0,576,730999.1,163384,4.4741,0
0.7,0.5,0,0,552,730999.1,163384,4.4741,0
0.7,0.5,0,0,553,730999.1,163384,4.4741,0
0.7,0.5,0,0,554,730999.1,163384,4.4741,0
0.7,0.5,0,0,555,730999.1,163384,4.4741,0
