train_years,test_year,dow,dow_name,window,window_utc,entry_thresh,exit_thresh,entry_confirm_min,exit_confirm_min,timed_exit_bars,timed_exit_min,train_n,train_avg_pips,test_n,test_total_pips,test_avg_pips,oos_profitable
[2019],2020,0,Mon,0,00:00,0.4,0.2,10,60,144,720,38,7.3605,177,114.7,0.648,True
"[2019, 2020]",2021,0,Mon,0,00:00,0.4,0.2,0,60,35,175,231,4.0831,228,935.5,4.1031,True
"[2019, 2020, 2021]",2022,0,Mon,0,00:00,0.4,0.2,0,50,455,2275,459,4.6373,206,2665.7,12.9403,True
"[2019, 2020, 2021, 2022]",2023,0,Mon,0,00:00,0.4,0.2,0,50,120,600,665,7.4958,214,913.3,4.2678,True
"[2019, 2020, 2021, 2022, 2023]",2024,0,Mon,0,00:00,0.4,0.2,0,60,375,1875,879,7.1118,227,927.5,4.0859,True
"[2019, 2020, 2021, 2022, 2023, 2024]",2025,0,Mon,0,00:00,0.4,0.2,0,60,438,2190,1106,6.4949,185,884.1,4.7789,True
"[2019, 2020, 2021, 2022, 2023, 2024, 2025]",2026,0,Mon,0,00:00,0.4,0.2,0,55,387,1935,1291,6.3343,23,289.5,12.587,True
[2019],2020,0,Mon,1,00:30,0.4,0.2,60,60,113,565,21,6.4429,58,-117.7,-2.0293,False
"[2019, 2020]",2021,0,Mon,1,00:30,0.4,0.2,0,0,123,615,163,4.6933,122,231.5,1.8975,True
"[2019, 2020, 2021]",2022,0,Mon,1,00:30,0.4,0.2,0,0,123,615,285,3.4965,146,1034.9,7.0884,True
"[2019, 2020, 2021, 2022]",2023,0,Mon,1,00:30,0.4,0.2,0,0,122,610,431,4.7202,158,1940.6,12.2823,True
"[2019, 2020, 2021, 2022, 2023]",2024,0,Mon,1,00:30,0.4,0.2,0,0,182,910,589,6.9477,137,893.7,6.5234,True
"[2019, 2020, 2021, 2022, 2023, 2024]",2025,0,Mon,1,00:30,0.4,0.2,0,0,182,910,726,6.8676,124,426.2,3.4371,True
"[2019, 2020, 2021, 2022, 2023, 2024, 2025]",2026,0,Mon,1,00:30,0.4,0.2,0,0,182,910,850,6.3672,5,-23.3,-4.66,False
[2019],2020,0,Mon,2,01:00,0.4,0.2,0,60,79,395,21,8.6762,160,1193.5,7.4594,True
"[2019, 2020]",2021,0,Mon,2,01:00,0.4,0.2,0,60,164,820,181,12.8453,177,348.0,1.9661,True
"[2019, 2020, 2021]",2022,0,Mon,2,01:00,0.4,0.2,0,60,174,870,358,7.4735,152,2117.1,13.9283,True
"[2019, 2020, 2021, 2022]",2023,0,Mon,2,01:00,0.4,0.2,0,60,183,915,510,9.4822,176,1265.6,7.1909,True
"[2019, 2020, 2021, 2022, 2023]",2024,0,Mon,2,01:00,0.4,0.2,0,60,183,915,686,8.8943,145,852.1,5.8766,True
"[2019, 2020, 2021, 2022, 2023, 2024]",2025,0,Mon,2,01:00,0.4,0.2,0,60,378,1890,831,8.4414,147,362.5,2.466,True
"[2019, 2020, 2021, 2022, 2023, 2024, 2025]",2026,0,Mon,2,01:00,0.4,0.2,0,35,362,1810,978,7.5905,11,232.5,21.1364,True
[2019],2020,0,Mon,3,01:30,0.4,0.2,55,55,58,290,16,5.3313,74,175.7,2.3743,True
"[2019, 2020]",2021,0,Mon,3,01:30,0.4,0.2,50,60,123,615,92,7.8228,62,-87.9,-1.4177,False
"[2019, 2020, 2021]",2022,0,Mon,3,01:30,0.4,0.2,50,60,123,615,154,4.1026,65,54.6,0.84,True
"[2019, 2020, 2021, 2022]",2023,0,Mon,3,01:30,0.4,0.2,0,0,278,1390,389,4.3722,125,775.0,6.2,True
"[2019, 2020, 2021, 2022, 2023]",2024,0,Mon,3,01:30,0.4,0.2,60,0,158,790,258,6.0283,47,388.5,8.266,True
"[2019, 2020, 2021, 2022, 2023, 2024]",2025,0,Mon,3,01:30,0.4,0.2,60,0,158,790,305,6.3731,64,124.9,1.9516,True
"[2019, 2020, 2021, 2022, 2023, 2024, 2025]",2026,0,Mon,3,01:30,0.4,0.2,60,0,146,730,369,5.6203,3,43.2,14.4,True
[2019],2020,0,Mon,4,02:00,0.4,0.2,0,60,169,845,18,7.75,120,462.6,3.855,True
"[2019, 2020]",2021,0,Mon,4,02:00,0.4,0.2,60,60,145,725,72,6.2236,79,128.3,1.6241,True
"[2019, 2020, 2021]",2022,0,Mon,4,02:00,0.4,0.2,0,60,464,2320,269,4.4405,103,934.0,9.068,True
"[2019, 2020, 2021, 2022]",2023,0,Mon,4,02:00,0.4,0.2,60,60,77,385,209,6.8785,104,193.6,1.8615,True
"[2019, 2020, 2021, 2022, 2023]",2024,0,Mon,4,02:00,0.4,0.2,0,0,157,785,535,7.2288,93,395.5,4.2527,True
"[2019, 2020, 2021, 2022, 2023, 2024]",2025,0,Mon,4,02:00,0.4,0.2,0,0,152,760,628,6.8446,126,447.2,3.5492,True
"[2019, 2020, 2021, 2022, 2023, 2024, 2025]",2026,0,Mon,4,02:00,0.4,0.2,0,0,152,760,754,6.2939,14,177.4,12.6714,True
[2019],2020,0,Mon,5,02:30,0.4,0.2,5,50,58,290,15,4.54,92,-283.8,-3.0848,False
"[2019, 2020]",2021,0,Mon,5,02:30,0.4,0.2,45,15,137,685,51,9.349,54,-133.5,-2.4722,False
"[2019, 2020, 2021]",2022,0,Mon,5,02:30,0.4,0.2,45,15,137,685,105,3.2695,43,102.4,2.3814,True
"[2019, 2020, 2021, 2022]",2023,0,Mon,5,02:30,0.4,0.2,45,35,159,795,148,3.1574,54,-115.1,-2.1315,False
"[2019, 2020, 2021, 2022, 2023]",2024,0,Mon,5,02:30,0.4,0.2,45,15,137,685,202,2.0911,63,72.5,1.1508,True
"[2019, 2020, 2021, 2022, 2023, 2024]",2025,0,Mon,5,02:30,0.4,0.2,0,0,131,655,493,2.7229,92,318.6,3.463,True
"[2019, 2020, 2021, 2022, 2023, 2024, 2025]",2026,0,Mon,5,02:30,0.4,0.2,0,0,215,1075,585,2.9757,11,11.9,1.0818,True
[2019],2020,0,Mon,6,03:00,0.4,0.2,0,60,96,480,17,0.7,117,107.5,0.9188,True
"[2019, 2020]",2021,0,Mon,6,03:00,0.4,0.2,5,45,70,350,122,1.7705,118,182.3,1.5449,True
"[2019, 2020, 2021]",2022,0,Mon,6,03:00,0.4,0.2,0,60,90,450,255,1.9737,118,-123.1,-1.0432,False
"[2019, 2020, 2021, 2022]",2023,0,Mon,6,03:00,0.4,0.2,0,0,105,525,373,2.2067,123,974.5,7.9228,True
"[2019, 2020, 2021, 2022, 2023]",2024,0,Mon,6,03:00,0.4,0.2,60,0,53,265,250,4.0424,63,136.4,2.1651,True
"[2019, 2020, 2021, 2022, 2023, 2024]",2025,0,Mon,6,03:00,0.4,0.2,0,0,157,785,616,4.08,117,230.9,1.9735,True
"[2019, 2020, 2021, 2022, 2023, 2024, 2025]",2026,0,Mon,6,03:00,0.4,0.2,0,0,157,785,733,3.7438,11,82.5,7.5,True
[2019],2020,0,Mon,7,03:30,0.4,0.2,0,60,50,250,15,1.9933,101,-51.2,-0.5069,False
"[2019, 2020]",2021,0,Mon,7,03:30,0.4,0.2,60,45,367,1835,50,6.576,31,-208.8,-6.7355,False
"[2019, 2020, 2021]",2022,0,Mon,7,03:30,0.4,0.2,60,45,367,1835,81,1.4815,29,177.5,6.1207,True
"[2019, 2020, 2021, 2022]",2023,0,Mon,7,03:30,0.4,0.2,60,45,367,1835,110,2.7045,39,-168.8,-4.3282,False
"[2019, 2020, 2021, 2022, 2023]",2024,0,Mon,7,03:30,0.4,0.2,0,0,125,625,381,1.2433,115,336.8,2.9287,True
"[2019, 2020, 2021, 2022, 2023, 2024]",2025,0,Mon,7,03:30,0.4,0.2,60,0,113,565,206,1.7369,33,11.9,0.3606,True
"[2019, 2020, 2021, 2022, 2023, 2024, 2025]",2026,0,Mon,7,03:30,0.4,0.2,60,0,113,565,239,1.5469,3,-13.0,-4.3333,False
[2019],2020,0,Mon,8,04:00,0.4,0.2,40,60,23,115,15,1.3867,107,-148.4,-1.3869,False
"[2019, 2020]",2021,0,Mon,8,04:00,0.4,0.2,20,60,329,1645,145,10.251,143,288.1,2.0147,True
"[2019, 2020, 2021]",2022,0,Mon,8,04:00,0.4,0.2,60,60,323,1615,182,6.8769,89,723.6,8.1303,True
"[2019, 2020, 2021, 2022]",2023,0,Mon,8,04:00,0.4,0.2,5,60,575,2875,480,7.9871,142,897.0,6.3169,True
"[2019, 2020, 2021, 2022, 2023]",2024,0,Mon,8,04:00,0.4,0.2,0,60,576,2880,649,7.7855,144,958.6,6.6569,True
"[2019, 2020, 2021, 2022, 2023, 2024]",2025,0,Mon,8,04:00,0.4,0.2,0,60,335,1675,793,7.61,201,1210.9,6.0244,True
"[2019, 2020, 2021, 2022, 2023, 2024, 2025]",2026,0,Mon,8,04:00,0.4,0.2,0,60,438,2190,994,7.389,15,150.8,10.0533,True
[2019],2020,0,Mon,9,04:30,0.4,0.2,35,30,115,575,15,9.8133,53,240.7,4.5415,True
"[2019, 2020]",2021,0,Mon,9,04:30,0.4,0.2,55,60,87,435,57,10.6544,55,0.6,0.0109,True
"[2019, 2020, 2021]",2022,0,Mon,9,04:30,0.4,0.2,60,60,86,430,107,5.614,46,599.6,13.0348,True
"[2019, 2020, 2021, 2022]",2023,0,Mon,9,04:30,0.4,0.2,60,0,131,655,153,9.1242,58,16.0,0.2759,True
"[2019, 2020, 2021, 2022, 2023]",2024,0,Mon,9,04:30,0.4,0.2,60,0,131,655,211,6.6919,66,-97.6,-1.4788,False
"[2019, 2020, 2021, 2022, 2023, 2024]",2025,0,Mon,9,04:30,0.4,0.2,55,0,132,660,288,4.9712,43,505.0,11.7442,True
"[2019, 2020, 2021, 2022, 2023, 2024, 2025]",2026,0,Mon,9,04:30,0.4,0.2,55,0,127,635,331,5.9148,3,0.5,0.1667,True
[2019],2020,0,Mon,10,05:00,0.4,0.2,10,40,33,165,22,2.9,135,289.6,2.1452,True
"[2019, 2020]",2021,0,Mon,10,05:00,0.4,0.2,60,0,91,455,87,7.1172,68,119.9,1.7632,True
"[2019, 2020, 2021]",2022,0,Mon,10,05:00,0.4,0.2,60,0,96,480,155,4.8613,93,951.7,10.2333,True
"[2019, 2020, 2021, 2022]",2023,0,Mon,10,05:00,0.4,0.2,0,60,126,630,479,8.3175,152,823.2,5.4158,True
"[2019, 2020, 2021, 2022, 2023]",2024,0,Mon,10,05:00,0.4,0.2,0,60,119,595,631,7.6417,150,610.8,4.072,True
"[2019, 2020, 2021, 2022, 2023, 2024]",2025,0,Mon,10,05:00,0.4,0.2,45,0,109,545,457,6.9836,93,222.2,2.3892,True
"[2019, 2020, 2021, 2022, 2023, 2024, 2025]",2026,0,Mon,10,05:00,0.4,0.2,60,0,106,530,465,6.351,7,135.7,19.3857,True
[2019],2020,0,Mon,11,05:30,0.4,0.2,20,60,17,85,22,2.2636,123,72.7,0.5911,True
"[2019, 2020]",2021,0,Mon,11,05:30,0.4,0.2,45,30,310,1550,106,9.1443,67,145.5,2.1716,True
"[2019, 2020, 2021]",2022,0,Mon,11,05:30,0.4,0.2,60,0,146,730,149,7.2564,53,1081.7,20.4094,True
"[2019, 2020, 2021, 2022]",2023,0,Mon,11,05:30,0.4,0.2,60,0,146,730,202,10.7074,69,249.6,3.6174,True
"[2019, 2020, 2021, 2022, 2023]",2024,0,Mon,11,05:30,0.4,0.2,60,0,146,730,271,8.9022,51,203.2,3.9843,True
"[2019, 2020, 2021, 2022, 2023, 2024]",2025,0,Mon,11,05:30,0.4,0.2,60,0,146,730,322,8.1233,51,286.2,5.6118,True
"[2019, 2020, 2021, 2022, 2023, 2024, 2025]",2026,0,Mon,11,05:30,0.4,0.2,60,0,146,730,373,7.7799,5,81.1,16.22,True
[2019],2020,0,Mon,12,06:00,0.4,0.2,0,40,15,75,24,0.9125,172,542.8,3.1558,True
"[2019, 2020]",2021,0,Mon,12,06:00,0.4,0.2,0,0,501,2505,196,6.3648,180,441.3,2.4517,True
"[2019, 2020, 2021]",2022,0,Mon,12,06:00,0.4,0.2,0,0,501,2505,376,4.4915,135,1368.3,10.1356,True
"[2019, 2020, 2021, 2022]",2023,0,Mon,12,06:00,0.4,0.2,0,60,576,2880,511,6.8945,163,454.3,2.7871,True
"[2019, 2020, 2021, 2022, 2023]",2024,0,Mon,12,06:00,0.4,0.2,0,0,501,2505,674,6.2096,192,2100.0,10.9375,True
"[2019, 2020, 2021, 2022, 2023, 2024]",2025,0,Mon,12,06:00,0.4,0.2,0,0,138,690,866,7.3397,177,1080.3,6.1034,True
"[2019, 2020, 2021, 2022, 2023, 2024, 2025]",2026,0,Mon,12,06:00,0.4,0.2,0,0,142,710,1043,7.1379,10,49.0,4.9,True
[2019],2020,0,Mon,13,06:30,0.4,0.2,0,45,65,325,23,9.0174,134,127.7,0.953,True
"[2019, 2020]",2021,0,Mon,13,06:30,0.4,0.2,30,60,295,1475,87,10.0621,101,207.5,2.0545,True
"[2019, 2020, 2021]",2022,0,Mon,13,06:30,0.4,0.2,30,0,86,430,188,6.5878,75,619.5,8.26,True
"[2019, 2020, 2021, 2022]",2023,0,Mon,13,06:30,0.4,0.2,30,0,93,465,263,7.2513,81,691.6,8.5383,True
"[2019, 2020, 2021, 2022, 2023]",2024,0,Mon,13,06:30,0.4,0.2,30,0,114,570,344,7.9622,83,686.8,8.2747,True
"[2019, 2020, 2021, 2022, 2023, 2024]",2025,0,Mon,13,06:30,0.4,0.2,30,0,114,570,427,8.023,87,938.2,10.7839,True
[2019],2020,0,Mon,14,07:00,0.4,0.2,50,5,66,330,15,15.4533,120,895.6,7.4633,True
"[2019, 2020]",2021,0,Mon,14,07:00,0.4,0.2,0,0,94,470,211,13.8038,192,1172.4,6.1063,True
"[2019, 2020, 2021]",2022,0,Mon,14,07:00,0.4,0.2,0,0,94,470,403,10.1365,153,2134.7,13.9523,True
"[2019, 2020, 2021, 2022]",2023,0,Mon,14,07:00,0.4,0.2,0,0,576,2880,556,11.4176,160,943.2,5.895,True
"[2019, 2020, 2021, 2022, 2023]",2024,0,Mon,14,07:00,0.4,0.2,0,0,576,2880,716,10.1835,173,1782.4,10.3029,True
"[2019, 2020, 2021, 2022, 2023, 2024]",2025,0,Mon,14,07:00,0.4,0.2,0,0,576,2880,889,10.2067,187,1546.2,8.2684,True
"[2019, 2020, 2021, 2022, 2023, 2024, 2025]",2026,0,Mon,14,07:00,0.4,0.2,0,0,94,470,1076,9.8873,17,41.6,2.4471,True
[2019],2020,0,Mon,15,07:30,0.4,0.2,0,35,81,405,22,3.8909,141,1255.7,8.9057,True
"[2019, 2020]",2021,0,Mon,15,07:30,0.4,0.2,25,0,86,430,105,11.0352,117,440.0,3.7607,True
"[2019, 2020, 2021]",2022,0,Mon,15,07:30,0.4,0.2,0,0,115,575,322,8.0121,109,829.7,7.6119,True
"[2019, 2020, 2021, 2022]",2023,0,Mon,15,07:30,0.4,0.2,0,0,115,575,431,7.9109,141,1038.5,7.3652,True
"[2019, 2020, 2021, 2022, 2023]",2024,0,Mon,15,07:30,0.4,0.2,0,0,266,1330,572,7.9,132,363.5,2.7538,True
"[2019, 2020, 2021, 2022, 2023, 2024]",2025,0,Mon,15,07:30,0.4,0.2,0,0,266,1330,704,6.9351,111,1058.8,9.5387,True
"[2019, 2020, 2021, 2022, 2023, 2024, 2025]",2026,0,Mon,15,07:30,0.4,0.2,0,0,149,745,815,7.2945,12,2.1,0.175,True
[2019],2020,0,Mon,16,08:00,0.4,0.2,60,55,297,1485,21,11.1952,127,383.9,3.0228,True
"[2019, 2020]",2021,0,Mon,16,08:00,0.4,0.2,0,60,54,270,233,11.5708,192,1002.8,5.2229,True
"[2019, 2020, 2021]",2022,0,Mon,16,08:00,0.4,0.2,0,30,89,445,425,9.0976,161,2408.1,14.9571,True
"[2019, 2020, 2021, 2022]",2023,0,Mon,16,08:00,0.4,0.2,0,60,346,1730,586,11.9142,192,2309.9,12.0307,True
"[2019, 2020, 2021, 2022, 2023]",2024,0,Mon,16,08:00,0.4,0.2,0,60,332,1660,778,11.9546,175,967.5,5.5286,True
"[2019, 2020, 2021, 2022, 2023, 2024]",2025,0,Mon,16,08:00,0.4,0.2,0,60,360,1800,953,10.7857,148,987.5,6.6723,True
"[2019, 2020, 2021, 2022, 2023, 2024, 2025]",2026,0,Mon,16,08:00,0.4,0.2,0,60,346,1730,1101,10.2402,19,598.2,31.4842,True
[2019],2020,0,Mon,17,08:30,0.4,0.2,5,45,130,650,18,5.6333,145,115.2,0.7945,True
"[2019, 2020]",2021,0,Mon,17,08:30,0.4,0.2,60,60,379,1895,87,11.6218,76,305.2,4.0158,True
"[2019, 2020, 2021]",2022,0,Mon,17,08:30,0.4,0.2,35,60,293,1465,199,8.5246,78,499.4,6.4026,True
"[2019, 2020, 2021, 2022]",2023,0,Mon,17,08:30,0.4,0.2,35,0,310,1550,277,8.5397,80,568.0,7.1,True
"[2019, 2020, 2021, 2022, 2023]",2024,0,Mon,17,08:30,0.4,0.2,0,0,317,1585,545,8.3468,121,463.2,3.8281,True
"[2019, 2020, 2021, 2022, 2023, 2024]",2025,0,Mon,17,08:30,0.4,0.2,0,0,317,1585,666,7.5258,121,775.3,6.4074,True
"[2019, 2020, 2021, 2022, 2023, 2024, 2025]",2026,0,Mon,17,08:30,0.4,0.2,0,0,317,1585,787,7.3539,13,48.5,3.7308,True
[2019],2020,0,Mon,18,09:00,0.4,0.2,45,0,45,225,24,13.7125,104,884.8,8.5077,True
"[2019, 2020]",2021,0,Mon,18,09:00,0.4,0.2,0,60,64,320,174,12.6299,143,547.5,3.8287,True
"[2019, 2020, 2021]",2022,0,Mon,18,09:00,0.4,0.2,0,0,204,1020,317,9.3855,126,1290.3,10.2405,True
"[2019, 2020, 2021, 2022]",2023,0,Mon,18,09:00,0.4,0.2,0,60,550,2750,443,10.0203,121,645.1,5.3314,True
"[2019, 2020, 2021, 2022, 2023]",2024,0,Mon,18,09:00,0.4,0.2,0,0,204,1020,564,9.4559,135,572.6,4.2415,True
"[2019, 2020, 2021, 2022, 2023, 2024]",2025,0,Mon,18,09:00,0.4,0.2,0,0,327,1635,699,8.4614,146,1924.6,13.1822,True
"[2019, 2020, 2021, 2022, 2023, 2024, 2025]",2026,0,Mon,18,09:00,0.4,0.2,0,0,327,1635,845,9.277,5,32.3,6.46,True
[2019],2020,0,Mon,19,09:30,0.4,0.2,0,30,122,610,22,15.9409,108,814.3,7.5398,True
"[2019, 2020]",2021,0,Mon,19,09:30,0.4,0.2,20,35,87,435,102,11.5824,79,355.1,4.4949,True
"[2019, 2020, 2021]",2022,0,Mon,19,09:30,0.4,0.2,30,30,85,425,153,8.7621,65,-179.4,-2.76,False
"[2019, 2020, 2021, 2022]",2023,0,Mon,19,09:30,0.4,0.2,55,0,82,410,180,7.5472,58,266.0,4.5862,True
"[2019, 2020, 2021, 2022, 2023]",2024,0,Mon,19,09:30,0.4,0.2,55,0,55,275,238,6.9588,67,243.3,3.6313,True
"[2019, 2020, 2021, 2022, 2023, 2024]",2025,0,Mon,19,09:30,0.4,0.2,55,0,83,415,305,6.3548,62,239.8,3.8677,True
"[2019, 2020, 2021, 2022, 2023, 2024, 2025]",2026,0,Mon,19,09:30,0.4,0.2,0,0,94,470,673,6.1704,14,101.2,7.2286,True
[2019],2020,0,Mon,20,10:00,0.4,0.2,20,20,112,560,15,7.84,112,334.2,2.9839,True
"[2019, 2020]",2021,0,Mon,20,10:00,0.4,0.2,55,0,382,1910,87,8.4046,72,233.6,3.2444,True
"[2019, 2020, 2021]",2022,0,Mon,20,10:00,0.4,0.2,0,25,113,565,271,6.6771,104,1069.9,10.2875,True
"[2019, 2020, 2021, 2022]",2023,0,Mon,20,10:00,0.4,0.2,0,35,65,325,375,8.2832,124,807.4,6.5113,True
"[2019, 2020, 2021, 2022, 2023]",2024,0,Mon,20,10:00,0.4,0.2,0,35,65,325,499,7.8429,121,388.9,3.214,True
"[2019, 2020, 2021, 2022, 2023, 2024]",2025,0,Mon,20,10:00,0.4,0.2,0,0,393,1965,620,7.2947,109,669.4,6.1413,True
"[2019, 2020, 2021, 2022, 2023, 2024, 2025]",2026,0,Mon,20,10:00,0.4,0.2,0,0,393,1965,729,7.1222,13,-27.0,-2.0769,False
[2019],2020,0,Mon,21,10:30,0.4,0.2,25,0,57,285,23,10.2348,78,370.1,4.7449,True
"[2019, 2020]",2021,0,Mon,21,10:30,0.4,0.2,45,0,54,270,76,8.7224,68,346.1,5.0897,True
"[2019, 2020, 2021]",2022,0,Mon,21,10:30,0.4,0.2,45,0,54,270,144,7.0069,46,648.7,14.1022,True
"[2019, 2020, 2021, 2022]",2023,0,Mon,21,10:30,0.4,0.2,40,20,209,1045,197,9.8213,68,419.5,6.1691,True
"[2019, 2020, 2021, 2022, 2023]",2024,0,Mon,21,10:30,0.4,0.2,50,60,230,1150,249,9.4177,63,-30.2,-0.4794,False
"[2019, 2020, 2021, 2022, 2023, 2024]",2025,0,Mon,21,10:30,0.4,0.2,45,0,59,295,318,7.9667,56,72.0,1.2857,True
"[2019, 2020, 2021, 2022, 2023, 2024, 2025]",2026,0,Mon,21,10:30,0.4,0.2,45,0,59,295,374,6.9663,3,-7.3,-2.4333,False
[2019],2020,0,Mon,22,11:00,0.4,0.2,15,0,26,130,21,0.0333,106,317.2,2.9925,True
"[2019, 2020]",2021,0,Mon,22,11:00,0.4,0.2,0,40,63,315,143,8.0678,125,600.1,4.8008,True
"[2019, 2020, 2021]",2022,0,Mon,22,11:00,0.4,0.2,0,60,63,315,268,6.9317,136,104.6,0.7691,True
"[2019, 2020, 2021, 2022]",2023,0,Mon,22,11:00,0.4,0.2,0,0,374,1870,404,6.7104,136,832.3,6.1199,True
"[2019, 2020, 2021, 2022, 2023]",2024,0,Mon,22,11:00,0.4,0.2,0,0,374,1870,540,6.5617,139,475.0,3.4173,True
"[2019, 2020, 2021, 2022, 2023, 2024]",2025,0,Mon,22,11:00,0.4,0.2,0,0,374,1870,679,5.918,121,775.0,6.405,True
"[2019, 2020, 2021, 2022, 2023, 2024, 2025]",2026,0,Mon,22,11:00,0.4,0.2,0,0,374,1870,800,5.9916,14,87.9,6.2786,True
[2019],2020,0,Mon,23,11:30,0.4,0.2,0,0,112,560,19,0.7579,110,773.8,7.0345,True
"[2019, 2020]",2021,0,Mon,23,11:30,0.4,0.2,40,40,139,695,72,10.6986,87,-0.7,-0.008,False
"[2019, 2020, 2021]",2022,0,Mon,23,11:30,0.4,0.2,60,50,135,675,126,5.3444,41,-229.8,-5.6049,False
"[2019, 2020, 2021, 2022]",2023,0,Mon,23,11:30,0.4,0.2,0,0,103,515,367,3.8698,105,523.3,4.9838,True
"[2019, 2020, 2021, 2022, 2023]",2024,0,Mon,23,11:30,0.4,0.2,0,0,103,515,472,4.1176,118,156.6,1.3271,True
"[2019, 2020, 2021, 2022, 2023, 2024]",2025,0,Mon,23,11:30,0.4,0.2,0,0,314,1570,590,3.5817,107,265.2,2.4785,True
"[2019, 2020, 2021, 2022, 2023, 2024, 2025]",2026,0,Mon,23,11:30,0.4,0.2,0,0,103,515,697,3.428,10,24.7,2.47,True
[2019],2020,0,Mon,24,12:00,0.4,0.2,0,55,47,235,32,6.2875,141,1434.7,10.1752,True
"[2019, 2020]",2021,0,Mon,24,12:00,0.4,0.2,0,45,179,895,173,14.0954,132,814.9,6.1735,True
"[2019, 2020, 2021]",2022,0,Mon,24,12:00,0.4,0.2,5,50,178,890,292,10.9027,167,2291.2,13.7198,True
"[2019, 2020, 2021, 2022]",2023,0,Mon,24,12:00,0.4,0.2,0,50,176,880,478,12.9889,175,1145.8,6.5474,True
"[2019, 2020, 2021, 2022, 2023]",2024,0,Mon,24,12:00,0.4,0.2,0,50,176,880,653,11.2626,177,1854.0,10.4746,True
"[2019, 2020, 2021, 2022, 2023, 2024]",2025,0,Mon,24,12:00,0.4,0.2,0,60,176,880,830,11.389,152,1934.7,12.7283,True
"[2019, 2020, 2021, 2022, 2023, 2024, 2025]",2026,0,Mon,24,12:00,0.4,0.2,0,60,176,880,982,11.5963,15,294.0,19.6,True
[2019],2020,0,Mon,25,12:30,0.4,0.2,40,20,80,400,16,23.2562,63,-24.6,-0.3905,False
"[2019, 2020]",2021,0,Mon,25,12:30,0.4,0.2,25,60,355,1775,97,8.1443,102,586.6,5.751,True
"[2019, 2020, 2021]",2022,0,Mon,25,12:30,0.4,0.2,25,60,355,1775,199,6.9176,90,616.1,6.8456,True
"[2019, 2020, 2021, 2022]",2023,0,Mon,25,12:30,0.4,0.2,25,60,283,1415,289,6.9076,99,-95.1,-0.9606,False
"[2019, 2020, 2021, 2022, 2023]",2024,0,Mon,25,12:30,0.4,0.2,45,0,215,1075,293,6.2584,74,245.5,3.3176,True
"[2019, 2020, 2021, 2022, 2023, 2024]",2025,0,Mon,25,12:30,0.4,0.2,0,0,224,1120,692,6.1853,104,364.5,3.5048,True
"[2019, 2020, 2021, 2022, 2023, 2024, 2025]",2026,0,Mon,25,12:30,0.4,0.2,0,0,223,1115,796,5.8351,15,0.6,0.04,True
[2019],2020,0,Mon,26,13:00,0.4,0.2,0,60,36,180,27,13.6481,157,696.5,4.4363,True
"[2019, 2020]",2021,0,Mon,26,13:00,0.4,0.2,0,45,295,1475,184,9.0011,184,1125.6,6.1174,True
"[2019, 2020, 2021]",2022,0,Mon,26,13:00,0.4,0.2,0,30,274,1370,368,7.9342,178,1610.8,9.0494,True
"[2019, 2020, 2021, 2022]",2023,0,Mon,26,13:00,0.4,0.2,0,0,347,1735,546,9.1038,147,1163.5,7.915,True
"[2019, 2020, 2021, 2022, 2023]",2024,0,Mon,26,13:00,0.4,0.2,0,0,273,1365,693,8.8658,191,1491.3,7.8079,True
"[2019, 2020, 2021, 2022, 2023, 2024]",2025,0,Mon,26,13:00,0.4,0.2,0,0,309,1545,884,8.6445,119,1074.1,9.0261,True
"[2019, 2020, 2021, 2022, 2023, 2024, 2025]",2026,0,Mon,26,13:00,0.4,0.2,0,0,309,1545,1003,8.6897,10,126.0,12.6,True
[2019],2020,0,Mon,27,13:30,0.4,0.2,30,30,342,1710,15,14.0667,103,450.7,4.3757,True
"[2019, 2020]",2021,0,Mon,27,13:30,0.4,0.2,40,0,198,990,105,10.3638,102,286.9,2.8127,True
"[2019, 2020, 2021]",2022,0,Mon,27,13:30,0.4,0.2,0,0,206,1030,332,8.1741,118,1146.6,9.7169,True
"[2019, 2020, 2021, 2022]",2023,0,Mon,27,13:30,0.4,0.2,0,0,421,2105,450,8.6222,140,489.0,3.4929,True
"[2019, 2020, 2021, 2022, 2023]",2024,0,Mon,27,13:30,0.4,0.2,0,0,421,2105,590,7.4051,134,863.8,6.4463,True
"[2019, 2020, 2021, 2022, 2023, 2024]",2025,0,Mon,27,13:30,0.4,0.2,0,0,421,2105,724,7.2276,140,1263.5,9.025,True
"[2019, 2020, 2021, 2022, 2023, 2024, 2025]",2026,0,Mon,27,13:30,0.4,0.2,0,0,421,2105,864,7.5189,17,323.9,19.0529,True
[2019],2020,0,Mon,28,14:00,0.4,0.2,0,0,23,115,23,6.5391,133,972.3,7.3105,True
"[2019, 2020]",2021,0,Mon,28,14:00,0.4,0.2,0,0,21,105,156,7.7737,148,774.6,5.2338,True
"[2019, 2020, 2021]",2022,0,Mon,28,14:00,0.4,0.2,0,40,25,125,304,6.8625,134,850.7,6.3485,True
"[2019, 2020, 2021, 2022]",2023,0,Mon,28,14:00,0.4,0.2,0,45,375,1875,438,7.0532,142,1089.2,7.6704,True
"[2019, 2020, 2021, 2022, 2023]",2024,0,Mon,28,14:00,0.4,0.2,0,35,44,220,580,7.2543,148,807.0,5.4527,True
"[2019, 2020, 2021, 2022, 2023, 2024]",2025,0,Mon,28,14:00,0.4,0.2,0,0,298,1490,728,7.1078,167,1377.1,8.2461,True
"[2019, 2020, 2021, 2022, 2023, 2024, 2025]",2026,0,Mon,28,14:00,0.4,0.2,0,0,298,1490,895,7.3202,15,282.2,18.8133,True
[2019],2020,0,Mon,29,14:30,0.4,0.2,20,25,13,65,16,7.4625,94,44.0,0.4681,True
"[2019, 2020]",2021,0,Mon,29,14:30,0.4,0.2,0,0,116,580,149,6.1987,155,713.4,4.6026,True
"[2019, 2020, 2021]",2022,0,Mon,29,14:30,0.4,0.2,0,0,299,1495,304,6.5431,115,1022.9,8.8948,True
"[2019, 2020, 2021, 2022]",2023,0,Mon,29,14:30,0.4,0.2,0,0,299,1495,419,7.1885,122,693.9,5.6877,True
"[2019, 2020, 2021, 2022, 2023]",2024,0,Mon,29,14:30,0.4,0.2,0,0,299,1495,541,6.8501,129,583.3,4.5217,True
"[2019, 2020, 2021, 2022, 2023, 2024]",2025,0,Mon,29,14:30,0.4,0.2,0,0,299,1495,670,6.4018,114,974.4,8.5474,True
"[2019, 2020, 2021, 2022, 2023, 2024, 2025]",2026,0,Mon,29,14:30,0.4,0.2,0,0,299,1495,784,6.7138,13,124.3,9.5615,True
[2019],2020,0,Mon,30,15:00,0.4,0.2,0,35,48,240,26,6.9615,137,629.5,4.5949,True
"[2019, 2020]",2021,0,Mon,30,15:00,0.4,0.2,0,0,311,1555,163,6.2859,117,470.6,4.0222,True
"[2019, 2020, 2021]",2022,0,Mon,30,15:00,0.4,0.2,0,25,305,1525,280,5.4561,126,673.8,5.3476,True
"[2019, 2020, 2021, 2022]",2023,0,Mon,30,15:00,0.4,0.2,0,0,311,1555,406,6.086,137,664.2,4.8482,True
"[2019, 2020, 2021, 2022, 2023]",2024,0,Mon,30,15:00,0.4,0.2,0,0,311,1555,543,5.7737,107,375.0,3.5047,True
"[2019, 2020, 2021, 2022, 2023, 2024]",2025,0,Mon,30,15:00,0.4,0.2,0,0,294,1470,650,5.4086,124,695.1,5.6056,True
"[2019, 2020, 2021, 2022, 2023, 2024, 2025]",2026,0,Mon,30,15:00,0.4,0.2,0,0,294,1470,774,5.4402,8,6.2,0.775,True
[2019],2020,0,Mon,31,15:30,0.4,0.2,0,0,4,20,29,1.6621,128,459.2,3.5875,True
"[2019, 2020]",2021,0,Mon,31,15:30,0.4,0.2,0,20,97,485,157,5.328,110,77.2,0.7018,True
"[2019, 2020, 2021]",2022,0,Mon,31,15:30,0.4,0.2,0,0,269,1345,267,4.0157,111,1183.6,10.6631,True
"[2019, 2020, 2021, 2022]",2023,0,Mon,31,15:30,0.4,0.2,0,0,570,2850,378,6.7172,113,389.7,3.4487,True
"[2019, 2020, 2021, 2022, 2023]",2024,0,Mon,31,15:30,0.4,0.2,0,0,570,2850,491,5.965,110,396.8,3.6073,True
"[2019, 2020, 2021, 2022, 2023, 2024]",2025,0,Mon,31,15:30,0.4,0.2,0,0,570,2850,601,5.5334,104,529.6,5.0923,True
"[2019, 2020, 2021, 2022, 2023, 2024, 2025]",2026,0,Mon,31,15:30,0.4,0.2,0,0,570,2850,705,5.4684,8,-23.4,-2.925,False
[2019],2020,0,Mon,32,16:00,0.4,0.2,0,5,40,200,20,2.46,142,1169.9,8.2387,True
"[2019, 2020]",2021,0,Mon,32,16:00,0.4,0.2,0,60,55,275,162,10.0778,122,530.4,4.3475,True
"[2019, 2020, 2021]",2022,0,Mon,32,16:00,0.4,0.2,0,30,218,1090,284,8.2162,101,726.2,7.1901,True
"[2019, 2020, 2021, 2022]",2023,0,Mon,32,16:00,0.4,0.2,0,30,217,1085,385,7.9639,123,860.4,6.9951,True
"[2019, 2020, 2021, 2022, 2023]",2024,0,Mon,32,16:00,0.4,0.2,0,30,218,1090,508,7.7441,123,658.2,5.3512,True
"[2019, 2020, 2021, 2022, 2023, 2024]",2025,0,Mon,32,16:00,0.4,0.2,0,30,218,1090,631,7.2777,145,486.4,3.3545,True
"[2019, 2020, 2021, 2022, 2023, 2024, 2025]",2026,0,Mon,32,16:00,0.4,0.2,0,30,218,1090,776,6.5446,9,-31.2,-3.4667,False
[2019],2020,0,Mon,33,16:30,0.4,0.2,5,30,35,175,19,0.6158,74,-37.5,-0.5068,False
"[2019, 2020]",2021,0,Mon,33,16:30,0.4,0.2,40,60,197,985,49,4.8918,55,92.7,1.6855,True
"[2019, 2020, 2021]",2022,0,Mon,33,16:30,0.4,0.2,50,60,225,1125,91,3.7308,50,146.5,2.93,True
"[2019, 2020, 2021, 2022]",2023,0,Mon,33,16:30,0.4,0.2,0,60,205,1025,279,4.0412,80,-410.3,-5.1287,False
"[2019, 2020, 2021, 2022, 2023]",2024,0,Mon,33,16:30,0.4,0.2,0,0,388,1940,359,2.5574,85,-40.8,-0.48,False
"[2019, 2020, 2021, 2022, 2023, 2024]",2025,0,Mon,33,16:30,0.4,0.2,0,0,388,1940,444,1.9759,82,359.9,4.389,True
"[2019, 2020, 2021, 2022, 2023, 2024, 2025]",2026,0,Mon,33,16:30,0.4,0.2,0,0,388,1940,526,2.3521,6,28.7,4.7833,True
[2019],2020,0,Mon,34,17:00,0.4,0.2,15,55,93,465,26,2.9115,99,426.7,4.3101,True
"[2019, 2020]",2021,0,Mon,34,17:00,0.4,0.2,15,55,236,1180,125,9.7112,94,-273.9,-2.9138,False
"[2019, 2020, 2021]",2022,0,Mon,34,17:00,0.4,0.2,0,60,235,1175,248,4.9621,102,451.2,4.4235,True
"[2019, 2020, 2021, 2022]",2023,0,Mon,34,17:00,0.4,0.2,0,55,239,1195,350,4.8883,104,38.3,0.3683,True
"[2019, 2020, 2021, 2022, 2023]",2024,0,Mon,34,17:00,0.4,0.2,0,60,235,1175,454,4.0108,86,-34.5,-0.4012,False
"[2019, 2020, 2021, 2022, 2023, 2024]",2025,0,Mon,34,17:00,0.4,0.2,0,60,239,1195,540,3.3257,93,98.3,1.057,True
"[2019, 2020, 2021, 2022, 2023, 2024, 2025]",2026,0,Mon,34,17:00,0.4,0.2,0,60,239,1195,633,2.9924,10,-22.0,-2.2,False
[2019],2020,0,Mon,35,17:30,0.4,0.2,5,10,34,170,18,0.9889,104,-21.7,-0.2087,False
"[2019, 2020]",2021,0,Mon,35,17:30,0.4,0.2,0,35,441,2205,126,2.8556,84,-88.9,-1.0583,False
"[2019, 2020, 2021]",2022,0,Mon,35,17:30,0.4,0.2,0,0,25,125,210,1.3714,91,190.3,2.0912,True
"[2019, 2020, 2021, 2022]",2023,0,Mon,35,17:30,0.4,0.2,0,0,30,150,301,1.8176,94,201.3,2.1415,True
"[2019, 2020, 2021, 2022, 2023]",2024,0,Mon,35,17:30,0.4,0.2,0,0,30,150,395,1.8947,106,145.4,1.3717,True
"[2019, 2020, 2021, 2022, 2023, 2024]",2025,0,Mon,35,17:30,0.4,0.2,0,0,25,125,501,1.8393,96,24.6,0.2563,True
"[2019, 2020, 2021, 2022, 2023, 2024, 2025]",2026,0,Mon,35,17:30,0.4,0.2,0,0,29,145,597,1.6471,7,-22.3,-3.1857,False
[2019],2020,0,Mon,36,18:00,0.4,0.2,0,25,89,445,28,4.1071,107,281.2,2.628,True
"[2019, 2020]",2021,0,Mon,36,18:00,0.4,0.2,0,15,213,1065,135,7.3348,112,-149.0,-1.3304,False
"[2019, 2020, 2021]",2022,0,Mon,36,18:00,0.4,0.2,0,5,213,1065,247,3.5543,101,468.0,4.6337,True
"[2019, 2020, 2021, 2022]",2023,0,Mon,36,18:00,0.4,0.2,0,0,213,1065,348,4.1853,124,238.0,1.9194,True
"[2019, 2020, 2021, 2022, 2023]",2024,0,Mon,36,18:00,0.4,0.2,0,0,213,1065,472,3.59,95,117.5,1.2368,True
"[2019, 2020, 2021, 2022, 2023, 2024]",2025,0,Mon,36,18:00,0.4,0.2,0,0,213,1065,567,3.1958,103,397.2,3.8563,True
"[2019, 2020, 2021, 2022, 2023, 2024, 2025]",2026,0,Mon,36,18:00,0.4,0.2,0,0,213,1065,670,3.2973,4,-36.7,-9.175,False
"[2019, 2020]",2021,0,Mon,37,18:30,0.4,0.2,35,35,16,80,59,1.9746,66,-160.8,-2.4364,False
"[2019, 2020, 2021, 2022]",2023,0,Mon,37,18:30,0.4,0.2,0,0,189,945,308,0.6675,78,-39.3,-0.5038,False
"[2019, 2020, 2021, 2022, 2023]",2024,0,Mon,37,18:30,0.4,0.2,0,0,189,945,386,0.4308,98,-27.7,-0.2827,False
"[2019, 2020, 2021, 2022, 2023, 2024]",2025,0,Mon,37,18:30,0.4,0.2,0,0,187,935,484,0.2872,96,205.1,2.1365,True
"[2019, 2020, 2021, 2022, 2023, 2024, 2025]",2026,0,Mon,37,18:30,0.4,0.2,0,0,189,945,580,0.5948,10,1.1,0.11,True
[2019],2020,0,Mon,38,19:00,0.4,0.2,0,0,81,405,33,0.8,118,324.6,2.7508,True
"[2019, 2020]",2021,0,Mon,38,19:00,0.4,0.2,0,0,15,75,151,3.1199,147,-152.2,-1.0354,False
"[2019, 2020, 2021]",2022,0,Mon,38,19:00,0.4,0.2,0,0,15,75,298,1.0701,89,128.9,1.4483,True
"[2019, 2020, 2021, 2022]",2023,0,Mon,38,19:00,0.4,0.2,0,0,15,75,387,1.1571,100,-7.2,-0.072,False
"[2019, 2020, 2021, 2022, 2023]",2024,0,Mon,38,19:00,0.4,0.2,0,0,15,75,487,0.9047,111,63.1,0.5685,True
"[2019, 2020, 2021, 2022, 2023, 2024]",2025,0,Mon,38,19:00,0.4,0.2,0,0,15,75,598,0.8423,98,66.0,0.6735,True
"[2019, 2020, 2021, 2022, 2023, 2024, 2025]",2026,0,Mon,38,19:00,0.4,0.2,0,0,16,80,696,0.8264,10,6.4,0.64,True
[2019],2020,0,Mon,39,19:30,0.4,0.2,0,60,75,375,17,3.0588,98,202.5,2.0663,True
"[2019, 2020]",2021,0,Mon,39,19:30,0.4,0.2,35,60,146,730,60,9.1117,61,145.3,2.382,True
"[2019, 2020, 2021]",2022,0,Mon,39,19:30,0.4,0.2,50,60,143,715,110,5.86,42,156.4,3.7238,True
"[2019, 2020, 2021, 2022]",2023,0,Mon,39,19:30,0.4,0.2,50,60,143,715,152,5.2697,36,-269.4,-7.4833,False
"[2019, 2020, 2021, 2022, 2023]",2024,0,Mon,39,19:30,0.4,0.2,50,30,226,1130,188,3.0888,42,-24.5,-0.5833,False
"[2019, 2020, 2021, 2022, 2023, 2024]",2025,0,Mon,39,19:30,0.4,0.2,50,30,226,1130,230,2.4183,59,75.1,1.2729,True
"[2019, 2020, 2021, 2022, 2023, 2024, 2025]",2026,0,Mon,39,19:30,0.4,0.2,50,30,226,1130,289,2.1844,5,-18.9,-3.78,False
[2019],2020,0,Mon,40,20:00,0.4,0.2,5,30,210,1050,16,7.9625,136,148.3,1.0904,True
"[2019, 2020]",2021,0,Mon,40,20:00,0.4,0.2,0,60,411,2055,156,5.1135,123,192.0,1.561,True
"[2019, 2020, 2021]",2022,0,Mon,40,20:00,0.4,0.2,0,60,411,2055,279,3.5473,117,6.3,0.0538,True
"[2019, 2020, 2021, 2022]",2023,0,Mon,40,20:00,0.4,0.2,0,50,416,2080,396,2.8129,156,195.5,1.2532,True
"[2019, 2020, 2021, 2022, 2023]",2024,0,Mon,40,20:00,0.4,0.2,0,50,411,2055,552,2.3813,122,1376.3,11.2811,True
"[2019, 2020, 2021, 2022, 2023, 2024]",2025,0,Mon,40,20:00,0.4,0.2,0,60,498,2490,674,4.2555,126,810.4,6.4317,True
"[2019, 2020, 2021, 2022, 2023, 2024, 2025]",2026,0,Mon,40,20:00,0.4,0.2,0,60,498,2490,800,4.5982,10,8.3,0.83,True
[2019],2020,0,Mon,41,20:30,0.4,0.2,25,30,50,250,16,4.2313,68,-371.4,-5.4618,False
"[2019, 2020]",2021,0,Mon,41,20:30,0.4,0.2,60,60,147,735,56,4.0929,52,-233.1,-4.4827,False
"[2019, 2020, 2021, 2022]",2023,0,Mon,41,20:30,0.4,0.2,50,60,178,890,154,1.8695,44,-233.3,-5.3023,False
"[2019, 2020, 2021, 2022, 2023]",2024,0,Mon,41,20:30,0.4,0.2,50,60,135,675,198,0.2818,56,-133.1,-2.3768,False
[2019],2020,0,Mon,42,21:00,0.4,0.2,25,30,22,110,16,9.0125,76,-568.4,-7.4789,False
"[2019, 2020]",2021,0,Mon,42,21:00,0.4,0.2,60,5,149,745,57,3.4211,41,-166.8,-4.0683,False
"[2019, 2020, 2021]",2022,0,Mon,42,21:00,0.4,0.2,60,0,149,745,98,0.5837,44,37.7,0.8568,True
"[2019, 2020, 2021, 2022]",2023,0,Mon,42,21:00,0.4,0.2,60,0,171,855,142,0.6852,45,-54.9,-1.22,False
"[2019, 2020, 2021, 2022, 2023]",2024,0,Mon,42,21:00,0.4,0.2,60,0,168,840,187,0.2422,21,-100.1,-4.7667,False
[2019],2020,0,Mon,43,21:30,0.4,0.2,0,60,47,235,28,1.7857,138,-698.1,-5.0587,False
"[2019, 2020]",2021,0,Mon,43,21:30,0.4,0.2,55,5,21,105,56,0.0339,67,-298.2,-4.4507,False
"[2019, 2020, 2021, 2022]",2023,0,Mon,43,21:30,0.4,0.2,60,0,163,815,157,1.8541,48,105.7,2.2021,True
"[2019, 2020, 2021, 2022, 2023]",2024,0,Mon,43,21:30,0.4,0.2,60,0,163,815,205,1.9356,44,-192.5,-4.375,False
"[2019, 2020, 2021, 2022, 2023, 2024]",2025,0,Mon,43,21:30,0.4,0.2,60,0,163,815,249,0.8205,42,76.8,1.8286,True
"[2019, 2020, 2021, 2022, 2023, 2024, 2025]",2026,0,Mon,43,21:30,0.4,0.2,60,0,163,815,291,0.966,4,-20.0,-5.0,False
"[2019, 2020]",2021,0,Mon,44,22:00,0.4,0.2,60,60,416,2080,97,8.2278,104,6.7,0.0644,True
"[2019, 2020, 2021]",2022,0,Mon,44,22:00,0.4,0.2,60,0,156,780,201,4.4567,73,90.8,1.2438,True
"[2019, 2020, 2021, 2022]",2023,0,Mon,44,22:00,0.4,0.2,60,0,156,780,274,3.6007,69,-142.2,-2.0609,False
"[2019, 2020, 2021, 2022, 2023]",2024,0,Mon,44,22:00,0.4,0.2,60,0,156,780,343,2.4618,99,-16.7,-0.1687,False
"[2019, 2020, 2021, 2022, 2023, 2024]",2025,0,Mon,44,22:00,0.4,0.2,60,0,109,545,442,1.9016,111,-113.4,-1.0216,False
[2019],2020,0,Mon,45,22:30,0.4,0.2,20,15,20,100,19,0.6368,87,-87.3,-1.0034,False
"[2019, 2020]",2021,0,Mon,45,22:30,0.4,0.2,60,0,214,1070,78,5.5769,66,195.5,2.9621,True
"[2019, 2020, 2021]",2022,0,Mon,45,22:30,0.4,0.2,60,0,214,1070,144,4.3785,45,174.1,3.8689,True
"[2019, 2020, 2021, 2022]",2023,0,Mon,45,22:30,0.4,0.2,60,0,289,1445,189,4.3979,60,-22.5,-0.375,False
"[2019, 2020, 2021, 2022, 2023]",2024,0,Mon,45,22:30,0.4,0.2,60,0,289,1445,249,3.2478,74,-97.3,-1.3149,False
"[2019, 2020, 2021, 2022, 2023, 2024]",2025,0,Mon,45,22:30,0.4,0.2,55,0,234,1170,337,2.4033,53,92.9,1.7528,True
"[2019, 2020, 2021, 2022, 2023, 2024, 2025]",2026,0,Mon,45,22:30,0.4,0.2,55,0,234,1170,390,2.3149,5,6.3,1.26,True
[2019],2020,0,Mon,46,23:00,0.4,0.2,0,30,207,1035,34,3.9059,173,1142.9,6.6064,True
"[2019, 2020]",2021,0,Mon,46,23:00,0.4,0.2,55,0,369,1845,128,6.9414,79,409.6,5.1848,True
"[2019, 2020, 2021]",2022,0,Mon,46,23:00,0.4,0.2,60,0,368,1840,183,6.5683,54,265.1,4.9093,True
"[2019, 2020, 2021, 2022]",2023,0,Mon,46,23:00,0.4,0.2,60,0,368,1840,237,6.1903,80,544.8,6.81,True
"[2019, 2020, 2021, 2022, 2023]",2024,0,Mon,46,23:00,0.4,0.2,60,0,368,1840,317,6.3467,78,699.4,8.9667,True
"[2019, 2020, 2021, 2022, 2023, 2024]",2025,0,Mon,46,23:00,0.4,0.2,60,0,364,1820,395,6.8752,79,560.5,7.0949,True
"[2019, 2020, 2021, 2022, 2023, 2024, 2025]",2026,0,Mon,46,23:00,0.4,0.2,60,0,364,1820,474,6.9118,7,234.0,33.4286,True
[2019],2020,0,Mon,47,23:30,0.4,0.2,20,0,195,975,15,11.92,82,552.4,6.7366,True
"[2019, 2020]",2021,0,Mon,47,23:30,0.4,0.2,30,60,226,1130,75,16.0147,78,622.8,7.9846,True
"[2019, 2020, 2021]",2022,0,Mon,47,23:30,0.4,0.2,40,60,224,1120,141,11.9879,66,-1195.8,-18.1182,False
"[2019, 2020, 2021, 2022]",2023,0,Mon,47,23:30,0.4,0.2,60,0,218,1090,175,7.1806,57,515.3,9.0404,True
"[2019, 2020, 2021, 2022, 2023]",2024,0,Mon,47,23:30,0.4,0.2,60,0,218,1090,232,7.6375,86,528.7,6.1477,True
"[2019, 2020, 2021, 2022, 2023, 2024]",2025,0,Mon,47,23:30,0.4,0.2,50,0,224,1120,342,7.5737,46,-145.5,-3.163,False
[2019],2020,1,Tue,0,00:00,0.4,0.2,0,0,120,600,39,3.2077,243,1479.2,6.0872,True
"[2019, 2020]",2021,1,Tue,0,00:00,0.4,0.2,0,0,119,595,282,5.7167,277,2059.6,7.4354,True
"[2019, 2020, 2021]",2022,1,Tue,0,00:00,0.4,0.2,0,0,120,600,559,6.5778,222,1576.5,7.1014,True
"[2019, 2020, 2021, 2022]",2023,1,Tue,0,00:00,0.4,0.2,0,0,155,775,781,6.8851,234,2948.9,12.6021,True
"[2019, 2020, 2021, 2022, 2023]",2024,1,Tue,0,00:00,0.4,0.2,0,0,168,840,1015,8.248,219,1508.3,6.8872,True
"[2019, 2020, 2021, 2022, 2023, 2024]",2025,1,Tue,0,00:00,0.4,0.2,0,0,203,1015,1234,8.0135,207,1569.0,7.5797,True
"[2019, 2020, 2021, 2022, 2023, 2024, 2025]",2026,1,Tue,0,00:00,0.4,0.2,0,0,168,840,1441,7.9857,30,142.9,4.7633,True
[2019],2020,1,Tue,1,00:30,0.4,0.2,35,45,224,1120,15,5.4267,79,-58.3,-0.738,False
"[2019, 2020]",2021,1,Tue,1,00:30,0.4,0.2,25,0,214,1070,113,4.7752,90,639.0,7.1,True
"[2019, 2020, 2021]",2022,1,Tue,1,00:30,0.4,0.2,25,0,214,1070,203,5.8059,102,229.3,2.248,True
"[2019, 2020, 2021, 2022]",2023,1,Tue,1,00:30,0.4,0.2,60,0,214,1070,208,5.613,71,418.8,5.8986,True
"[2019, 2020, 2021, 2022, 2023]",2024,1,Tue,1,00:30,0.4,0.2,60,0,214,1070,279,5.6857,60,631.1,10.5183,True
"[2019, 2020, 2021, 2022, 2023, 2024]",2025,1,Tue,1,00:30,0.4,0.2,60,0,465,2325,339,6.959,70,58.6,0.8371,True
"[2019, 2020, 2021, 2022, 2023, 2024, 2025]",2026,1,Tue,1,00:30,0.4,0.2,60,0,465,2325,409,5.9112,7,153.3,21.9,True
[2019],2020,1,Tue,2,01:00,0.4,0.2,5,0,21,105,34,4.2118,125,603.6,4.8288,True
"[2019, 2020]",2021,1,Tue,2,01:00,0.4,0.2,5,0,559,2795,159,8.3736,157,591.7,3.7688,True
"[2019, 2020, 2021]",2022,1,Tue,2,01:00,0.4,0.2,0,0,560,2800,334,6.3111,134,812.2,6.0612,True
"[2019, 2020, 2021, 2022]",2023,1,Tue,2,01:00,0.4,0.2,0,0,560,2800,468,6.2395,186,1946.0,10.4624,True
"[2019, 2020, 2021, 2022, 2023]",2024,1,Tue,2,01:00,0.4,0.2,0,0,560,2800,654,7.4405,162,1918.3,11.8414,True
"[2019, 2020, 2021, 2022, 2023, 2024]",2025,1,Tue,2,01:00,0.4,0.2,0,0,560,2800,816,8.3142,136,706.6,5.1956,True
"[2019, 2020, 2021, 2022, 2023, 2024, 2025]",2026,1,Tue,2,01:00,0.4,0.2,0,0,560,2800,952,7.8687,11,168.2,15.2909,True
[2019],2020,1,Tue,3,01:30,0.4,0.2,30,0,95,475,19,2.6105,88,153.3,1.742,True
"[2019, 2020]",2021,1,Tue,3,01:30,0.4,0.2,0,0,125,625,159,5.8484,126,758.3,6.0183,True
"[2019, 2020, 2021]",2022,1,Tue,3,01:30,0.4,0.2,0,0,161,805,285,6.5396,145,957.1,6.6007,True
"[2019, 2020, 2021, 2022]",2023,1,Tue,3,01:30,0.4,0.2,0,0,410,2050,430,6.903,138,1111.2,8.0522,True
"[2019, 2020, 2021, 2022, 2023]",2024,1,Tue,3,01:30,0.4,0.2,0,0,410,2050,568,7.1822,176,1458.0,8.2841,True
"[2019, 2020, 2021, 2022, 2023, 2024]",2025,1,Tue,3,01:30,0.4,0.2,0,0,410,2050,744,7.4429,110,1168.9,10.6264,True
"[2019, 2020, 2021, 2022, 2023, 2024, 2025]",2026,1,Tue,3,01:30,0.4,0.2,0,0,410,2050,854,7.8529,20,224.7,11.235,True
[2019],2020,1,Tue,4,02:00,0.4,0.2,50,5,83,415,16,12.4125,76,0.2,0.0026,True
"[2019, 2020]",2021,1,Tue,4,02:00,0.4,0.2,0,45,121,605,165,4.4352,111,6.0,0.0541,True
"[2019, 2020, 2021]",2022,1,Tue,4,02:00,0.4,0.2,0,15,89,445,276,3.1757,142,185.4,1.3056,True
"[2019, 2020, 2021, 2022]",2023,1,Tue,4,02:00,0.4,0.2,0,0,179,895,418,3.8766,148,1802.4,12.1784,True
"[2019, 2020, 2021, 2022, 2023]",2024,1,Tue,4,02:00,0.4,0.2,0,0,153,765,566,6.074,141,802.9,5.6943,True
"[2019, 2020, 2021, 2022, 2023, 2024]",2025,1,Tue,4,02:00,0.4,0.2,0,0,180,900,707,6.11,154,1780.3,11.5604,True
"[2019, 2020, 2021, 2022, 2023, 2024, 2025]",2026,1,Tue,4,02:00,0.4,0.2,0,0,183,915,861,7.1137,13,80.3,6.1769,True
[2019],2020,1,Tue,5,02:30,0.4,0.2,5,25,78,390,15,7.22,67,163.9,2.4463,True
"[2019, 2020]",2021,1,Tue,5,02:30,0.4,0.2,50,60,526,2630,53,10.017,53,168.6,3.1811,True
"[2019, 2020, 2021]",2022,1,Tue,5,02:30,0.4,0.2,45,0,169,845,108,8.7,65,252.5,3.8846,True
"[2019, 2020, 2021, 2022]",2023,1,Tue,5,02:30,0.4,0.2,60,0,157,785,150,7.132,59,55.0,0.9322,True
"[2019, 2020, 2021, 2022, 2023]",2024,1,Tue,5,02:30,0.4,0.2,60,0,155,775,209,5.3861,56,263.2,4.7,True
"[2019, 2020, 2021, 2022, 2023, 2024]",2025,1,Tue,5,02:30,0.4,0.2,35,0,160,800,324,5.5873,74,7.7,0.1041,True
"[2019, 2020, 2021, 2022, 2023, 2024, 2025]",2026,1,Tue,5,02:30,0.4,0.2,55,0,156,780,332,4.7199,4,32.3,8.075,True
[2019],2020,1,Tue,6,03:00,0.4,0.2,10,0,79,395,15,7.9733,108,483.1,4.4731,True
"[2019, 2020]",2021,1,Tue,6,03:00,0.4,0.2,60,0,255,1275,63,10.8937,66,430.6,6.5242,True
"[2019, 2020, 2021]",2022,1,Tue,6,03:00,0.4,0.2,60,0,253,1265,129,8.707,74,622.9,8.4176,True
"[2019, 2020, 2021, 2022]",2023,1,Tue,6,03:00,0.4,0.2,0,0,169,845,386,10.1298,131,1022.6,7.8061,True
"[2019, 2020, 2021, 2022, 2023]",2024,1,Tue,6,03:00,0.4,0.2,60,0,157,785,269,10.4892,68,82.4,1.2118,True
"[2019, 2020, 2021, 2022, 2023, 2024]",2025,1,Tue,6,03:00,0.4,0.2,60,0,157,785,337,8.6172,87,730.0,8.3908,True
"[2019, 2020, 2021, 2022, 2023, 2024, 2025]",2026,1,Tue,6,03:00,0.4,0.2,60,0,157,785,424,8.5708,6,359.1,59.85,True
"[2019, 2020]",2021,1,Tue,7,03:30,0.4,0.2,30,50,253,1265,84,10.0012,59,-45.3,-0.7678,False
"[2019, 2020, 2021]",2022,1,Tue,7,03:30,0.4,0.2,30,35,253,1265,143,6.0406,87,-459.4,-5.2805,False
"[2019, 2020, 2021, 2022]",2023,1,Tue,7,03:30,0.4,0.2,0,35,42,210,362,3.1243,106,272.0,2.566,True
"[2019, 2020, 2021, 2022, 2023]",2024,1,Tue,7,03:30,0.4,0.2,30,30,251,1255,304,5.0115,57,296.0,5.193,True
"[2019, 2020, 2021, 2022, 2023, 2024]",2025,1,Tue,7,03:30,0.4,0.2,30,30,251,1255,361,5.0402,59,171.0,2.8983,True
"[2019, 2020, 2021, 2022, 2023, 2024, 2025]",2026,1,Tue,7,03:30,0.4,0.2,30,15,251,1255,420,4.7902,7,-35.6,-5.0857,False
[2019],2020,1,Tue,8,04:00,0.4,0.2,40,0,102,510,15,1.0333,121,621.0,5.1322,True
"[2019, 2020]",2021,1,Tue,8,04:00,0.4,0.2,50,60,125,625,119,12.4353,106,609.9,5.7538,True
"[2019, 2020, 2021]",2022,1,Tue,8,04:00,0.4,0.2,0,60,84,420,358,10.7209,180,2366.0,13.1444,True
"[2019, 2020, 2021, 2022]",2023,1,Tue,8,04:00,0.4,0.2,0,60,87,435,538,11.658,163,2258.1,13.8534,True
"[2019, 2020, 2021, 2022, 2023]",2024,1,Tue,8,04:00,0.4,0.2,0,60,87,435,701,12.1685,162,841.5,5.1944,True
"[2019, 2020, 2021, 2022, 2023, 2024]",2025,1,Tue,8,04:00,0.4,0.2,0,60,87,435,863,10.8593,163,1940.5,11.9049,True
"[2019, 2020, 2021, 2022, 2023, 2024, 2025]",2026,1,Tue,8,04:00,0.4,0.2,0,60,83,415,1026,11.0993,7,-57.0,-8.1429,False
[2019],2020,1,Tue,9,04:30,0.4,0.2,30,60,98,490,15,13.9333,73,923.8,12.6548,True
"[2019, 2020]",2021,1,Tue,9,04:30,0.4,0.2,50,0,238,1190,67,20.2403,84,-94.9,-1.1298,False
"[2019, 2020, 2021]",2022,1,Tue,9,04:30,0.4,0.2,45,50,239,1195,156,10.5609,105,162.0,1.5429,True
"[2019, 2020, 2021, 2022]",2023,1,Tue,9,04:30,0.4,0.2,30,60,100,500,301,8.6296,72,401.0,5.5694,True
"[2019, 2020, 2021, 2022, 2023]",2024,1,Tue,9,04:30,0.4,0.2,60,0,236,1180,297,8.501,51,422.1,8.2765,True
"[2019, 2020, 2021, 2022, 2023, 2024]",2025,1,Tue,9,04:30,0.4,0.2,50,0,238,1190,370,8.5957,70,642.8,9.1829,True
[2019],2020,1,Tue,10,05:00,0.4,0.2,50,0,243,1215,16,7.8812,91,1049.6,11.5341,True
"[2019, 2020]",2021,1,Tue,10,05:00,0.4,0.2,60,0,406,2030,97,12.9216,60,274.7,4.5783,True
"[2019, 2020, 2021]",2022,1,Tue,10,05:00,0.4,0.2,60,0,406,2030,157,9.7331,75,460.2,6.136,True
"[2019, 2020, 2021, 2022]",2023,1,Tue,10,05:00,0.4,0.2,60,0,406,2030,232,8.5703,77,515.6,6.6961,True
"[2019, 2020, 2021, 2022, 2023]",2024,1,Tue,10,05:00,0.4,0.2,60,0,406,2030,309,8.1032,71,438.1,6.1704,True
"[2019, 2020, 2021, 2022, 2023, 2024]",2025,1,Tue,10,05:00,0.4,0.2,60,0,406,2030,380,7.7421,81,106.2,1.3111,True
"[2019, 2020, 2021, 2022, 2023, 2024, 2025]",2026,1,Tue,10,05:00,0.4,0.2,0,0,225,1125,866,6.9387,10,-3.3,-0.33,False
[2019],2020,1,Tue,11,05:30,0.4,0.2,60,60,235,1175,17,37.5706,49,761.8,15.5469,True
"[2019, 2020]",2021,1,Tue,11,05:30,0.4,0.2,60,45,235,1175,66,22.1485,47,-24.5,-0.5213,False
"[2019, 2020, 2021]",2022,1,Tue,11,05:30,0.4,0.2,60,45,235,1175,113,12.7195,58,-72.0,-1.2414,False
"[2019, 2020, 2021, 2022]",2023,1,Tue,11,05:30,0.4,0.2,50,0,296,1480,179,11.0978,65,299.7,4.6108,True
"[2019, 2020, 2021, 2022, 2023]",2024,1,Tue,11,05:30,0.4,0.2,50,0,296,1480,244,9.3697,61,322.1,5.2803,True
"[2019, 2020, 2021, 2022, 2023, 2024]",2025,1,Tue,11,05:30,0.4,0.2,60,0,294,1470,289,8.801,40,202.4,5.06,True
"[2019, 2020, 2021, 2022, 2023, 2024, 2025]",2026,1,Tue,11,05:30,0.4,0.2,60,0,294,1470,329,8.3462,3,-27.2,-9.0667,False
[2019],2020,1,Tue,12,06:00,0.4,0.2,60,0,115,575,18,8.2833,104,996.0,9.5769,True
"[2019, 2020]",2021,1,Tue,12,06:00,0.4,0.2,0,45,119,595,235,10.3753,155,632.5,4.0806,True
"[2019, 2020, 2021]",2022,1,Tue,12,06:00,0.4,0.2,0,0,118,590,390,8.2967,170,2376.4,13.9788,True
"[2019, 2020, 2021, 2022]",2023,1,Tue,12,06:00,0.4,0.2,0,0,192,960,560,10.253,185,2256.6,12.1978,True
"[2019, 2020, 2021, 2022, 2023]",2024,1,Tue,12,06:00,0.4,0.2,0,0,192,960,745,10.736,163,1099.5,6.7454,True
"[2019, 2020, 2021, 2022, 2023, 2024]",2025,1,Tue,12,06:00,0.4,0.2,0,0,235,1175,908,10.0589,153,775.8,5.0706,True
"[2019, 2020, 2021, 2022, 2023, 2024, 2025]",2026,1,Tue,12,06:00,0.4,0.2,0,0,235,1175,1061,9.3396,18,159.2,8.8444,True
[2019],2020,1,Tue,13,06:30,0.4,0.2,5,0,38,190,15,3.7333,138,490.2,3.5522,True
"[2019, 2020]",2021,1,Tue,13,06:30,0.4,0.2,45,0,198,990,78,11.3244,78,847.4,10.8641,True
"[2019, 2020, 2021]",2022,1,Tue,13,06:30,0.4,0.2,45,0,195,975,156,11.1128,75,524.5,6.9933,True
"[2019, 2020, 2021, 2022]",2023,1,Tue,13,06:30,0.4,0.2,40,0,164,820,245,9.9722,70,910.1,13.0014,True
"[2019, 2020, 2021, 2022, 2023]",2024,1,Tue,13,06:30,0.4,0.2,50,0,393,1965,288,10.9865,64,209.8,3.2781,True
"[2019, 2020, 2021, 2022, 2023, 2024]",2025,1,Tue,13,06:30,0.4,0.2,50,0,393,1965,352,9.5849,81,377.8,4.6642,True
[2019],2020,1,Tue,14,07:00,0.4,0.2,0,60,150,750,26,7.5962,164,1809.2,11.0317,True
"[2019, 2020]",2021,1,Tue,14,07:00,0.4,0.2,0,0,216,1080,190,12.6537,165,981.9,5.9509,True
"[2019, 2020, 2021]",2022,1,Tue,14,07:00,0.4,0.2,0,0,371,1855,355,9.5969,174,3226.7,18.5443,True
"[2019, 2020, 2021, 2022]",2023,1,Tue,14,07:00,0.4,0.2,0,0,370,1850,529,12.5544,164,1489.4,9.0817,True
"[2019, 2020, 2021, 2022, 2023]",2024,1,Tue,14,07:00,0.4,0.2,0,0,370,1850,693,11.7326,157,1118.8,7.1261,True
"[2019, 2020, 2021, 2022, 2023, 2024]",2025,1,Tue,14,07:00,0.4,0.2,0,0,370,1850,850,10.8818,151,803.3,5.3199,True
"[2019, 2020, 2021, 2022, 2023, 2024, 2025]",2026,1,Tue,14,07:00,0.4,0.2,0,0,370,1850,1001,10.0428,11,26.5,2.4091,True
[2019],2020,1,Tue,15,07:30,0.4,0.2,15,0,106,530,15,13.2733,100,1281.5,12.815,True
"[2019, 2020]",2021,1,Tue,15,07:30,0.4,0.2,45,0,100,500,76,16.0395,66,570.8,8.6485,True
"[2019, 2020, 2021]",2022,1,Tue,15,07:30,0.4,0.2,45,0,205,1025,142,13.8162,54,775.3,14.3574,True
"[2019, 2020, 2021, 2022]",2023,1,Tue,15,07:30,0.4,0.2,45,0,205,1025,196,13.9653,65,284.5,4.3769,True
"[2019, 2020, 2021, 2022, 2023]",2024,1,Tue,15,07:30,0.4,0.2,45,0,351,1755,261,11.6881,70,224.0,3.2,True
"[2019, 2020, 2021, 2022, 2023, 2024]",2025,1,Tue,15,07:30,0.4,0.2,45,0,355,1775,331,9.9015,70,451.0,6.4429,True
[2019],2020,1,Tue,16,08:00,0.4,0.2,0,55,199,995,36,25.075,175,1766.1,10.092,True
"[2019, 2020]",2021,1,Tue,16,08:00,0.4,0.2,0,0,204,1020,211,14.9962,192,2012.1,10.4797,True
"[2019, 2020, 2021]",2022,1,Tue,16,08:00,0.4,0.2,0,0,282,1410,403,12.8916,198,3346.8,16.903,True
"[2019, 2020, 2021, 2022]",2023,1,Tue,16,08:00,0.4,0.2,0,25,107,535,601,14.2963,167,1256.0,7.521,True
"[2019, 2020, 2021, 2022, 2023]",2024,1,Tue,16,08:00,0.4,0.2,0,0,282,1410,768,13.1354,211,1513.2,7.1716,True
"[2019, 2020, 2021, 2022, 2023, 2024]",2025,1,Tue,16,08:00,0.4,0.2,0,0,114,570,979,11.881,179,1625.9,9.0832,True
"[2019, 2020, 2021, 2022, 2023, 2024, 2025]",2026,1,Tue,16,08:00,0.4,0.2,0,0,114,570,1158,11.4485,19,186.4,9.8105,True
[2019],2020,1,Tue,17,08:30,0.4,0.2,35,15,188,940,15,24.2667,87,137.3,1.5782,True
"[2019, 2020]",2021,1,Tue,17,08:30,0.4,0.2,0,0,364,1820,146,9.8986,115,538.5,4.6826,True
"[2019, 2020, 2021]",2022,1,Tue,17,08:30,0.4,0.2,0,0,200,1000,261,7.6203,130,969.9,7.4608,True
"[2019, 2020, 2021, 2022]",2023,1,Tue,17,08:30,0.4,0.2,0,0,364,1820,391,7.6621,109,478.2,4.3872,True
"[2019, 2020, 2021, 2022, 2023]",2024,1,Tue,17,08:30,0.4,0.2,0,0,364,1820,500,6.9482,142,496.2,3.4944,True
"[2019, 2020, 2021, 2022, 2023, 2024]",2025,1,Tue,17,08:30,0.4,0.2,0,0,364,1820,642,6.1843,126,644.0,5.1111,True
"[2019, 2020, 2021, 2022, 2023, 2024, 2025]",2026,1,Tue,17,08:30,0.4,0.2,0,0,358,1790,768,6.0143,8,47.5,5.9375,True
[2019],2020,1,Tue,18,09:00,0.4,0.2,20,5,86,430,16,7.6,118,115.8,0.9814,True
"[2019, 2020]",2021,1,Tue,18,09:00,0.4,0.2,0,0,59,295,151,5.5404,120,893.5,7.4458,True
"[2019, 2020, 2021]",2022,1,Tue,18,09:00,0.4,0.2,0,0,72,360,271,6.8192,128,1119.5,8.7461,True
"[2019, 2020, 2021, 2022]",2023,1,Tue,18,09:00,0.4,0.2,0,0,83,415,399,7.4622,159,1613.3,10.1465,True
"[2019, 2020, 2021, 2022, 2023]",2024,1,Tue,18,09:00,0.4,0.2,0,0,112,560,558,8.2654,153,708.9,4.6333,True
"[2019, 2020, 2021, 2022, 2023, 2024]",2025,1,Tue,18,09:00,0.4,0.2,0,0,244,1220,711,7.6705,141,595.9,4.2262,True
"[2019, 2020, 2021, 2022, 2023, 2024, 2025]",2026,1,Tue,18,09:00,0.4,0.2,0,0,244,1220,852,7.1005,17,848.0,49.8824,True
[2019],2020,1,Tue,19,09:30,0.4,0.2,30,0,117,585,18,8.85,69,309.1,4.4797,True
"[2019, 2020]",2021,1,Tue,19,09:30,0.4,0.2,0,0,259,1295,115,8.8965,107,874.3,8.171,True
"[2019, 2020, 2021]",2022,1,Tue,19,09:30,0.4,0.2,0,0,332,1660,222,8.6392,101,294.8,2.9188,True
"[2019, 2020, 2021, 2022]",2023,1,Tue,19,09:30,0.4,0.2,45,0,323,1615,189,6.9905,58,79.0,1.3621,True
"[2019, 2020, 2021, 2022, 2023]",2024,1,Tue,19,09:30,0.4,0.2,0,0,265,1325,428,6.1145,117,788.8,6.7419,True
"[2019, 2020, 2021, 2022, 2023, 2024]",2025,1,Tue,19,09:30,0.4,0.2,45,0,365,1825,310,6.7961,75,75.4,1.0053,True
"[2019, 2020, 2021, 2022, 2023, 2024, 2025]",2026,1,Tue,19,09:30,0.4,0.2,0,0,374,1870,656,6.1349,7,166.9,23.8429,True
[2019],2020,1,Tue,20,10:00,0.4,0.2,5,45,110,550,23,9.8696,99,542.0,5.4747,True
"[2019, 2020]",2021,1,Tue,20,10:00,0.4,0.2,0,40,112,560,125,7.4752,119,897.0,7.5378,True
"[2019, 2020, 2021]",2022,1,Tue,20,10:00,0.4,0.2,0,0,167,835,244,8.0865,145,1074.0,7.4069,True
"[2019, 2020, 2021, 2022]",2023,1,Tue,20,10:00,0.4,0.2,0,0,168,840,389,7.8347,114,602.8,5.2877,True
"[2019, 2020, 2021, 2022, 2023]",2024,1,Tue,20,10:00,0.4,0.2,0,0,167,835,503,7.261,124,861.5,6.9476,True
"[2019, 2020, 2021, 2022, 2023, 2024]",2025,1,Tue,20,10:00,0.4,0.2,0,0,354,1770,627,7.2917,115,859.1,7.4704,True
"[2019, 2020, 2021, 2022, 2023, 2024, 2025]",2026,1,Tue,20,10:00,0.4,0.2,0,0,354,1770,742,7.3194,7,26.6,3.8,True
"[2019, 2020]",2021,1,Tue,21,10:30,0.4,0.2,30,15,57,285,58,5.0155,73,246.8,3.3808,True
"[2019, 2020, 2021]",2022,1,Tue,21,10:30,0.4,0.2,35,0,168,840,125,4.4576,77,484.6,6.2935,True
"[2019, 2020, 2021, 2022]",2023,1,Tue,21,10:30,0.4,0.2,50,0,376,1880,181,6.1298,55,444.0,8.0727,True
"[2019, 2020, 2021, 2022, 2023]",2024,1,Tue,21,10:30,0.4,0.2,45,0,373,1865,244,6.6504,64,152.7,2.3859,True
"[2019, 2020, 2021, 2022, 2023, 2024]",2025,1,Tue,21,10:30,0.4,0.2,35,0,375,1875,334,5.7817,62,513.8,8.2871,True
[2019],2020,1,Tue,22,11:00,0.4,0.2,0,0,45,225,17,1.5353,107,877.4,8.2,True
"[2019, 2020]",2021,1,Tue,22,11:00,0.4,0.2,30,45,375,1875,93,9.1753,86,522.9,6.0802,True
"[2019, 2020, 2021]",2022,1,Tue,22,11:00,0.4,0.2,0,0,381,1905,234,9.8897,121,816.3,6.7463,True
"[2019, 2020, 2021, 2022]",2023,1,Tue,22,11:00,0.4,0.2,0,0,381,1905,355,8.8183,118,1013.1,8.5856,True
"[2019, 2020, 2021, 2022, 2023]",2024,1,Tue,22,11:00,0.4,0.2,0,0,381,1905,473,8.7603,145,1466.9,10.1166,True
"[2019, 2020, 2021, 2022, 2023, 2024]",2025,1,Tue,22,11:00,0.4,0.2,0,0,381,1905,618,9.0785,105,460.5,4.3857,True
"[2019, 2020, 2021, 2022, 2023, 2024, 2025]",2026,1,Tue,22,11:00,0.4,0.2,0,0,381,1905,723,8.397,8,108.8,13.6,True
[2019],2020,1,Tue,23,11:30,0.4,0.2,0,60,555,2775,23,7.9522,111,739.8,6.6649,True
"[2019, 2020]",2021,1,Tue,23,11:30,0.4,0.2,60,45,64,320,63,13.1429,48,120.7,2.5146,True
"[2019, 2020, 2021]",2022,1,Tue,23,11:30,0.4,0.2,60,0,151,755,111,9.5441,58,648.1,11.1741,True
"[2019, 2020, 2021, 2022]",2023,1,Tue,23,11:30,0.4,0.2,60,0,351,1755,169,11.1657,36,42.5,1.1806,True
"[2019, 2020, 2021, 2022, 2023]",2024,1,Tue,23,11:30,0.4,0.2,60,0,351,1755,205,9.4122,38,419.8,11.0474,True
"[2019, 2020, 2021, 2022, 2023, 2024]",2025,1,Tue,23,11:30,0.4,0.2,60,0,351,1755,243,9.6679,40,535.4,13.385,True
[2019],2020,1,Tue,24,12:00,0.4,0.2,15,50,51,255,31,14.3774,116,1013.5,8.7371,True
"[2019, 2020]",2021,1,Tue,24,12:00,0.4,0.2,0,60,46,230,178,12.1247,147,1360.4,9.2544,True
"[2019, 2020, 2021]",2022,1,Tue,24,12:00,0.4,0.2,0,60,56,280,325,10.8348,172,2599.1,15.111,True
"[2019, 2020, 2021, 2022]",2023,1,Tue,24,12:00,0.4,0.2,0,45,51,255,497,12.9439,186,2335.4,12.5559,True
"[2019, 2020, 2021, 2022, 2023]",2024,1,Tue,24,12:00,0.4,0.2,0,60,51,255,683,13.2286,202,1647.4,8.1554,True
"[2019, 2020, 2021, 2022, 2023, 2024]",2025,1,Tue,24,12:00,0.4,0.2,0,60,51,255,885,12.0706,180,2444.4,13.58,True
"[2019, 2020, 2021, 2022, 2023, 2024, 2025]",2026,1,Tue,24,12:00,0.4,0.2,0,60,51,255,1065,12.3257,15,8.5,0.5667,True
[2019],2020,1,Tue,25,12:30,0.4,0.2,60,60,123,615,15,6.38,67,185.9,2.7746,True
"[2019, 2020]",2021,1,Tue,25,12:30,0.4,0.2,60,0,227,1135,82,8.8085,58,344.3,5.9362,True
"[2019, 2020, 2021]",2022,1,Tue,25,12:30,0.4,0.2,60,0,227,1135,140,7.6186,66,769.6,11.6606,True
"[2019, 2020, 2021, 2022]",2023,1,Tue,25,12:30,0.4,0.2,60,0,227,1135,206,8.9136,78,474.1,6.0782,True
"[2019, 2020, 2021, 2022, 2023]",2024,1,Tue,25,12:30,0.4,0.2,60,0,222,1110,284,8.1937,92,356.4,3.8739,True
"[2019, 2020, 2021, 2022, 2023, 2024]",2025,1,Tue,25,12:30,0.4,0.2,60,0,222,1110,376,7.1367,64,691.4,10.8031,True
"[2019, 2020, 2021, 2022, 2023, 2024, 2025]",2026,1,Tue,25,12:30,0.4,0.2,60,0,222,1110,440,7.67,5,6.9,1.38,True
[2019],2020,1,Tue,26,13:00,0.4,0.2,0,60,36,180,27,6.0556,128,1226.1,9.5789,True
"[2019, 2020]",2021,1,Tue,26,13:00,0.4,0.2,0,45,37,185,155,9.7865,166,829.2,4.9952,True
"[2019, 2020, 2021]",2022,1,Tue,26,13:00,0.4,0.2,0,0,334,1670,321,7.9255,140,2730.6,19.5043,True
"[2019, 2020, 2021, 2022]",2023,1,Tue,26,13:00,0.4,0.2,0,0,322,1610,461,11.4698,127,1860.4,14.6488,True
"[2019, 2020, 2021, 2022, 2023]",2024,1,Tue,26,13:00,0.4,0.2,0,0,335,1675,588,12.2787,148,1021.2,6.9,True
"[2019, 2020, 2021, 2022, 2023, 2024]",2025,1,Tue,26,13:00,0.4,0.2,0,0,335,1675,736,11.1971,153,1285.7,8.4033,True
"[2019, 2020, 2021, 2022, 2023, 2024, 2025]",2026,1,Tue,26,13:00,0.4,0.2,0,0,335,1675,889,10.7163,8,-40.2,-5.025,False
[2019],2020,1,Tue,27,13:30,0.4,0.2,20,50,38,190,18,5.5222,97,923.6,9.5216,True
"[2019, 2020]",2021,1,Tue,27,13:30,0.4,0.2,15,35,67,335,118,11.7517,129,423.2,3.2806,True
"[2019, 2020, 2021]",2022,1,Tue,27,13:30,0.4,0.2,0,30,442,2210,315,9.2076,132,136.9,1.0371,True
"[2019, 2020, 2021, 2022]",2023,1,Tue,27,13:30,0.4,0.2,0,0,148,740,447,8.1537,149,2624.5,17.6141,True
"[2019, 2020, 2021, 2022, 2023]",2024,1,Tue,27,13:30,0.4,0.2,0,0,236,1180,596,10.7507,159,1173.9,7.383,True
"[2019, 2020, 2021, 2022, 2023, 2024]",2025,1,Tue,27,13:30,0.4,0.2,0,0,236,1180,755,10.0415,136,1022.0,7.5147,True
"[2019, 2020, 2021, 2022, 2023, 2024, 2025]",2026,1,Tue,27,13:30,0.4,0.2,0,0,236,1180,891,9.6558,19,-57.4,-3.0211,False
[2019],2020,1,Tue,28,14:00,0.4,0.2,0,35,247,1235,34,7.6294,138,1180.5,8.5543,True
"[2019, 2020]",2021,1,Tue,28,14:00,0.4,0.2,0,0,253,1265,172,10.8076,136,1132.0,8.3235,True
"[2019, 2020, 2021]",2022,1,Tue,28,14:00,0.4,0.2,0,0,253,1265,308,9.7107,127,1172.9,9.2354,True
"[2019, 2020, 2021, 2022]",2023,1,Tue,28,14:00,0.4,0.2,0,0,253,1265,435,9.572,182,1664.1,9.1434,True
"[2019, 2020, 2021, 2022, 2023]",2024,1,Tue,28,14:00,0.4,0.2,0,0,253,1265,617,9.4455,155,1386.4,8.9445,True
"[2019, 2020, 2021, 2022, 2023, 2024]",2025,1,Tue,28,14:00,0.4,0.2,0,0,297,1485,772,9.3773,173,1916.5,11.078,True
"[2019, 2020, 2021, 2022, 2023, 2024, 2025]",2026,1,Tue,28,14:00,0.4,0.2,0,0,297,1485,945,9.6887,15,47.4,3.16,True
[2019],2020,1,Tue,29,14:30,0.4,0.2,20,45,519,2595,15,7.8267,100,-423.8,-4.238,False
"[2019, 2020]",2021,1,Tue,29,14:30,0.4,0.2,0,0,196,980,158,5.8475,136,951.6,6.9971,True
"[2019, 2020, 2021]",2022,1,Tue,29,14:30,0.4,0.2,0,0,57,285,294,6.6473,120,752.8,6.2733,True
"[2019, 2020, 2021, 2022]",2023,1,Tue,29,14:30,0.4,0.2,0,0,196,980,414,6.8022,124,211.8,1.7081,True
"[2019, 2020, 2021, 2022, 2023]",2024,1,Tue,29,14:30,0.4,0.2,0,0,196,980,538,5.6281,120,492.9,4.1075,True
"[2019, 2020, 2021, 2022, 2023, 2024]",2025,1,Tue,29,14:30,0.4,0.2,0,0,196,980,658,5.3508,128,1592.1,12.4383,True
"[2019, 2020, 2021, 2022, 2023, 2024, 2025]",2026,1,Tue,29,14:30,0.4,0.2,0,0,110,550,786,6.7587,20,131.4,6.57,True
[2019],2020,1,Tue,30,15:00,0.4,0.2,5,30,20,100,25,2.768,122,309.4,2.5361,True
"[2019, 2020]",2021,1,Tue,30,15:00,0.4,0.2,0,60,13,65,151,5.7887,123,451.4,3.6699,True
"[2019, 2020, 2021]",2022,1,Tue,30,15:00,0.4,0.2,0,0,399,1995,274,7.4515,125,1234.9,9.8792,True
"[2019, 2020, 2021, 2022]",2023,1,Tue,30,15:00,0.4,0.2,0,0,399,1995,399,8.212,128,1127.8,8.8109,True
"[2019, 2020, 2021, 2022, 2023]",2024,1,Tue,30,15:00,0.4,0.2,0,0,399,1995,527,8.3575,138,893.8,6.4768,True
"[2019, 2020, 2021, 2022, 2023, 2024]",2025,1,Tue,30,15:00,0.4,0.2,0,0,399,1995,665,7.9672,127,740.4,5.8299,True
"[2019, 2020, 2021, 2022, 2023, 2024, 2025]",2026,1,Tue,30,15:00,0.4,0.2,0,0,399,1995,792,7.6245,11,128.6,11.6909,True
[2019],2020,1,Tue,31,15:30,0.4,0.2,0,25,45,225,31,8.4935,99,261.5,2.6414,True
"[2019, 2020]",2021,1,Tue,31,15:30,0.4,0.2,0,15,63,315,130,4.9908,112,628.5,5.6116,True
"[2019, 2020, 2021]",2022,1,Tue,31,15:30,0.4,0.2,0,15,61,305,242,5.3926,120,510.3,4.2525,True
"[2019, 2020, 2021, 2022]",2023,1,Tue,31,15:30,0.4,0.2,0,0,91,455,362,5.8566,94,266.3,2.833,True
"[2019, 2020, 2021, 2022, 2023]",2024,1,Tue,31,15:30,0.4,0.2,0,0,163,815,456,5.3224,90,246.7,2.7411,True
"[2019, 2020, 2021, 2022, 2023, 2024]",2025,1,Tue,31,15:30,0.4,0.2,0,0,301,1505,546,4.9559,98,677.3,6.9112,True
"[2019, 2020, 2021, 2022, 2023, 2024, 2025]",2026,1,Tue,31,15:30,0.4,0.2,0,0,92,460,644,5.272,10,1.5,0.15,True
[2019],2020,1,Tue,32,16:00,0.4,0.2,15,20,13,65,16,3.3,98,371.6,3.7918,True
"[2019, 2020]",2021,1,Tue,32,16:00,0.4,0.2,0,0,148,740,130,5.9754,146,756.5,5.1815,True
"[2019, 2020, 2021]",2022,1,Tue,32,16:00,0.4,0.2,0,0,172,860,276,5.6529,106,517.3,4.8802,True
"[2019, 2020, 2021, 2022]",2023,1,Tue,32,16:00,0.4,0.2,0,0,189,945,382,5.5089,145,1229.1,8.4766,True
"[2019, 2020, 2021, 2022, 2023]",2024,1,Tue,32,16:00,0.4,0.2,0,0,108,540,527,6.3951,128,683.9,5.343,True
"[2019, 2020, 2021, 2022, 2023, 2024]",2025,1,Tue,32,16:00,0.4,0.2,0,0,380,1900,655,6.8066,139,1473.4,10.6,True
"[2019, 2020, 2021, 2022, 2023, 2024, 2025]",2026,1,Tue,32,16:00,0.4,0.2,0,0,384,1920,794,7.502,5,2.1,0.42,True
[2019],2020,1,Tue,33,16:30,0.4,0.2,0,55,38,190,16,0.2688,103,-83.9,-0.8146,False
"[2019, 2020]",2021,1,Tue,33,16:30,0.4,0.2,0,0,39,195,119,2.3513,116,408.9,3.525,True
"[2019, 2020, 2021]",2022,1,Tue,33,16:30,0.4,0.2,0,0,39,195,235,2.9306,105,339.6,3.2343,True
"[2019, 2020, 2021, 2022]",2023,1,Tue,33,16:30,0.4,0.2,0,0,191,955,340,3.2818,65,-10.6,-0.1631,False
"[2019, 2020, 2021, 2022, 2023]",2024,1,Tue,33,16:30,0.4,0.2,0,0,93,465,405,2.7422,100,4.3,0.043,True
"[2019, 2020, 2021, 2022, 2023, 2024]",2025,1,Tue,33,16:30,0.4,0.2,0,0,90,450,505,2.2178,82,546.3,6.6622,True
"[2019, 2020, 2021, 2022, 2023, 2024, 2025]",2026,1,Tue,33,16:30,0.4,0.2,0,0,282,1410,587,2.8761,6,-28.4,-4.7333,False
[2019],2020,1,Tue,34,17:00,0.4,0.2,0,35,11,55,22,0.3818,101,165.4,1.6376,True
"[2019, 2020]",2021,1,Tue,34,17:00,0.4,0.2,30,60,314,1570,89,6.6281,73,149.2,2.0438,True
"[2019, 2020, 2021]",2022,1,Tue,34,17:00,0.4,0.2,5,60,387,1935,215,5.1809,107,157.1,1.4682,True
"[2019, 2020, 2021, 2022]",2023,1,Tue,34,17:00,0.4,0.2,0,0,518,2590,334,4.9898,110,80.7,0.7336,True
"[2019, 2020, 2021, 2022, 2023]",2024,1,Tue,34,17:00,0.4,0.2,0,0,518,2590,444,3.9354,106,273.6,2.5811,True
"[2019, 2020, 2021, 2022, 2023, 2024]",2025,1,Tue,34,17:00,0.4,0.2,0,0,518,2590,550,3.6744,141,517.6,3.6709,True
"[2019, 2020, 2021, 2022, 2023, 2024, 2025]",2026,1,Tue,34,17:00,0.4,0.2,0,0,518,2590,691,3.6737,9,-11.0,-1.2222,False
"[2019, 2020]",2021,1,Tue,35,17:30,0.4,0.2,45,15,220,1100,55,2.5709,49,-109.1,-2.2265,False
"[2019, 2020, 2021]",2022,1,Tue,35,17:30,0.4,0.2,0,40,229,1145,190,1.2805,85,-411.6,-4.8424,False
"[2019, 2020, 2021, 2022]",2023,1,Tue,35,17:30,0.4,0.2,0,0,24,120,275,0.624,86,-63.9,-0.743,False
"[2019, 2020, 2021, 2022, 2023]",2024,1,Tue,35,17:30,0.4,0.2,0,0,27,135,361,0.3036,94,67.6,0.7191,True
"[2019, 2020, 2021, 2022, 2023, 2024]",2025,1,Tue,35,17:30,0.4,0.2,0,0,24,120,455,0.4035,84,77.7,0.925,True
"[2019, 2020, 2021, 2022, 2023, 2024, 2025]",2026,1,Tue,35,17:30,0.4,0.2,0,0,124,620,539,0.7907,8,31.1,3.8875,True
"[2019, 2020]",2021,1,Tue,36,18:00,0.4,0.2,0,50,13,65,112,4.0946,115,-28.1,-0.2443,False
"[2019, 2020, 2021]",2022,1,Tue,36,18:00,0.4,0.2,0,0,249,1245,227,3.2115,112,732.0,6.5357,True
"[2019, 2020, 2021, 2022]",2023,1,Tue,36,18:00,0.4,0.2,0,0,239,1195,339,4.377,110,502.4,4.5673,True
"[2019, 2020, 2021, 2022, 2023]",2024,1,Tue,36,18:00,0.4,0.2,0,40,318,1590,449,4.6895,107,-194.8,-1.8206,False
"[2019, 2020, 2021, 2022, 2023, 2024]",2025,1,Tue,36,18:00,0.4,0.2,0,0,240,1200,556,3.4703,94,413.2,4.3957,True
"[2019, 2020, 2021, 2022, 2023, 2024, 2025]",2026,1,Tue,36,18:00,0.4,0.2,0,60,233,1165,650,3.6932,10,132.5,13.25,True
"[2019, 2020]",2021,1,Tue,37,18:30,0.4,0.2,45,0,176,880,66,3.7939,39,-95.9,-2.459,False
"[2019, 2020, 2021]",2022,1,Tue,37,18:30,0.4,0.2,0,0,185,925,219,1.9055,97,313.9,3.2361,True
"[2019, 2020, 2021, 2022]",2023,1,Tue,37,18:30,0.4,0.2,0,0,185,925,316,2.3139,84,345.7,4.1155,True
"[2019, 2020, 2021, 2022, 2023]",2024,1,Tue,37,18:30,0.4,0.2,0,0,312,1560,400,3.1277,87,-68.5,-0.7874,False
"[2019, 2020, 2021, 2022, 2023, 2024]",2025,1,Tue,37,18:30,0.4,0.2,0,0,312,1560,487,2.4283,91,-106.2,-1.167,False
"[2019, 2020, 2021, 2022, 2023, 2024, 2025]",2026,1,Tue,37,18:30,0.4,0.2,0,0,312,1560,578,1.8623,10,-34.3,-3.43,False
"[2019, 2020]",2021,1,Tue,38,19:00,0.4,0.2,0,15,295,1475,148,2.4709,85,-179.5,-2.1118,False
"[2019, 2020, 2021]",2022,1,Tue,38,19:00,0.4,0.2,0,0,295,1475,233,1.0695,104,505.5,4.8606,True
"[2019, 2020, 2021, 2022]",2023,1,Tue,38,19:00,0.4,0.2,0,0,295,1475,337,2.2395,100,363.9,3.639,True
"[2019, 2020, 2021, 2022, 2023]",2024,1,Tue,38,19:00,0.4,0.2,0,0,295,1475,437,2.5597,92,103.1,1.1207,True
"[2019, 2020, 2021, 2022, 2023, 2024]",2025,1,Tue,38,19:00,0.4,0.2,0,0,295,1475,529,2.3095,113,242.0,2.1416,True
"[2019, 2020, 2021, 2022, 2023, 2024, 2025]",2026,1,Tue,38,19:00,0.4,0.2,0,0,220,1100,642,2.2966,15,165.4,11.0267,True
[2019],2020,1,Tue,39,19:30,0.4,0.2,0,45,459,2295,16,2.4875,103,-43.0,-0.4175,False
"[2019, 2020]",2021,1,Tue,39,19:30,0.4,0.2,60,0,208,1040,55,4.9618,51,-261.4,-5.1255,False
"[2019, 2020, 2021]",2022,1,Tue,39,19:30,0.4,0.2,0,0,220,1100,230,1.0939,101,13.6,0.1347,True
"[2019, 2020, 2021, 2022]",2023,1,Tue,39,19:30,0.4,0.2,0,60,209,1045,331,0.8707,105,-221.6,-2.1105,False
"[2019, 2020, 2021, 2022, 2023]",2024,1,Tue,39,19:30,0.4,0.2,0,0,220,1100,436,0.364,118,-16.9,-0.1432,False
"[2019, 2020, 2021, 2022, 2023, 2024]",2025,1,Tue,39,19:30,0.4,0.2,0,0,217,1085,554,0.2599,95,-29.9,-0.3147,False
"[2019, 2020, 2021, 2022, 2023, 2024, 2025]",2026,1,Tue,39,19:30,0.4,0.2,0,0,223,1115,649,0.1783,12,227.2,18.9333,True
[2019],2020,1,Tue,40,20:00,0.4,0.2,0,25,17,85,22,0.5318,116,-154.0,-1.3276,False
"[2019, 2020]",2021,1,Tue,40,20:00,0.4,0.2,0,60,49,245,138,3.1848,117,57.4,0.4906,True
"[2019, 2020, 2021]",2022,1,Tue,40,20:00,0.4,0.2,0,60,47,235,255,2.0337,110,-87.2,-0.7927,False
"[2019, 2020, 2021, 2022]",2023,1,Tue,40,20:00,0.4,0.2,0,60,47,235,365,1.1819,134,144.4,1.0776,True
"[2019, 2020, 2021, 2022, 2023]",2024,1,Tue,40,20:00,0.4,0.2,0,60,47,235,499,1.1539,117,-95.3,-0.8145,False
"[2019, 2020, 2021, 2022, 2023, 2024]",2025,1,Tue,40,20:00,0.4,0.2,0,60,47,235,616,0.78,115,222.8,1.9374,True
"[2019, 2020, 2021, 2022, 2023, 2024, 2025]",2026,1,Tue,40,20:00,0.4,0.2,0,60,68,340,731,1.0658,9,93.9,10.4333,True
[2019],2020,1,Tue,41,20:30,0.4,0.2,0,0,9,45,16,2.2188,112,-306.4,-2.7357,False
"[2019, 2020]",2021,1,Tue,41,20:30,0.4,0.2,0,60,44,220,128,2.4039,122,-319.1,-2.6156,False
"[2019, 2020, 2021]",2022,1,Tue,41,20:30,0.4,0.2,0,60,144,720,250,0.306,95,-375.8,-3.9558,False
[2019],2020,1,Tue,42,21:00,0.4,0.2,0,40,468,2340,17,8.9294,126,-788.9,-6.2611,False
"[2019, 2020]",2021,1,Tue,42,21:00,0.4,0.2,60,60,26,130,56,5.0554,32,-129.1,-4.0344,False
"[2019, 2020, 2021]",2022,1,Tue,42,21:00,0.4,0.2,60,60,26,130,88,1.75,37,-279.0,-7.5405,False
[2019],2020,1,Tue,43,21:30,0.4,0.2,0,35,126,630,32,4.9281,106,-575.4,-5.4283,False
"[2019, 2020]",2021,1,Tue,43,21:30,0.4,0.2,60,35,175,875,56,3.0196,38,-76.7,-2.0184,False
"[2019, 2020, 2021]",2022,1,Tue,43,21:30,0.4,0.2,60,40,175,875,94,1.1383,46,-98.3,-2.137,False
"[2019, 2020, 2021, 2022]",2023,1,Tue,43,21:30,0.4,0.2,60,0,128,640,140,0.8379,39,161.2,4.1333,True
"[2019, 2020, 2021, 2022, 2023]",2024,1,Tue,43,21:30,0.4,0.2,60,0,193,965,179,1.595,32,-90.0,-2.8125,False
"[2019, 2020, 2021, 2022, 2023, 2024]",2025,1,Tue,43,21:30,0.4,0.2,60,0,184,920,211,0.9303,35,72.6,2.0743,True
"[2019, 2020, 2021, 2022, 2023, 2024, 2025]",2026,1,Tue,43,21:30,0.4,0.2,60,0,212,1060,246,1.2467,6,19.2,3.2,True
"[2019, 2020]",2021,1,Tue,44,22:00,0.4,0.2,60,60,335,1675,86,5.9384,77,286.2,3.7169,True
"[2019, 2020, 2021]",2022,1,Tue,44,22:00,0.4,0.2,60,0,241,1205,163,5.0301,95,678.7,7.1442,True
"[2019, 2020, 2021, 2022]",2023,1,Tue,44,22:00,0.4,0.2,60,0,241,1205,258,5.8085,64,215.4,3.3656,True
"[2019, 2020, 2021, 2022, 2023]",2024,1,Tue,44,22:00,0.4,0.2,60,0,241,1205,322,5.323,69,253.6,3.6754,True
"[2019, 2020, 2021, 2022, 2023, 2024]",2025,1,Tue,44,22:00,0.4,0.2,60,0,241,1205,391,5.0322,95,-11.9,-0.1253,False
"[2019, 2020]",2021,1,Tue,45,22:30,0.4,0.2,30,0,16,80,84,1.0893,76,-113.1,-1.4882,False
"[2019, 2020, 2021]",2022,1,Tue,45,22:30,0.4,0.2,30,0,187,935,160,0.0069,64,-79.1,-1.2359,False
"[2019, 2020, 2021, 2022]",2023,1,Tue,45,22:30,0.4,0.2,30,0,484,2420,224,0.3129,82,469.7,5.728,True
"[2019, 2020, 2021, 2022, 2023]",2024,1,Tue,45,22:30,0.4,0.2,60,0,478,2390,229,2.0179,63,150.3,2.3857,True
"[2019, 2020, 2021, 2022, 2023, 2024]",2025,1,Tue,45,22:30,0.4,0.2,60,0,478,2390,292,2.0973,66,340.2,5.1545,True
[2019],2020,1,Tue,46,23:00,0.4,0.2,40,60,21,105,17,1.6647,101,-49.4,-0.4891,False
"[2019, 2020]",2021,1,Tue,46,23:00,0.4,0.2,0,60,183,915,166,4.4271,164,37.2,0.2268,True
"[2019, 2020, 2021]",2022,1,Tue,46,23:00,0.4,0.2,0,60,183,915,330,2.3397,171,-548.2,-3.2058,False
"[2019, 2020, 2021, 2022]",2023,1,Tue,46,23:00,0.4,0.2,0,0,163,815,501,2.4098,141,372.9,2.6447,True
"[2019, 2020, 2021, 2022, 2023]",2024,1,Tue,46,23:00,0.4,0.2,0,0,181,905,642,2.5145,145,628.0,4.331,True
"[2019, 2020, 2021, 2022, 2023, 2024]",2025,1,Tue,46,23:00,0.4,0.2,0,0,181,905,787,2.8492,164,513.3,3.1299,True
"[2019, 2020, 2021, 2022, 2023, 2024, 2025]",2026,1,Tue,46,23:00,0.4,0.2,0,0,230,1150,951,2.9115,9,-21.2,-2.3556,False
[2019],2020,1,Tue,47,23:30,0.4,0.2,0,5,34,170,17,4.5353,109,88.4,0.811,True
"[2019, 2020]",2021,1,Tue,47,23:30,0.4,0.2,60,0,190,950,59,4.8492,46,-52.0,-1.1304,False
"[2019, 2020, 2021]",2022,1,Tue,47,23:30,0.4,0.2,0,0,202,1010,248,2.3161,108,-81.1,-0.7509,False
"[2019, 2020, 2021, 2022]",2023,1,Tue,47,23:30,0.4,0.2,0,0,202,1010,356,1.3857,95,466.4,4.9095,True
"[2019, 2020, 2021, 2022, 2023]",2024,1,Tue,47,23:30,0.4,0.2,0,0,202,1010,451,2.1279,135,1246.3,9.2319,True
"[2019, 2020, 2021, 2022, 2023, 2024]",2025,1,Tue,47,23:30,0.4,0.2,60,0,232,1160,255,4.089,58,289.3,4.9879,True
"[2019, 2020, 2021, 2022, 2023, 2024, 2025]",2026,1,Tue,47,23:30,0.4,0.2,60,0,190,950,313,4.2633,3,-11.7,-3.9,False
[2019],2020,2,Wed,0,00:00,0.4,0.2,15,60,25,125,31,4.0806,177,26.2,0.148,True
"[2019, 2020]",2021,2,Wed,0,00:00,0.4,0.2,0,45,172,860,237,7.0726,220,586.0,2.6636,True
"[2019, 2020, 2021]",2022,2,Wed,0,00:00,0.4,0.2,0,50,150,750,457,5.472,163,937.9,5.754,True
"[2019, 2020, 2021, 2022]",2023,2,Wed,0,00:00,0.4,0.2,0,50,142,710,620,5.5621,209,1963.3,9.3938,True
"[2019, 2020, 2021, 2022, 2023]",2024,2,Wed,0,00:00,0.4,0.2,0,60,170,850,829,6.6624,208,2460.1,11.8274,True
"[2019, 2020, 2021, 2022, 2023, 2024]",2025,2,Wed,0,00:00,0.4,0.2,0,60,97,485,1037,7.8889,201,493.0,2.4527,True
"[2019, 2020, 2021, 2022, 2023, 2024, 2025]",2026,2,Wed,0,00:00,0.4,0.2,0,60,49,245,1238,7.0211,16,-65.5,-4.0937,False
[2019],2020,2,Wed,1,00:30,0.4,0.2,0,35,92,460,34,12.6794,126,136.1,1.0802,True
"[2019, 2020]",2021,2,Wed,1,00:30,0.4,0.2,0,50,398,1990,160,5.1069,154,575.5,3.737,True
"[2019, 2020, 2021]",2022,2,Wed,1,00:30,0.4,0.2,0,0,364,1820,314,4.5994,145,686.4,4.7338,True
"[2019, 2020, 2021, 2022]",2023,2,Wed,1,00:30,0.4,0.2,0,60,456,2280,459,5.042,156,783.5,5.0224,True
"[2019, 2020, 2021, 2022, 2023]",2024,2,Wed,1,00:30,0.4,0.2,60,60,444,2220,314,5.4513,81,709.9,8.7642,True
"[2019, 2020, 2021, 2022, 2023, 2024]",2025,2,Wed,1,00:30,0.4,0.2,30,0,372,1860,489,7.4622,107,458.0,4.2804,True
"[2019, 2020, 2021, 2022, 2023, 2024, 2025]",2026,2,Wed,1,00:30,0.4,0.2,30,0,372,1860,596,6.8909,6,-50.2,-8.3667,False
"[2019, 2020]",2021,2,Wed,2,01:00,0.4,0.2,55,45,129,645,115,10.5287,101,-1.6,-0.0158,False
"[2019, 2020, 2021]",2022,2,Wed,2,01:00,0.4,0.2,0,60,74,370,334,6.2671,168,570.8,3.3976,True
"[2019, 2020, 2021, 2022]",2023,2,Wed,2,01:00,0.4,0.2,0,45,140,700,502,6.4568,174,1091.2,6.2713,True
"[2019, 2020, 2021, 2022, 2023]",2024,2,Wed,2,01:00,0.4,0.2,0,0,126,630,676,6.8648,133,1345.1,10.1135,True
"[2019, 2020, 2021, 2022, 2023, 2024]",2025,2,Wed,2,01:00,0.4,0.2,0,0,156,780,809,7.5142,158,892.7,5.65,True
"[2019, 2020, 2021, 2022, 2023, 2024, 2025]",2026,2,Wed,2,01:00,0.4,0.2,0,0,151,755,967,7.2366,28,144.2,5.15,True
"[2019, 2020]",2021,2,Wed,3,01:30,0.4,0.2,60,45,137,685,65,9.34,77,236.7,3.074,True
"[2019, 2020, 2021]",2022,2,Wed,3,01:30,0.4,0.2,60,45,140,700,142,6.0282,65,-62.2,-0.9569,False
"[2019, 2020, 2021, 2022]",2023,2,Wed,3,01:30,0.4,0.2,0,0,409,2045,371,5.0434,142,255.6,1.8,True
"[2019, 2020, 2021, 2022, 2023]",2024,2,Wed,3,01:30,0.4,0.2,0,0,409,2045,513,4.1456,118,553.1,4.6873,True
"[2019, 2020, 2021, 2022, 2023, 2024]",2025,2,Wed,3,01:30,0.4,0.2,0,0,409,2045,631,4.2469,129,285.3,2.2116,True
"[2019, 2020, 2021, 2022, 2023, 2024, 2025]",2026,2,Wed,3,01:30,0.4,0.2,0,0,409,2045,760,3.9014,7,22.1,3.1571,True
"[2019, 2020]",2021,2,Wed,4,02:00,0.4,0.2,45,0,81,405,103,7.1301,94,-82.1,-0.8734,False
"[2019, 2020, 2021]",2022,2,Wed,4,02:00,0.4,0.2,0,0,163,815,279,4.1903,126,800.1,6.35,True
"[2019, 2020, 2021, 2022]",2023,2,Wed,4,02:00,0.4,0.2,0,0,272,1360,405,5.1017,115,894.1,7.7748,True
"[2019, 2020, 2021, 2022, 2023]",2024,2,Wed,4,02:00,0.4,0.2,0,0,245,1225,520,5.6965,115,658.2,5.7235,True
"[2019, 2020, 2021, 2022, 2023, 2024]",2025,2,Wed,4,02:00,0.4,0.2,0,0,214,1070,635,5.7359,140,664.5,4.7464,True
"[2019, 2020, 2021, 2022, 2023, 2024, 2025]",2026,2,Wed,4,02:00,0.4,0.2,0,0,214,1070,775,5.5572,10,203.1,20.31,True
"[2019, 2020]",2021,2,Wed,5,02:30,0.4,0.2,50,50,94,470,63,5.3556,61,8.9,0.1459,True
"[2019, 2020, 2021]",2022,2,Wed,5,02:30,0.4,0.2,40,50,96,480,133,3.3767,59,-120.4,-2.0407,False
"[2019, 2020, 2021, 2022]",2023,2,Wed,5,02:30,0.4,0.2,0,60,76,380,319,2.9944,121,167.5,1.3843,True
"[2019, 2020, 2021, 2022, 2023]",2024,2,Wed,5,02:30,0.4,0.2,0,0,155,775,440,3.3084,90,218.6,2.4289,True
"[2019, 2020, 2021, 2022, 2023, 2024]",2025,2,Wed,5,02:30,0.4,0.2,0,0,152,760,530,3.1719,102,150.8,1.4784,True
"[2019, 2020, 2021, 2022, 2023, 2024, 2025]",2026,2,Wed,5,02:30,0.4,0.2,0,0,164,820,632,2.9089,10,54.1,5.41,True
[2019],2020,2,Wed,6,03:00,0.4,0.2,0,60,62,310,16,2.8438,115,311.2,2.7061,True
"[2019, 2020]",2021,2,Wed,6,03:00,0.4,0.2,0,55,287,1435,131,6.1336,123,374.8,3.0472,True
"[2019, 2020, 2021]",2022,2,Wed,6,03:00,0.4,0.2,0,55,287,1435,254,4.639,132,423.4,3.2076,True
"[2019, 2020, 2021, 2022]",2023,2,Wed,6,03:00,0.4,0.2,0,45,287,1435,386,4.1927,116,383.9,3.3095,True
"[2019, 2020, 2021, 2022, 2023]",2024,2,Wed,6,03:00,0.4,0.2,60,0,80,400,253,4.7486,57,-59.0,-1.0351,False
"[2019, 2020, 2021, 2022, 2023, 2024]",2025,2,Wed,6,03:00,0.4,0.2,60,0,140,700,310,3.7068,68,-335.1,-4.9279,False
"[2019, 2020, 2021, 2022, 2023, 2024, 2025]",2026,2,Wed,6,03:00,0.4,0.2,0,20,287,1435,728,3.7315,17,86.7,5.1,True
[2019],2020,2,Wed,7,03:30,0.4,0.2,15,60,93,465,16,5.9312,89,472.0,5.3034,True
"[2019, 2020]",2021,2,Wed,7,03:30,0.4,0.2,50,55,272,1360,63,28.3365,41,72.0,1.7561,True
"[2019, 2020, 2021]",2022,2,Wed,7,03:30,0.4,0.2,50,55,272,1360,104,17.8577,58,-252.4,-4.3517,False
"[2019, 2020, 2021, 2022]",2023,2,Wed,7,03:30,0.4,0.2,60,15,270,1350,147,9.9966,52,362.9,6.9788,True
"[2019, 2020, 2021, 2022, 2023]",2024,2,Wed,7,03:30,0.4,0.2,60,15,270,1350,199,9.208,41,628.5,15.3293,True
"[2019, 2020, 2021, 2022, 2023, 2024]",2025,2,Wed,7,03:30,0.4,0.2,60,15,270,1350,240,10.2537,51,437.6,8.5804,True
[2019],2020,2,Wed,8,04:00,0.4,0.2,60,25,175,875,17,6.2706,81,755.4,9.3259,True
"[2019, 2020]",2021,2,Wed,8,04:00,0.4,0.2,60,0,91,455,98,13.2439,96,489.2,5.0958,True
"[2019, 2020, 2021]",2022,2,Wed,8,04:00,0.4,0.2,60,0,91,455,194,9.2119,103,366.9,3.5621,True
"[2019, 2020, 2021, 2022]",2023,2,Wed,8,04:00,0.4,0.2,60,0,440,2200,297,7.6256,90,501.9,5.5767,True
"[2019, 2020, 2021, 2022, 2023]",2024,2,Wed,8,04:00,0.4,0.2,0,60,117,585,672,8.3229,134,3477.4,25.9507,True
"[2019, 2020, 2021, 2022, 2023, 2024]",2025,2,Wed,8,04:00,0.4,0.2,0,60,115,575,806,11.2757,158,1840.5,11.6487,True
"[2019, 2020, 2021, 2022, 2023, 2024, 2025]",2026,2,Wed,8,04:00,0.4,0.2,5,60,114,570,925,11.365,17,-7.4,-0.4353,False
"[2019, 2020]",2021,2,Wed,9,04:30,0.4,0.2,40,60,146,730,64,12.2781,54,124.3,2.3019,True
"[2019, 2020, 2021]",2022,2,Wed,9,04:30,0.4,0.2,40,45,91,455,118,8.9254,62,97.8,1.5774,True
"[2019, 2020, 2021, 2022]",2023,2,Wed,9,04:30,0.4,0.2,45,30,96,480,166,6.9428,53,439.6,8.2943,True
"[2019, 2020, 2021, 2022, 2023]",2024,2,Wed,9,04:30,0.4,0.2,45,30,99,495,219,7.6612,62,340.8,5.4968,True
"[2019, 2020, 2021, 2022, 2023, 2024]",2025,2,Wed,9,04:30,0.4,0.2,60,0,218,1090,238,8.9752,48,394.2,8.2125,True
"[2019, 2020, 2021, 2022, 2023, 2024, 2025]",2026,2,Wed,9,04:30,0.4,0.2,60,0,218,1090,286,8.8472,6,80.1,13.35,True
"[2019, 2020]",2021,2,Wed,10,05:00,0.4,0.2,60,60,78,390,77,9.987,64,-148.0,-2.3125,False
"[2019, 2020, 2021]",2022,2,Wed,10,05:00,0.4,0.2,60,0,103,515,141,6.7745,84,273.9,3.2607,True
"[2019, 2020, 2021, 2022]",2023,2,Wed,10,05:00,0.4,0.2,60,0,103,515,225,5.4627,69,375.4,5.4406,True
"[2019, 2020, 2021, 2022, 2023]",2024,2,Wed,10,05:00,0.4,0.2,60,0,103,515,294,5.4575,58,269.8,4.6517,True
"[2019, 2020, 2021, 2022, 2023, 2024]",2025,2,Wed,10,05:00,0.4,0.2,60,0,103,515,352,5.3247,71,160.0,2.2535,True
"[2019, 2020, 2021, 2022, 2023, 2024, 2025]",2026,2,Wed,10,05:00,0.4,0.2,60,0,103,515,423,4.8092,13,41.7,3.2077,True
"[2019, 2020]",2021,2,Wed,11,05:30,0.4,0.2,60,30,246,1230,69,47.7971,50,172.1,3.442,True
"[2019, 2020, 2021]",2022,2,Wed,11,05:30,0.4,0.2,60,30,246,1230,119,29.1605,54,439.9,8.1463,True
"[2019, 2020, 2021, 2022]",2023,2,Wed,11,05:30,0.4,0.2,60,30,246,1230,173,22.6012,55,145.4,2.6436,True
"[2019, 2020, 2021, 2022, 2023]",2024,2,Wed,11,05:30,0.4,0.2,60,0,245,1225,228,19.0654,59,348.5,5.9068,True
"[2019, 2020, 2021, 2022, 2023, 2024]",2025,2,Wed,11,05:30,0.4,0.2,60,0,245,1225,287,16.3603,49,407.3,8.3122,True
[2019],2020,2,Wed,12,06:00,0.4,0.2,20,60,18,90,23,5.4739,163,150.5,0.9233,True
"[2019, 2020]",2021,2,Wed,12,06:00,0.4,0.2,0,0,107,535,222,7.1032,183,1112.7,6.0803,True
"[2019, 2020, 2021]",2022,2,Wed,12,06:00,0.4,0.2,0,0,116,580,405,6.699,214,1884.3,8.8051,True
"[2019, 2020, 2021, 2022]",2023,2,Wed,12,06:00,0.4,0.2,0,0,107,535,619,7.462,167,832.9,4.9874,True
"[2019, 2020, 2021, 2022, 2023]",2024,2,Wed,12,06:00,0.4,0.2,0,0,107,535,786,6.9363,142,1360.5,9.581,True
"[2019, 2020, 2021, 2022, 2023, 2024]",2025,2,Wed,12,06:00,0.4,0.2,0,5,228,1140,928,7.7226,161,905.6,5.6248,True
"[2019, 2020, 2021, 2022, 2023, 2024, 2025]",2026,2,Wed,12,06:00,0.4,0.2,0,5,228,1140,1089,7.4125,11,-45.5,-4.1364,False
[2019],2020,2,Wed,13,06:30,0.4,0.2,0,50,12,60,21,1.4524,116,162.5,1.4009,True
"[2019, 2020]",2021,2,Wed,13,06:30,0.4,0.2,25,25,216,1080,101,13.5891,103,30.0,0.2913,True
"[2019, 2020, 2021]",2022,2,Wed,13,06:30,0.4,0.2,30,0,155,775,187,7.6091,66,606.1,9.1833,True
"[2019, 2020, 2021, 2022]",2023,2,Wed,13,06:30,0.4,0.2,30,0,156,780,253,8.0431,70,347.6,4.9657,True
"[2019, 2020, 2021, 2022, 2023]",2024,2,Wed,13,06:30,0.4,0.2,40,0,150,750,295,7.3834,81,1571.9,19.4062,True
"[2019, 2020, 2021, 2022, 2023, 2024]",2025,2,Wed,13,06:30,0.4,0.2,40,0,213,1065,376,10.3729,72,296.4,4.1167,True
[2019],2020,2,Wed,14,07:00,0.4,0.2,0,0,101,505,30,6.94,172,1545.2,8.9837,True
"[2019, 2020]",2021,2,Wed,14,07:00,0.4,0.2,0,0,246,1230,202,9.9485,194,1605.6,8.2763,True
"[2019, 2020, 2021]",2022,2,Wed,14,07:00,0.4,0.2,0,0,226,1130,396,9.1836,191,1551.5,8.123,True
"[2019, 2020, 2021, 2022]",2023,2,Wed,14,07:00,0.4,0.2,0,0,226,1130,587,8.8385,140,1423.8,10.17,True
"[2019, 2020, 2021, 2022, 2023]",2024,2,Wed,14,07:00,0.4,0.2,0,0,126,630,727,9.2425,169,613.0,3.6272,True
"[2019, 2020, 2021, 2022, 2023, 2024]",2025,2,Wed,14,07:00,0.4,0.2,0,0,122,610,896,8.2049,192,1736.7,9.0453,True
"[2019, 2020, 2021, 2022, 2023, 2024, 2025]",2026,2,Wed,14,07:00,0.4,0.2,0,0,125,625,1088,8.356,14,6.4,0.4571,True
[2019],2020,2,Wed,15,07:30,0.4,0.2,0,60,70,350,24,12.6083,107,646.9,6.0458,True
"[2019, 2020]",2021,2,Wed,15,07:30,0.4,0.2,0,0,354,1770,131,11.855,137,1056.0,7.708,True
"[2019, 2020, 2021]",2022,2,Wed,15,07:30,0.4,0.2,0,0,354,1770,268,9.7351,142,1167.2,8.2197,True
"[2019, 2020, 2021, 2022]",2023,2,Wed,15,07:30,0.4,0.2,0,0,354,1770,410,9.2102,150,1407.2,9.3813,True
"[2019, 2020, 2021, 2022, 2023]",2024,2,Wed,15,07:30,0.4,0.2,0,0,354,1770,560,9.2561,126,828.1,6.5722,True
"[2019, 2020, 2021, 2022, 2023, 2024]",2025,2,Wed,15,07:30,0.4,0.2,0,0,354,1770,686,8.7631,117,669.7,5.7239,True
"[2019, 2020, 2021, 2022, 2023, 2024, 2025]",2026,2,Wed,15,07:30,0.4,0.2,0,0,354,1770,803,8.3203,11,38.3,3.4818,True
[2019],2020,2,Wed,16,08:00,0.4,0.2,0,40,170,850,30,13.45,178,1401.1,7.8713,True
"[2019, 2020]",2021,2,Wed,16,08:00,0.4,0.2,0,10,139,695,208,9.6572,168,992.5,5.9077,True
"[2019, 2020, 2021]",2022,2,Wed,16,08:00,0.4,0.2,0,0,263,1315,376,8.7758,228,2932.4,12.8614,True
"[2019, 2020, 2021, 2022]",2023,2,Wed,16,08:00,0.4,0.2,0,50,140,700,604,11.297,164,2968.2,18.0988,True
"[2019, 2020, 2021, 2022, 2023]",2024,2,Wed,16,08:00,0.4,0.2,0,50,140,700,768,12.7495,167,1555.9,9.3168,True
"[2019, 2020, 2021, 2022, 2023, 2024]",2025,2,Wed,16,08:00,0.4,0.2,0,50,140,700,935,12.1364,166,826.7,4.9801,True
"[2019, 2020, 2021, 2022, 2023, 2024, 2025]",2026,2,Wed,16,08:00,0.4,0.2,0,50,145,725,1101,11.0693,22,274.6,12.4818,True
[2019],2020,2,Wed,17,08:30,0.4,0.2,5,60,75,375,18,16.2389,118,801.1,6.789,True
"[2019, 2020]",2021,2,Wed,17,08:30,0.4,0.2,40,30,170,850,90,11.5267,58,-78.5,-1.3534,False
"[2019, 2020, 2021]",2022,2,Wed,17,08:30,0.4,0.2,60,0,166,830,125,7.8848,64,253.0,3.9531,True
"[2019, 2020, 2021, 2022]",2023,2,Wed,17,08:30,0.4,0.2,60,0,120,600,189,6.6228,66,1263.2,19.1394,True
"[2019, 2020, 2021, 2022, 2023]",2024,2,Wed,17,08:30,0.4,0.2,60,0,256,1280,255,10.7204,48,41.6,0.8667,True
"[2019, 2020, 2021, 2022, 2023, 2024]",2025,2,Wed,17,08:30,0.4,0.2,60,0,323,1615,303,9.397,73,61.5,0.8425,True
[2019],2020,2,Wed,18,09:00,0.4,0.2,0,60,122,610,24,10.1958,127,1611.1,12.6858,True
"[2019, 2020]",2021,2,Wed,18,09:00,0.4,0.2,0,0,120,600,151,14.4894,125,269.7,2.1576,True
"[2019, 2020, 2021]",2022,2,Wed,18,09:00,0.4,0.2,0,0,120,600,276,8.9043,146,1311.0,8.9795,True
"[2019, 2020, 2021, 2022]",2023,2,Wed,18,09:00,0.4,0.2,0,0,120,600,422,8.9303,140,2488.3,17.7736,True
"[2019, 2020, 2021, 2022, 2023]",2024,2,Wed,18,09:00,0.4,0.2,0,0,89,445,562,11.5801,117,717.4,6.1316,True
"[2019, 2020, 2021, 2022, 2023, 2024]",2025,2,Wed,18,09:00,0.4,0.2,0,0,89,445,679,10.6412,140,793.4,5.6671,True
"[2019, 2020, 2021, 2022, 2023, 2024, 2025]",2026,2,Wed,18,09:00,0.4,0.2,0,0,407,2035,819,10.0391,15,122.7,8.18,True
[2019],2020,2,Wed,19,09:30,0.4,0.2,15,60,264,1320,17,22.6647,68,226.6,3.3324,True
"[2019, 2020]",2021,2,Wed,19,09:30,0.4,0.2,35,0,77,385,63,12.0937,78,77.4,0.9923,True
"[2019, 2020, 2021]",2022,2,Wed,19,09:30,0.4,0.2,35,0,73,365,141,6.0752,75,587.9,7.8387,True
"[2019, 2020, 2021, 2022]",2023,2,Wed,19,09:30,0.4,0.2,30,0,80,400,226,6.8845,53,376.9,7.1113,True
"[2019, 2020, 2021, 2022, 2023]",2024,2,Wed,19,09:30,0.4,0.2,30,0,80,400,279,6.9276,52,110.1,2.1173,True
"[2019, 2020, 2021, 2022, 2023, 2024]",2025,2,Wed,19,09:30,0.4,0.2,30,0,80,400,331,6.1719,63,-42.6,-0.6762,False
"[2019, 2020, 2021, 2022, 2023, 2024, 2025]",2026,2,Wed,19,09:30,0.4,0.2,30,0,81,405,394,5.086,4,-26.8,-6.7,False
[2019],2020,2,Wed,20,10:00,0.4,0.2,35,50,198,990,18,9.2167,109,1043.3,9.5716,True
"[2019, 2020]",2021,2,Wed,20,10:00,0.4,0.2,55,60,279,1395,94,15.6309,77,307.3,3.9909,True
"[2019, 2020, 2021]",2022,2,Wed,20,10:00,0.4,0.2,45,60,299,1495,189,10.6757,83,-559.5,-6.741,False
"[2019, 2020, 2021, 2022]",2023,2,Wed,20,10:00,0.4,0.2,0,15,257,1285,427,7.8393,128,1251.1,9.7742,True
"[2019, 2020, 2021, 2022, 2023]",2024,2,Wed,20,10:00,0.4,0.2,0,15,257,1285,555,8.2856,127,358.1,2.8197,True
"[2019, 2020, 2021, 2022, 2023, 2024]",2025,2,Wed,20,10:00,0.4,0.2,0,15,257,1285,682,7.2677,105,599.4,5.7086,True
"[2019, 2020, 2021, 2022, 2023, 2024, 2025]",2026,2,Wed,20,10:00,0.4,0.2,0,15,257,1285,787,7.0597,8,22.4,2.8,True
"[2019, 2020]",2021,2,Wed,21,10:30,0.4,0.2,0,15,75,375,124,9.9355,115,104.7,0.9104,True
"[2019, 2020, 2021]",2022,2,Wed,21,10:30,0.4,0.2,0,0,262,1310,239,7.0038,92,1028.9,11.1837,True
"[2019, 2020, 2021, 2022]",2023,2,Wed,21,10:30,0.4,0.2,0,0,97,485,331,8.5205,101,1009.3,9.9931,True
"[2019, 2020, 2021, 2022, 2023]",2024,2,Wed,21,10:30,0.4,0.2,0,0,97,485,432,8.8648,96,1043.6,10.8708,True
"[2019, 2020, 2021, 2022, 2023, 2024]",2025,2,Wed,21,10:30,0.4,0.2,35,0,282,1410,346,9.6855,59,-97.4,-1.6508,False
[2019],2020,2,Wed,22,11:00,0.4,0.2,0,20,48,240,21,5.7238,120,866.3,7.2192,True
"[2019, 2020]",2021,2,Wed,22,11:00,0.4,0.2,60,0,309,1545,73,14.7986,87,425.5,4.8908,True
"[2019, 2020, 2021]",2022,2,Wed,22,11:00,0.4,0.2,0,0,321,1605,285,9.7726,128,893.3,6.9789,True
"[2019, 2020, 2021, 2022]",2023,2,Wed,22,11:00,0.4,0.2,60,0,309,1545,221,9.4271,69,540.4,7.8319,True
"[2019, 2020, 2021, 2022, 2023]",2024,2,Wed,22,11:00,0.4,0.2,60,0,535,2675,290,9.4638,73,186.0,2.5479,True
"[2019, 2020, 2021, 2022, 2023, 2024]",2025,2,Wed,22,11:00,0.4,0.2,60,0,535,2675,363,8.073,66,81.8,1.2394,True
"[2019, 2020, 2021, 2022, 2023, 2024, 2025]",2026,2,Wed,22,11:00,0.4,0.2,0,0,547,2735,813,7.5311,13,40.8,3.1385,True
[2019],2020,2,Wed,23,11:30,0.4,0.2,15,60,192,960,15,2.88,68,-229.8,-3.3794,False
"[2019, 2020]",2021,2,Wed,23,11:30,0.4,0.2,0,0,82,410,105,6.3667,94,688.5,7.3245,True
"[2019, 2020, 2021]",2022,2,Wed,23,11:30,0.4,0.2,30,0,77,385,119,7.3983,70,386.9,5.5271,True
"[2019, 2020, 2021, 2022]",2023,2,Wed,23,11:30,0.4,0.2,55,0,83,415,147,8.0061,59,322.2,5.461,True
"[2019, 2020, 2021, 2022, 2023]",2024,2,Wed,23,11:30,0.4,0.2,55,0,348,1740,206,8.4956,47,103.5,2.2021,True
"[2019, 2020, 2021, 2022, 2023, 2024]",2025,2,Wed,23,11:30,0.4,0.2,55,0,348,1740,253,7.3265,31,24.8,0.8,True
"[2019, 2020, 2021, 2022, 2023, 2024, 2025]",2026,2,Wed,23,11:30,0.4,0.2,55,0,348,1740,284,6.6141,5,-36.1,-7.22,False
[2019],2020,2,Wed,24,12:00,0.4,0.2,20,20,65,325,21,4.1,146,1974.4,13.5233,True
"[2019, 2020]",2021,2,Wed,24,12:00,0.4,0.2,0,60,168,840,200,18.756,182,3197.7,17.5698,True
"[2019, 2020, 2021]",2022,2,Wed,24,12:00,0.4,0.2,0,60,168,840,382,18.1908,160,2205.8,13.7862,True
"[2019, 2020, 2021, 2022]",2023,2,Wed,24,12:00,0.4,0.2,0,60,168,840,542,16.8906,177,3289.8,18.5864,True
"[2019, 2020, 2021, 2022, 2023]",2024,2,Wed,24,12:00,0.4,0.2,0,60,228,1140,719,17.4324,145,1791.2,12.3531,True
"[2019, 2020, 2021, 2022, 2023, 2024]",2025,2,Wed,24,12:00,0.4,0.2,0,60,267,1335,864,16.702,161,1751.1,10.8764,True
"[2019, 2020, 2021, 2022, 2023, 2024, 2025]",2026,2,Wed,24,12:00,0.4,0.2,0,60,285,1425,1025,15.7952,18,59.4,3.3,True
[2019],2020,2,Wed,25,12:30,0.4,0.2,15,0,22,110,16,6.0062,95,890.3,9.3716,True
"[2019, 2020]",2021,2,Wed,25,12:30,0.4,0.2,0,0,252,1260,137,13.535,163,1091.0,6.6933,True
"[2019, 2020, 2021]",2022,2,Wed,25,12:30,0.4,0.2,0,0,260,1300,300,9.8747,132,1108.3,8.3962,True
"[2019, 2020, 2021, 2022]",2023,2,Wed,25,12:30,0.4,0.2,0,0,260,1300,432,9.4229,119,1388.1,11.6647,True
"[2019, 2020, 2021, 2022, 2023]",2024,2,Wed,25,12:30,0.4,0.2,45,0,245,1225,313,10.1649,104,383.6,3.6885,True
"[2019, 2020, 2021, 2022, 2023, 2024]",2025,2,Wed,25,12:30,0.4,0.2,0,0,254,1270,720,8.8817,171,1241.0,7.2573,True
"[2019, 2020, 2021, 2022, 2023, 2024, 2025]",2026,2,Wed,25,12:30,0.4,0.2,0,0,254,1270,891,8.5699,9,66.5,7.3889,True
[2019],2020,2,Wed,26,13:00,0.4,0.2,40,60,213,1065,15,14.4867,96,597.9,6.2281,True
"[2019, 2020]",2021,2,Wed,26,13:00,0.4,0.2,15,30,126,630,137,11.8883,144,567.8,3.9431,True
"[2019, 2020, 2021]",2022,2,Wed,26,13:00,0.4,0.2,0,30,130,650,347,8.9689,156,906.5,5.8109,True
"[2019, 2020, 2021, 2022]",2023,2,Wed,26,13:00,0.4,0.2,0,35,297,1485,503,8.3483,157,1548.6,9.8637,True
"[2019, 2020, 2021, 2022, 2023]",2024,2,Wed,26,13:00,0.4,0.2,0,35,167,835,660,8.7767,138,851.7,6.1717,True
"[2019, 2020, 2021, 2022, 2023, 2024]",2025,2,Wed,26,13:00,0.4,0.2,0,35,291,1455,798,8.4967,184,1624.0,8.8261,True
"[2019, 2020, 2021, 2022, 2023, 2024, 2025]",2026,2,Wed,26,13:00,0.4,0.2,0,35,167,835,982,8.5722,14,-77.0,-5.5,False
[2019],2020,2,Wed,27,13:30,0.4,0.2,0,25,171,855,16,6.1375,132,613.5,4.6477,True
"[2019, 2020]",2021,2,Wed,27,13:30,0.4,0.2,20,30,256,1280,105,6.9914,113,294.7,2.608,True
"[2019, 2020, 2021]",2022,2,Wed,27,13:30,0.4,0.2,0,0,262,1310,287,6.9244,160,2009.9,12.5619,True
"[2019, 2020, 2021, 2022]",2023,2,Wed,27,13:30,0.4,0.2,0,0,337,1685,447,8.9872,145,992.8,6.8469,True
"[2019, 2020, 2021, 2022, 2023]",2024,2,Wed,27,13:30,0.4,0.2,0,0,337,1685,592,8.463,128,408.6,3.1922,True
"[2019, 2020, 2021, 2022, 2023, 2024]",2025,2,Wed,27,13:30,0.4,0.2,0,0,337,1685,720,7.526,156,776.8,4.9795,True
"[2019, 2020, 2021, 2022, 2023, 2024, 2025]",2026,2,Wed,27,13:30,0.4,0.2,0,0,337,1685,876,7.0725,13,148.6,11.4308,True
[2019],2020,2,Wed,28,14:00,0.4,0.2,5,45,151,755,28,14.3857,120,-55.2,-0.46,False
"[2019, 2020]",2021,2,Wed,28,14:00,0.4,0.2,0,0,48,240,151,7.6245,131,1030.4,7.8656,True
"[2019, 2020, 2021]",2022,2,Wed,28,14:00,0.4,0.2,0,0,299,1495,282,9.4787,140,1733.1,12.3793,True
"[2019, 2020, 2021, 2022]",2023,2,Wed,28,14:00,0.4,0.2,0,0,308,1540,422,10.4654,148,1287.4,8.6986,True
"[2019, 2020, 2021, 2022, 2023]",2024,2,Wed,28,14:00,0.4,0.2,0,0,308,1540,570,10.0067,152,1768.2,11.6329,True
"[2019, 2020, 2021, 2022, 2023, 2024]",2025,2,Wed,28,14:00,0.4,0.2,0,0,308,1540,722,10.349,135,1823.4,13.5067,True
"[2019, 2020, 2021, 2022, 2023, 2024, 2025]",2026,2,Wed,28,14:00,0.4,0.2,0,0,299,1495,857,10.8604,19,246.2,12.9579,True
"[2019, 2020]",2021,2,Wed,29,14:30,0.4,0.2,50,60,256,1280,76,6.2711,68,231.9,3.4103,True
"[2019, 2020, 2021]",2022,2,Wed,29,14:30,0.4,0.2,0,0,306,1530,236,7.6602,150,1345.5,8.97,True
"[2019, 2020, 2021, 2022]",2023,2,Wed,29,14:30,0.4,0.2,0,0,308,1540,386,8.178,115,441.6,3.84,True
"[2019, 2020, 2021, 2022, 2023]",2024,2,Wed,29,14:30,0.4,0.2,0,0,308,1540,501,7.1822,121,1173.5,9.6983,True
"[2019, 2020, 2021, 2022, 2023, 2024]",2025,2,Wed,29,14:30,0.4,0.2,0,0,308,1540,622,7.6717,144,959.4,6.6625,True
"[2019, 2020, 2021, 2022, 2023, 2024, 2025]",2026,2,Wed,29,14:30,0.4,0.2,0,0,308,1540,766,7.482,16,256.6,16.0375,True
"[2019, 2020]",2021,2,Wed,30,15:00,0.4,0.2,0,0,349,1745,116,11.8155,112,762.8,6.8107,True
"[2019, 2020, 2021]",2022,2,Wed,30,15:00,0.4,0.2,0,0,349,1745,228,9.357,141,1781.5,12.6348,True
"[2019, 2020, 2021, 2022]",2023,2,Wed,30,15:00,0.4,0.2,0,0,349,1745,369,10.6095,109,1274.6,11.6936,True
"[2019, 2020, 2021, 2022, 2023]",2024,2,Wed,30,15:00,0.4,0.2,0,0,349,1745,478,10.8567,140,2023.9,14.4564,True
"[2019, 2020, 2021, 2022, 2023, 2024]",2025,2,Wed,30,15:00,0.4,0.2,0,0,349,1745,618,11.6722,143,892.9,6.2441,True
"[2019, 2020, 2021, 2022, 2023, 2024, 2025]",2026,2,Wed,30,15:00,0.4,0.2,0,0,349,1745,761,10.6522,15,178.6,11.9067,True
[2019],2020,2,Wed,31,15:30,0.4,0.2,15,0,192,960,15,19.1933,74,659.5,8.9122,True
"[2019, 2020]",2021,2,Wed,31,15:30,0.4,0.2,45,0,423,2115,68,15.9603,57,72.9,1.2789,True
"[2019, 2020, 2021]",2022,2,Wed,31,15:30,0.4,0.2,0,0,432,2160,208,9.563,109,565.0,5.1835,True
"[2019, 2020, 2021, 2022]",2023,2,Wed,31,15:30,0.4,0.2,0,0,432,2160,317,8.0571,113,743.2,6.577,True
"[2019, 2020, 2021, 2022, 2023]",2024,2,Wed,31,15:30,0.4,0.2,0,0,432,2160,430,7.6681,77,171.5,2.2273,True
"[2019, 2020, 2021, 2022, 2023, 2024]",2025,2,Wed,31,15:30,0.4,0.2,0,0,432,2160,507,6.8418,103,378.2,3.6718,True
"[2019, 2020, 2021, 2022, 2023, 2024, 2025]",2026,2,Wed,31,15:30,0.4,0.2,0,0,432,2160,610,6.3066,8,2.6,0.325,True
[2019],2020,2,Wed,32,16:00,0.4,0.2,0,30,59,295,20,6.38,138,1177.6,8.5333,True
"[2019, 2020]",2021,2,Wed,32,16:00,0.4,0.2,0,35,42,210,158,10.9475,105,748.0,7.1238,True
"[2019, 2020, 2021]",2022,2,Wed,32,16:00,0.4,0.2,0,35,49,245,263,9.7392,157,1356.3,8.6389,True
"[2019, 2020, 2021, 2022]",2023,2,Wed,32,16:00,0.4,0.2,0,0,290,1450,420,12.9583,132,1212.9,9.1886,True
"[2019, 2020, 2021, 2022, 2023]",2024,2,Wed,32,16:00,0.4,0.2,0,0,290,1450,552,12.0569,120,924.7,7.7058,True
"[2019, 2020, 2021, 2022, 2023, 2024]",2025,2,Wed,32,16:00,0.4,0.2,0,0,290,1450,672,11.2799,124,1888.8,15.2323,True
"[2019, 2020, 2021, 2022, 2023, 2024, 2025]",2026,2,Wed,32,16:00,0.4,0.2,0,60,290,1450,796,12.4673,10,-18.5,-1.85,False
[2019],2020,2,Wed,33,16:30,0.4,0.2,0,0,135,675,19,3.0158,77,502.0,6.5195,True
"[2019, 2020]",2021,2,Wed,33,16:30,0.4,0.2,0,5,335,1675,96,6.8823,86,99.6,1.1581,True
"[2019, 2020, 2021]",2022,2,Wed,33,16:30,0.4,0.2,0,5,335,1675,182,4.1775,91,376.1,4.133,True
"[2019, 2020, 2021, 2022]",2023,2,Wed,33,16:30,0.4,0.2,0,60,556,2780,273,4.6835,94,-85.4,-0.9085,False
"[2019, 2020, 2021, 2022, 2023]",2024,2,Wed,33,16:30,0.4,0.2,0,60,32,160,367,3.5501,80,-93.8,-1.1725,False
"[2019, 2020, 2021, 2022, 2023, 2024]",2025,2,Wed,33,16:30,0.4,0.2,0,60,47,235,447,3.4738,97,281.8,2.9052,True
"[2019, 2020, 2021, 2022, 2023, 2024, 2025]",2026,2,Wed,33,16:30,0.4,0.2,0,0,232,1160,544,4.4564,8,14.7,1.8375,True
"[2019, 2020]",2021,2,Wed,34,17:00,0.4,0.2,0,15,108,540,107,4.4682,96,526.0,5.4792,True
"[2019, 2020, 2021]",2022,2,Wed,34,17:00,0.4,0.2,5,60,37,185,194,5.8485,112,362.9,3.2402,True
"[2019, 2020, 2021, 2022]",2023,2,Wed,34,17:00,0.4,0.2,0,20,249,1245,322,5.5236,110,168.5,1.5318,True
"[2019, 2020, 2021, 2022, 2023]",2024,2,Wed,34,17:00,0.4,0.2,0,20,249,1245,432,4.5072,109,431.1,3.955,True
"[2019, 2020, 2021, 2022, 2023, 2024]",2025,2,Wed,34,17:00,0.4,0.2,0,20,249,1245,541,4.3959,129,772.3,5.9868,True
"[2019, 2020, 2021, 2022, 2023, 2024, 2025]",2026,2,Wed,34,17:00,0.4,0.2,0,0,38,190,670,5.1936,14,44.9,3.2071,True
"[2019, 2020]",2021,2,Wed,35,17:30,0.4,0.2,0,60,237,1185,90,4.28,112,-312.2,-2.7875,False
"[2019, 2020, 2021]",2022,2,Wed,35,17:30,0.4,0.2,30,60,231,1155,116,3.675,55,-461.7,-8.3945,False
"[2019, 2020, 2021, 2022]",2023,2,Wed,35,17:30,0.4,0.2,15,0,240,1200,227,0.9414,58,138.8,2.3931,True
"[2019, 2020, 2021, 2022, 2023]",2024,2,Wed,35,17:30,0.4,0.2,15,0,240,1200,285,1.2368,61,-20.4,-0.3344,False
"[2019, 2020, 2021, 2022, 2023, 2024]",2025,2,Wed,35,17:30,0.4,0.2,20,15,161,805,319,1.5119,75,-132.1,-1.7613,False
"[2019, 2020, 2021, 2022, 2023, 2024, 2025]",2026,2,Wed,35,17:30,0.4,0.2,15,60,464,2320,424,1.6575,10,194.9,19.49,True
"[2019, 2020]",2021,2,Wed,36,18:00,0.4,0.2,0,10,89,445,116,5.4422,130,366.8,2.8215,True
"[2019, 2020, 2021]",2022,2,Wed,36,18:00,0.4,0.2,0,0,269,1345,246,5.0484,139,298.5,2.1475,True
"[2019, 2020, 2021, 2022]",2023,2,Wed,36,18:00,0.4,0.2,0,0,269,1345,385,4.001,135,847.1,6.2748,True
"[2019, 2020, 2021, 2022, 2023]",2024,2,Wed,36,18:00,0.4,0.2,0,0,269,1345,520,4.5913,116,258.4,2.2276,True
"[2019, 2020, 2021, 2022, 2023, 2024]",2025,2,Wed,36,18:00,0.4,0.2,0,0,179,895,636,4.2102,121,760.0,6.281,True
"[2019, 2020, 2021, 2022, 2023, 2024, 2025]",2026,2,Wed,36,18:00,0.4,0.2,0,0,179,895,757,4.5412,11,179.7,16.3364,True
"[2019, 2020]",2021,2,Wed,37,18:30,0.4,0.2,0,60,362,1810,110,5.5527,103,383.1,3.7194,True
"[2019, 2020, 2021]",2022,2,Wed,37,18:30,0.4,0.2,35,30,364,1820,125,6.2424,94,896.8,9.5404,True
"[2019, 2020, 2021, 2022]",2023,2,Wed,37,18:30,0.4,0.2,30,0,356,1780,233,9.0086,87,81.1,0.9322,True
"[2019, 2020, 2021, 2022, 2023]",2024,2,Wed,37,18:30,0.4,0.2,0,0,362,1810,492,7.7289,104,667.8,6.4212,True
"[2019, 2020, 2021, 2022, 2023, 2024]",2025,2,Wed,37,18:30,0.4,0.2,0,0,362,1810,596,7.5007,100,382.4,3.824,True
"[2019, 2020, 2021, 2022, 2023, 2024, 2025]",2026,2,Wed,37,18:30,0.4,0.2,0,0,352,1760,696,6.9822,10,-10.5,-1.05,False
[2019],2020,2,Wed,38,19:00,0.4,0.2,5,60,258,1290,20,16.57,120,240.6,2.005,True
"[2019, 2020]",2021,2,Wed,38,19:00,0.4,0.2,5,60,350,1750,140,4.405,119,426.7,3.5857,True
"[2019, 2020, 2021]",2022,2,Wed,38,19:00,0.4,0.2,5,40,168,840,259,4.6815,121,607.7,5.0223,True
"[2019, 2020, 2021, 2022]",2023,2,Wed,38,19:00,0.4,0.2,0,0,169,845,400,5.6542,121,1063.1,8.786,True
"[2019, 2020, 2021, 2022, 2023]",2024,2,Wed,38,19:00,0.4,0.2,0,0,271,1355,521,6.4107,116,1286.6,11.0914,True
"[2019, 2020, 2021, 2022, 2023, 2024]",2025,2,Wed,38,19:00,0.4,0.2,0,0,271,1355,637,7.2631,102,97.5,0.9559,True
"[2019, 2020, 2021, 2022, 2023, 2024, 2025]",2026,2,Wed,38,19:00,0.4,0.2,0,0,271,1355,739,6.3926,19,194.3,10.2263,True
"[2019, 2020]",2021,2,Wed,39,19:30,0.4,0.2,60,45,339,1695,46,22.2935,53,-326.7,-6.1642,False
"[2019, 2020, 2021]",2022,2,Wed,39,19:30,0.4,0.2,60,0,339,1695,99,8.1273,44,-151.0,-3.4318,False
"[2019, 2020, 2021, 2022]",2023,2,Wed,39,19:30,0.4,0.2,60,0,339,1695,143,4.5706,56,84.4,1.5071,True
"[2019, 2020, 2021, 2022, 2023]",2024,2,Wed,39,19:30,0.4,0.2,0,0,351,1755,412,4.5743,96,618.2,6.4396,True
"[2019, 2020, 2021, 2022, 2023, 2024]",2025,2,Wed,39,19:30,0.4,0.2,0,0,350,1750,508,4.9313,89,411.4,4.6225,True
"[2019, 2020, 2021, 2022, 2023, 2024, 2025]",2026,2,Wed,39,19:30,0.4,0.2,0,0,350,1750,597,4.8853,11,159.5,14.5,True
[2019],2020,2,Wed,40,20:00,0.4,0.2,60,60,22,110,15,2.6133,75,-468.7,-6.2493,False
"[2019, 2020]",2021,2,Wed,40,20:00,0.4,0.2,0,60,278,1390,148,3.875,109,110.3,1.0119,True
"[2019, 2020, 2021]",2022,2,Wed,40,20:00,0.4,0.2,0,60,45,225,257,2.8907,130,86.2,0.6631,True
"[2019, 2020, 2021, 2022]",2023,2,Wed,40,20:00,0.4,0.2,0,60,138,690,387,3.4292,118,973.2,8.2475,True
"[2019, 2020, 2021, 2022, 2023]",2024,2,Wed,40,20:00,0.4,0.2,0,60,138,690,505,4.555,99,496.9,5.0192,True
"[2019, 2020, 2021, 2022, 2023, 2024]",2025,2,Wed,40,20:00,0.4,0.2,0,60,138,690,604,4.6311,121,543.0,4.4876,True
"[2019, 2020, 2021, 2022, 2023, 2024, 2025]",2026,2,Wed,40,20:00,0.4,0.2,0,60,143,715,725,4.6459,12,-46.8,-3.9,False
"[2019, 2020]",2021,2,Wed,41,20:30,0.4,0.2,0,55,240,1200,106,8.0642,100,-259.9,-2.599,False
"[2019, 2020, 2021]",2022,2,Wed,41,20:30,0.4,0.2,0,55,240,1200,206,2.8879,102,-178.3,-1.748,False
"[2019, 2020, 2021, 2022]",2023,2,Wed,41,20:30,0.4,0.2,0,55,240,1200,308,1.3526,73,-119.9,-1.6425,False
"[2019, 2020, 2021, 2022, 2023]",2024,2,Wed,41,20:30,0.4,0.2,0,55,233,1165,381,0.7793,84,253.1,3.0131,True
"[2019, 2020, 2021, 2022, 2023, 2024]",2025,2,Wed,41,20:30,0.4,0.2,0,60,177,885,465,1.7252,98,903.7,9.2214,True
"[2019, 2020, 2021, 2022, 2023, 2024, 2025]",2026,2,Wed,41,20:30,0.4,0.2,0,40,167,835,563,3.054,7,-59.7,-8.5286,False
"[2019, 2020]",2021,2,Wed,42,21:00,0.4,0.2,60,25,167,835,49,1.6898,27,-82.0,-3.037,False
"[2019, 2020, 2021]",2022,2,Wed,42,21:00,0.4,0.2,60,60,553,2765,76,2.0026,40,-162.6,-4.065,False
"[2019, 2020, 2021, 2022, 2023]",2024,2,Wed,42,21:00,0.4,0.2,60,60,553,2765,154,1.7786,44,-85.7,-1.9477,False
"[2019, 2020, 2021, 2022, 2023, 2024]",2025,2,Wed,42,21:00,0.4,0.2,60,60,553,2765,198,0.9505,46,-469.8,-10.213,False
"[2019, 2020, 2021, 2022, 2023, 2024, 2025]",2026,2,Wed,42,21:00,0.4,0.2,60,0,553,2765,244,0.1254,6,-79.5,-13.25,False
"[2019, 2020]",2021,2,Wed,43,21:30,0.4,0.2,55,0,44,220,34,4.5059,29,-54.4,-1.8759,False
"[2019, 2020, 2021]",2022,2,Wed,43,21:30,0.4,0.2,60,0,29,145,60,2.1117,30,-113.8,-3.7933,False
"[2019, 2020, 2021, 2022]",2023,2,Wed,43,21:30,0.4,0.2,60,60,25,125,90,1.0133,32,-154.8,-4.8375,False
"[2019, 2020, 2021, 2022, 2023]",2024,2,Wed,43,21:30,0.4,0.2,60,60,23,115,122,0.4082,41,-115.6,-2.8195,False
"[2019, 2020, 2021, 2022, 2023, 2024, 2025]",2026,2,Wed,43,21:30,0.4,0.2,60,0,112,560,210,1.0595,6,-42.4,-7.0667,False
[2019],2020,2,Wed,44,22:00,0.4,0.2,50,60,214,1070,17,16.1882,100,1213.5,12.135,True
"[2019, 2020]",2021,2,Wed,44,22:00,0.4,0.2,40,60,203,1015,121,14.3603,75,-41.6,-0.5547,False
"[2019, 2020, 2021]",2022,2,Wed,44,22:00,0.4,0.2,60,55,202,1010,151,9.1192,66,-462.5,-7.0076,False
"[2019, 2020, 2021, 2022]",2023,2,Wed,44,22:00,0.4,0.2,50,15,203,1015,260,5.0396,76,354.2,4.6605,True
"[2019, 2020, 2021, 2022, 2023]",2024,2,Wed,44,22:00,0.4,0.2,60,15,202,1010,283,5.0131,75,416.8,5.5573,True
"[2019, 2020, 2021, 2022, 2023, 2024]",2025,2,Wed,44,22:00,0.4,0.2,60,15,202,1010,358,5.1271,82,221.1,2.6963,True
"[2019, 2020, 2021, 2022, 2023, 2024, 2025]",2026,2,Wed,44,22:00,0.4,0.2,60,15,174,870,440,4.6966,5,-45.3,-9.06,False
[2019],2020,2,Wed,45,22:30,0.4,0.2,15,50,34,170,18,2.2944,91,-131.2,-1.4418,False
"[2019, 2020]",2021,2,Wed,45,22:30,0.4,0.2,40,0,183,915,74,3.3459,61,-55.3,-0.9066,False
"[2019, 2020, 2021]",2022,2,Wed,45,22:30,0.4,0.2,40,0,183,915,135,1.4244,76,-29.5,-0.3882,False
"[2019, 2020, 2021, 2022]",2023,2,Wed,45,22:30,0.4,0.2,30,0,184,920,228,0.9592,83,692.4,8.3422,True
"[2019, 2020, 2021, 2022, 2023]",2024,2,Wed,45,22:30,0.4,0.2,50,0,490,2450,260,3.6454,50,236.9,4.738,True
"[2019, 2020, 2021, 2022, 2023, 2024]",2025,2,Wed,45,22:30,0.4,0.2,55,0,489,2445,299,3.9161,53,219.1,4.134,True
"[2019, 2020, 2021, 2022, 2023, 2024, 2025]",2026,2,Wed,45,22:30,0.4,0.2,55,0,489,2445,352,3.9489,9,-12.2,-1.3556,False
[2019],2020,2,Wed,46,23:00,0.4,0.2,0,15,208,1040,34,5.9353,162,327.8,2.0235,True
"[2019, 2020]",2021,2,Wed,46,23:00,0.4,0.2,60,60,158,790,91,7.267,78,-335.1,-4.2962,False
"[2019, 2020, 2021]",2022,2,Wed,46,23:00,0.4,0.2,60,0,440,2200,169,4.5225,94,892.8,9.4979,True
"[2019, 2020, 2021, 2022]",2023,2,Wed,46,23:00,0.4,0.2,60,0,399,1995,263,6.3852,63,817.5,12.9762,True
"[2019, 2020, 2021, 2022, 2023]",2024,2,Wed,46,23:00,0.4,0.2,60,0,483,2415,326,7.8748,52,254.4,4.8923,True
"[2019, 2020, 2021, 2022, 2023, 2024]",2025,2,Wed,46,23:00,0.4,0.2,60,0,483,2415,378,7.4646,82,318.9,3.889,True
"[2019, 2020, 2021, 2022, 2023, 2024, 2025]",2026,2,Wed,46,23:00,0.4,0.2,60,0,483,2415,460,6.8272,4,-1.7,-0.425,False
"[2019, 2020]",2021,2,Wed,47,23:30,0.4,0.2,35,0,77,385,67,3.3821,65,131.1,2.0169,True
"[2019, 2020, 2021]",2022,2,Wed,47,23:30,0.4,0.2,30,0,180,900,138,4.5457,70,101.0,1.4429,True
"[2019, 2020, 2021, 2022]",2023,2,Wed,47,23:30,0.4,0.2,30,0,180,900,208,3.5014,47,1008.9,21.466,True
"[2019, 2020, 2021, 2022, 2023]",2024,2,Wed,47,23:30,0.4,0.2,35,0,175,875,244,7.0754,46,163.2,3.5478,True
"[2019, 2020, 2021, 2022, 2023, 2024]",2025,2,Wed,47,23:30,0.4,0.2,35,0,175,875,290,6.5159,70,62.7,0.8957,True
"[2019, 2020, 2021, 2022, 2023, 2024, 2025]",2026,2,Wed,47,23:30,0.4,0.2,55,0,171,855,314,5.664,4,29.9,7.475,True
[2019],2020,3,Thu,0,00:00,0.4,0.2,5,60,197,985,25,25.724,182,547.1,3.006,True
"[2019, 2020]",2021,3,Thu,0,00:00,0.4,0.2,0,30,36,180,213,9.031,171,170.4,0.9965,True
"[2019, 2020, 2021]",2022,3,Thu,0,00:00,0.4,0.2,0,30,186,930,384,5.8484,192,1221.5,6.362,True
"[2019, 2020, 2021, 2022]",2023,3,Thu,0,00:00,0.4,0.2,0,0,225,1125,576,6.422,207,2080.6,10.0512,True
"[2019, 2020, 2021, 2022, 2023]",2024,3,Thu,0,00:00,0.4,0.2,0,0,200,1000,783,7.4006,181,1512.2,8.3547,True
"[2019, 2020, 2021, 2022, 2023, 2024]",2025,3,Thu,0,00:00,0.4,0.2,0,0,200,1000,964,7.5798,180,1402.3,7.7906,True
"[2019, 2020, 2021, 2022, 2023, 2024, 2025]",2026,3,Thu,0,00:00,0.4,0.2,0,0,200,1000,1144,7.6129,17,126.6,7.4471,True
[2019],2020,3,Thu,1,00:30,0.4,0.2,10,30,257,1285,18,13.5167,97,314.9,3.2464,True
"[2019, 2020]",2021,3,Thu,1,00:30,0.4,0.2,15,60,187,935,106,6.5792,86,-249.2,-2.8977,False
"[2019, 2020, 2021]",2022,3,Thu,1,00:30,0.4,0.2,50,30,150,750,133,3.906,92,265.3,2.8837,True
"[2019, 2020, 2021, 2022]",2023,3,Thu,1,00:30,0.4,0.2,60,0,91,455,214,6.6252,88,-32.6,-0.3705,False
"[2019, 2020, 2021, 2022, 2023]",2024,3,Thu,1,00:30,0.4,0.2,0,0,167,835,568,5.653,145,1070.5,7.3828,True
"[2019, 2020, 2021, 2022, 2023, 2024]",2025,3,Thu,1,00:30,0.4,0.2,0,0,183,915,713,6.1464,149,-48.6,-0.3262,False
"[2019, 2020, 2021, 2022, 2023, 2024, 2025]",2026,3,Thu,1,00:30,0.4,0.2,0,0,183,915,862,5.0276,12,175.9,14.6583,True
"[2019, 2020]",2021,3,Thu,2,01:00,0.4,0.2,55,0,388,1940,75,11.5373,76,-117.8,-1.55,False
"[2019, 2020, 2021]",2022,3,Thu,2,01:00,0.4,0.2,60,0,387,1935,143,5.0049,80,-123.6,-1.545,False
"[2019, 2020, 2021, 2022]",2023,3,Thu,2,01:00,0.4,0.2,0,0,399,1995,403,4.8893,107,574.8,5.372,True
"[2019, 2020, 2021, 2022, 2023]",2024,3,Thu,2,01:00,0.4,0.2,0,0,399,1995,510,4.9906,143,943.3,6.5965,True
"[2019, 2020, 2021, 2022, 2023, 2024]",2025,3,Thu,2,01:00,0.4,0.2,0,0,399,1995,653,5.3423,138,887.3,6.4297,True
"[2019, 2020, 2021, 2022, 2023, 2024, 2025]",2026,3,Thu,2,01:00,0.4,0.2,0,0,399,1995,791,5.532,27,105.8,3.9185,True
"[2019, 2020]",2021,3,Thu,3,01:30,0.4,0.2,55,60,267,1335,81,5.8914,54,593.5,10.9907,True
"[2019, 2020, 2021]",2022,3,Thu,3,01:30,0.4,0.2,60,60,266,1330,130,8.1946,76,113.5,1.4934,True
"[2019, 2020, 2021, 2022]",2023,3,Thu,3,01:30,0.4,0.2,60,5,186,930,206,7.7277,71,180.0,2.5352,True
"[2019, 2020, 2021, 2022, 2023]",2024,3,Thu,3,01:30,0.4,0.2,55,0,187,935,285,6.5109,57,247.8,4.3474,True
"[2019, 2020, 2021, 2022, 2023, 2024]",2025,3,Thu,3,01:30,0.4,0.2,35,0,190,950,385,6.399,79,254.3,3.219,True
"[2019, 2020, 2021, 2022, 2023, 2024, 2025]",2026,3,Thu,3,01:30,0.4,0.2,60,0,185,925,390,6.2151,9,89.5,9.9444,True
[2019],2020,3,Thu,4,02:00,0.4,0.2,5,30,202,1010,15,7.4333,114,342.5,3.0044,True
"[2019, 2020]",2021,3,Thu,4,02:00,0.4,0.2,0,50,167,835,136,5.1456,132,554.3,4.1992,True
"[2019, 2020, 2021]",2022,3,Thu,4,02:00,0.4,0.2,0,50,167,835,268,4.6795,134,969.3,7.2336,True
"[2019, 2020, 2021, 2022]",2023,3,Thu,4,02:00,0.4,0.2,0,60,164,820,402,5.9719,104,748.9,7.201,True
"[2019, 2020, 2021, 2022, 2023]",2024,3,Thu,4,02:00,0.4,0.2,0,60,164,820,506,6.2245,138,-23.1,-0.1674,False
"[2019, 2020, 2021, 2022, 2023, 2024]",2025,3,Thu,4,02:00,0.4,0.2,0,60,164,820,644,4.8548,130,640.3,4.9254,True
"[2019, 2020, 2021, 2022, 2023, 2024, 2025]",2026,3,Thu,4,02:00,0.4,0.2,0,0,428,2140,774,5.4879,22,617.4,28.0636,True
"[2019, 2020]",2021,3,Thu,5,02:30,0.4,0.2,45,0,149,745,79,9.5481,50,-15.3,-0.306,False
"[2019, 2020, 2021]",2022,3,Thu,5,02:30,0.4,0.2,45,0,149,745,129,5.7287,72,181.4,2.5194,True
"[2019, 2020, 2021, 2022]",2023,3,Thu,5,02:30,0.4,0.2,60,0,146,730,189,4.8614,46,86.2,1.8739,True
"[2019, 2020, 2021, 2022, 2023]",2024,3,Thu,5,02:30,0.4,0.2,0,0,158,790,457,4.2829,109,879.6,8.0697,True
"[2019, 2020, 2021, 2022, 2023, 2024]",2025,3,Thu,5,02:30,0.4,0.2,60,0,146,730,280,6.3004,36,188.8,5.2444,True
"[2019, 2020, 2021, 2022, 2023, 2024, 2025]",2026,3,Thu,5,02:30,0.4,0.2,40,60,150,750,374,6.5131,7,-35.6,-5.0857,False
"[2019, 2020]",2021,3,Thu,6,03:00,0.4,0.2,0,0,292,1460,139,4.1,127,552.4,4.3496,True
"[2019, 2020, 2021]",2022,3,Thu,6,03:00,0.4,0.2,0,0,292,1460,266,4.2192,128,829.7,6.482,True
"[2019, 2020, 2021, 2022]",2023,3,Thu,6,03:00,0.4,0.2,0,0,370,1850,394,5.1853,89,612.8,6.8854,True
"[2019, 2020, 2021, 2022, 2023]",2024,3,Thu,6,03:00,0.4,0.2,0,0,370,1850,483,5.4986,114,690.7,6.0588,True
"[2019, 2020, 2021, 2022, 2023, 2024]",2025,3,Thu,6,03:00,0.4,0.2,0,0,370,1850,597,5.6055,148,1790.0,12.0946,True
"[2019, 2020, 2021, 2022, 2023, 2024, 2025]",2026,3,Thu,6,03:00,0.4,0.2,0,0,370,1850,745,6.8946,12,83.4,6.95,True
"[2019, 2020]",2021,3,Thu,7,03:30,0.4,0.2,60,35,21,105,42,1.6048,52,-64.7,-1.2442,False
"[2019, 2020, 2021]",2022,3,Thu,7,03:30,0.4,0.2,55,0,234,1170,98,3.2255,46,-43.4,-0.9435,False
"[2019, 2020, 2021, 2022]",2023,3,Thu,7,03:30,0.4,0.2,0,0,245,1225,294,2.8412,87,259.9,2.9874,True
"[2019, 2020, 2021, 2022, 2023]",2024,3,Thu,7,03:30,0.4,0.2,60,0,131,655,174,3.5902,58,1095.6,18.8897,True
"[2019, 2020, 2021, 2022, 2023, 2024]",2025,3,Thu,7,03:30,0.4,0.2,60,0,129,645,232,7.7664,38,323.5,8.5132,True
"[2019, 2020]",2021,3,Thu,8,04:00,0.4,0.2,0,60,135,675,148,10.4074,191,1424.1,7.456,True
"[2019, 2020, 2021]",2022,3,Thu,8,04:00,0.4,0.2,0,60,128,640,339,8.7558,150,95.7,0.638,True
"[2019, 2020, 2021, 2022]",2023,3,Thu,8,04:00,0.4,0.2,60,0,151,755,269,7.2138,94,492.8,5.2426,True
"[2019, 2020, 2021, 2022, 2023]",2024,3,Thu,8,04:00,0.4,0.2,60,0,139,695,363,6.724,102,608.9,5.9696,True
"[2019, 2020, 2021, 2022, 2023, 2024]",2025,3,Thu,8,04:00,0.4,0.2,60,0,151,755,465,6.6394,100,1223.6,12.236,True
"[2019, 2020, 2021, 2022, 2023, 2024, 2025]",2026,3,Thu,8,04:00,0.4,0.2,60,0,151,755,565,7.6299,6,53.4,8.9,True
"[2019, 2020]",2021,3,Thu,9,04:30,0.4,0.2,45,60,106,530,59,14.2186,68,542.6,7.9794,True
"[2019, 2020, 2021]",2022,3,Thu,9,04:30,0.4,0.2,45,60,115,575,127,12.0803,61,129.0,2.1148,True
"[2019, 2020, 2021, 2022]",2023,3,Thu,9,04:30,0.4,0.2,45,0,164,820,188,11.791,47,168.2,3.5787,True
"[2019, 2020, 2021, 2022, 2023]",2024,3,Thu,9,04:30,0.4,0.2,45,0,140,700,235,10.1626,44,217.5,4.9432,True
"[2019, 2020, 2021, 2022, 2023, 2024]",2025,3,Thu,9,04:30,0.4,0.2,45,0,115,575,279,9.4007,51,293.9,5.7627,True
"[2019, 2020, 2021, 2022, 2023, 2024, 2025]",2026,3,Thu,9,04:30,0.4,0.2,45,0,115,575,330,8.8385,4,7.0,1.75,True
"[2019, 2020]",2021,3,Thu,10,05:00,0.4,0.2,0,0,112,560,158,2.2665,142,356.2,2.5085,True
"[2019, 2020, 2021]",2022,3,Thu,10,05:00,0.4,0.2,0,0,83,415,300,2.526,156,1903.3,12.2006,True
"[2019, 2020, 2021, 2022]",2023,3,Thu,10,05:00,0.4,0.2,0,0,210,1050,456,6.5425,149,663.3,4.4517,True
"[2019, 2020, 2021, 2022, 2023]",2024,3,Thu,10,05:00,0.4,0.2,60,0,173,865,307,6.616,94,261.7,2.784,True
"[2019, 2020, 2021, 2022, 2023, 2024]",2025,3,Thu,10,05:00,0.4,0.2,0,0,185,925,769,5.9026,131,1025.3,7.8267,True
"[2019, 2020, 2021, 2022, 2023, 2024, 2025]",2026,3,Thu,10,05:00,0.4,0.2,0,0,185,925,900,6.1827,13,19.4,1.4923,True
"[2019, 2020]",2021,3,Thu,11,05:30,0.4,0.2,0,50,146,730,121,4.3736,116,740.7,6.3853,True
"[2019, 2020, 2021]",2022,3,Thu,11,05:30,0.4,0.2,50,0,100,500,126,7.3587,77,1027.4,13.3429,True
"[2019, 2020, 2021, 2022]",2023,3,Thu,11,05:30,0.4,0.2,50,0,144,720,203,10.0773,48,141.1,2.9396,True
"[2019, 2020, 2021, 2022, 2023]",2024,3,Thu,11,05:30,0.4,0.2,35,0,154,770,281,8.7694,57,255.5,4.4825,True
"[2019, 2020, 2021, 2022, 2023, 2024]",2025,3,Thu,11,05:30,0.4,0.2,35,0,154,770,338,8.0464,64,297.8,4.6531,True
"[2019, 2020, 2021, 2022, 2023, 2024, 2025]",2026,3,Thu,11,05:30,0.4,0.2,50,0,151,755,349,7.853,3,243.8,81.2667,True
[2019],2020,3,Thu,12,06:00,0.4,0.2,45,5,78,390,15,4.02,91,284.9,3.1308,True
"[2019, 2020]",2021,3,Thu,12,06:00,0.4,0.2,60,30,71,355,78,6.3859,101,676.7,6.7,True
"[2019, 2020, 2021]",2022,3,Thu,12,06:00,0.4,0.2,60,0,113,565,179,8.5978,90,963.3,10.7033,True
"[2019, 2020, 2021, 2022]",2023,3,Thu,12,06:00,0.4,0.2,60,0,205,1025,269,9.6647,114,822.0,7.2105,True
"[2019, 2020, 2021, 2022, 2023]",2024,3,Thu,12,06:00,0.4,0.2,0,0,408,2040,700,9.1744,148,1652.2,11.1635,True
"[2019, 2020, 2021, 2022, 2023, 2024]",2025,3,Thu,12,06:00,0.4,0.2,60,0,205,1025,463,9.7981,96,550.9,5.7385,True
"[2019, 2020, 2021, 2022, 2023, 2024, 2025]",2026,3,Thu,12,06:00,0.4,0.2,0,0,381,1905,1020,9.4608,15,4.5,0.3,True
[2019],2020,3,Thu,13,06:30,0.4,0.2,0,45,187,935,17,12.7412,117,564.0,4.8205,True
"[2019, 2020]",2021,3,Thu,13,06:30,0.4,0.2,30,45,146,730,78,9.5641,76,-70.5,-0.9276,False
"[2019, 2020, 2021]",2022,3,Thu,13,06:30,0.4,0.2,0,0,158,790,244,6.2516,136,588.0,4.3235,True
"[2019, 2020, 2021, 2022]",2023,3,Thu,13,06:30,0.4,0.2,0,0,158,790,380,5.5616,137,660.4,4.8204,True
"[2019, 2020, 2021, 2022, 2023]",2024,3,Thu,13,06:30,0.4,0.2,0,0,145,725,517,5.3847,110,8.3,0.0755,True
"[2019, 2020, 2021, 2022, 2023, 2024]",2025,3,Thu,13,06:30,0.4,0.2,0,0,145,725,627,4.4533,116,1615.6,13.9276,True
"[2019, 2020, 2021, 2022, 2023, 2024, 2025]",2026,3,Thu,13,06:30,0.4,0.2,35,0,133,665,431,6.0856,10,-77.9,-7.79,False
[2019],2020,3,Thu,14,07:00,0.4,0.2,0,15,124,620,48,7.9062,183,2195.1,11.9951,True
"[2019, 2020]",2021,3,Thu,14,07:00,0.4,0.2,0,0,249,1245,231,14.1455,173,1184.9,6.8491,True
"[2019, 2020, 2021]",2022,3,Thu,14,07:00,0.4,0.2,0,0,249,1245,404,11.021,173,2034.0,11.7572,True
"[2019, 2020, 2021, 2022]",2023,3,Thu,14,07:00,0.4,0.2,0,0,249,1245,577,11.2418,187,1936.6,10.3561,True
"[2019, 2020, 2021, 2022, 2023]",2024,3,Thu,14,07:00,0.4,0.2,0,0,376,1880,764,11.1407,153,318.4,2.081,True
"[2019, 2020, 2021, 2022, 2023, 2024]",2025,3,Thu,14,07:00,0.4,0.2,0,0,376,1880,917,9.6291,138,1201.2,8.7043,True
"[2019, 2020, 2021, 2022, 2023, 2024, 2025]",2026,3,Thu,14,07:00,0.4,0.2,0,0,376,1880,1055,9.5082,13,-34.9,-2.6846,False
[2019],2020,3,Thu,15,07:30,0.4,0.2,0,0,94,470,20,6.22,142,1113.5,7.8415,True
"[2019, 2020]",2021,3,Thu,15,07:30,0.4,0.2,55,0,123,615,85,9.4353,50,127.5,2.55,True
"[2019, 2020, 2021]",2022,3,Thu,15,07:30,0.4,0.2,45,0,125,625,138,7.2138,64,269.0,4.2031,True
"[2019, 2020, 2021, 2022]",2023,3,Thu,15,07:30,0.4,0.2,0,30,97,485,385,6.7818,147,532.6,3.6231,True
"[2019, 2020, 2021, 2022, 2023]",2024,3,Thu,15,07:30,0.4,0.2,0,0,390,1950,532,6.7763,118,640.1,5.4246,True
"[2019, 2020, 2021, 2022, 2023, 2024]",2025,3,Thu,15,07:30,0.4,0.2,0,0,390,1950,650,6.5309,131,1858.6,14.1878,True
"[2019, 2020, 2021, 2022, 2023, 2024, 2025]",2026,3,Thu,15,07:30,0.4,0.2,50,0,380,1900,402,7.8637,7,-9.0,-1.2857,False
[2019],2020,3,Thu,16,08:00,0.4,0.2,0,55,135,675,26,23.2577,206,3591.3,17.4335,True
"[2019, 2020]",2021,3,Thu,16,08:00,0.4,0.2,60,60,81,405,133,27.0835,103,188.5,1.8301,True
"[2019, 2020, 2021]",2022,3,Thu,16,08:00,0.4,0.2,60,55,81,405,236,16.314,118,1668.1,14.1364,True
"[2019, 2020, 2021, 2022]",2023,3,Thu,16,08:00,0.4,0.2,0,50,93,465,594,17.2513,212,1230.3,5.8033,True
"[2019, 2020, 2021, 2022, 2023]",2024,3,Thu,16,08:00,0.4,0.2,0,60,93,465,806,14.2712,174,1364.1,7.8397,True
"[2019, 2020, 2021, 2022, 2023, 2024]",2025,3,Thu,16,08:00,0.4,0.2,0,55,93,465,980,13.1599,145,2156.7,14.8738,True
"[2019, 2020, 2021, 2022, 2023, 2024, 2025]",2026,3,Thu,16,08:00,0.4,0.2,0,55,93,465,1125,13.3808,6,-16.5,-2.75,False
[2019],2020,3,Thu,17,08:30,0.4,0.2,30,45,121,605,17,8.5647,69,724.2,10.4957,True
"[2019, 2020]",2021,3,Thu,17,08:30,0.4,0.2,30,30,122,610,86,12.0302,87,85.8,0.9862,True
"[2019, 2020, 2021]",2022,3,Thu,17,08:30,0.4,0.2,30,30,120,600,173,6.5006,96,2880.2,30.0021,True
"[2019, 2020, 2021, 2022]",2023,3,Thu,17,08:30,0.4,0.2,30,30,84,420,269,15.7595,89,665.5,7.4775,True
"[2019, 2020, 2021, 2022, 2023]",2024,3,Thu,17,08:30,0.4,0.2,60,0,199,995,291,15.2062,63,231.4,3.673,True
"[2019, 2020, 2021, 2022, 2023, 2024]",2025,3,Thu,17,08:30,0.4,0.2,60,0,199,995,354,13.1537,61,379.8,6.2262,True
"[2019, 2020, 2021, 2022, 2023, 2024, 2025]",2026,3,Thu,17,08:30,0.4,0.2,60,0,78,390,415,12.3229,5,32.1,6.42,True
[2019],2020,3,Thu,18,09:00,0.4,0.2,35,0,19,95,16,2.1437,99,14.3,0.1444,True
"[2019, 2020]",2021,3,Thu,18,09:00,0.4,0.2,0,0,104,520,150,4.6607,131,594.5,4.5382,True
"[2019, 2020, 2021]",2022,3,Thu,18,09:00,0.4,0.2,60,0,378,1890,149,5.7611,73,592.5,8.1164,True
"[2019, 2020, 2021, 2022]",2023,3,Thu,18,09:00,0.4,0.2,60,0,378,1890,222,6.5356,81,863.2,10.6568,True
"[2019, 2020, 2021, 2022, 2023]",2024,3,Thu,18,09:00,0.4,0.2,60,0,165,825,303,7.6865,89,269.4,3.027,True
"[2019, 2020, 2021, 2022, 2023, 2024]",2025,3,Thu,18,09:00,0.4,0.2,0,0,177,885,708,6.7645,112,562.8,5.025,True
"[2019, 2020, 2021, 2022, 2023, 2024, 2025]",2026,3,Thu,18,09:00,0.4,0.2,0,0,185,925,820,6.5374,22,-0.9,-0.0409,False
"[2019, 2020]",2021,3,Thu,19,09:30,0.4,0.2,45,60,63,315,79,10.7228,67,-71.9,-1.0731,False
"[2019, 2020, 2021]",2022,3,Thu,19,09:30,0.4,0.2,0,0,112,560,232,7.9022,115,920.8,8.007,True
"[2019, 2020, 2021, 2022]",2023,3,Thu,19,09:30,0.4,0.2,0,0,72,360,347,8.0807,113,854.5,7.5619,True
"[2019, 2020, 2021, 2022, 2023]",2024,3,Thu,19,09:30,0.4,0.2,0,0,72,360,460,7.9533,114,323.0,2.8333,True
"[2019, 2020, 2021, 2022, 2023, 2024]",2025,3,Thu,19,09:30,0.4,0.2,60,0,60,300,297,7.1643,48,333.6,6.95,True
"[2019, 2020, 2021, 2022, 2023, 2024, 2025]",2026,3,Thu,19,09:30,0.4,0.2,60,0,60,300,345,7.1345,3,-1.8,-0.6,False
[2019],2020,3,Thu,20,10:00,0.4,0.2,5,45,414,2070,23,4.2522,126,323.0,2.5635,True
"[2019, 2020]",2021,3,Thu,20,10:00,0.4,0.2,35,0,199,995,93,7.7935,103,296.3,2.8767,True
"[2019, 2020, 2021]",2022,3,Thu,20,10:00,0.4,0.2,0,20,308,1540,299,7.0338,130,1274.1,9.8008,True
"[2019, 2020, 2021, 2022]",2023,3,Thu,20,10:00,0.4,0.2,0,20,476,2380,429,7.9746,145,362.7,2.5014,True
"[2019, 2020, 2021, 2022, 2023]",2024,3,Thu,20,10:00,0.4,0.2,0,20,476,2380,574,6.592,115,769.9,6.6948,True
"[2019, 2020, 2021, 2022, 2023, 2024]",2025,3,Thu,20,10:00,0.4,0.2,0,20,476,2380,689,6.6091,135,739.7,5.4793,True
"[2019, 2020, 2021, 2022, 2023, 2024, 2025]",2026,3,Thu,20,10:00,0.4,0.2,0,60,67,335,824,6.5654,4,21.1,5.275,True
"[2019, 2020]",2021,3,Thu,21,10:30,0.4,0.2,50,0,282,1410,68,12.4809,59,349.9,5.9305,True
"[2019, 2020, 2021]",2022,3,Thu,21,10:30,0.4,0.2,50,0,282,1410,127,9.4378,63,345.0,5.4762,True
"[2019, 2020, 2021, 2022]",2023,3,Thu,21,10:30,0.4,0.2,45,0,283,1415,197,8.1345,84,115.4,1.3738,True
"[2019, 2020, 2021, 2022, 2023]",2024,3,Thu,21,10:30,0.4,0.2,0,0,292,1460,494,6.6411,110,989.0,8.9909,True
"[2019, 2020, 2021, 2022, 2023, 2024]",2025,3,Thu,21,10:30,0.4,0.2,45,0,283,1415,341,7.3182,53,737.8,13.9208,True
"[2019, 2020, 2021, 2022, 2023, 2024, 2025]",2026,3,Thu,21,10:30,0.4,0.2,45,0,283,1415,394,8.2063,5,80.6,16.12,True
[2019],2020,3,Thu,22,11:00,0.4,0.2,30,30,162,810,16,30.6625,145,582.6,4.0179,True
"[2019, 2020]",2021,3,Thu,22,11:00,0.4,0.2,0,35,96,480,200,13.6235,132,945.8,7.1652,True
"[2019, 2020, 2021]",2022,3,Thu,22,11:00,0.4,0.2,0,30,98,490,332,11.2117,138,406.1,2.9428,True
"[2019, 2020, 2021, 2022]",2023,3,Thu,22,11:00,0.4,0.2,0,0,98,490,470,10.6987,142,798.3,5.6218,True
"[2019, 2020, 2021, 2022, 2023]",2024,3,Thu,22,11:00,0.4,0.2,0,0,98,490,612,9.5208,134,804.2,6.0015,True
"[2019, 2020, 2021, 2022, 2023, 2024]",2025,3,Thu,22,11:00,0.4,0.2,0,0,98,490,746,8.8886,128,987.6,7.7156,True
"[2019, 2020, 2021, 2022, 2023, 2024, 2025]",2026,3,Thu,22,11:00,0.4,0.2,0,0,106,530,874,8.7237,11,-16.1,-1.4636,False
[2019],2020,3,Thu,23,11:30,0.4,0.2,20,0,85,425,15,6.4067,86,545.8,6.3465,True
"[2019, 2020]",2021,3,Thu,23,11:30,0.4,0.2,55,0,187,935,61,11.2525,56,565.4,10.0964,True
"[2019, 2020, 2021]",2022,3,Thu,23,11:30,0.4,0.2,55,0,186,930,117,10.7009,51,577.9,11.3314,True
"[2019, 2020, 2021, 2022]",2023,3,Thu,23,11:30,0.4,0.2,50,0,90,450,177,11.2537,39,214.6,5.5026,True
"[2019, 2020, 2021, 2022, 2023]",2024,3,Thu,23,11:30,0.4,0.2,50,0,90,450,216,10.2153,41,857.1,20.9049,True
"[2019, 2020, 2021, 2022, 2023, 2024]",2025,3,Thu,23,11:30,0.4,0.2,50,0,90,450,257,11.9206,41,63.3,1.5439,True
"[2019, 2020, 2021, 2022, 2023, 2024, 2025]",2026,3,Thu,23,11:30,0.4,0.2,50,0,90,450,298,10.493,3,-10.5,-3.5,False
[2019],2020,3,Thu,24,12:00,0.4,0.2,60,40,270,1350,21,13.2286,99,1415.0,14.2929,True
"[2019, 2020]",2021,3,Thu,24,12:00,0.4,0.2,0,60,262,1310,187,17.2952,150,1210.8,8.072,True
"[2019, 2020, 2021]",2022,3,Thu,24,12:00,0.4,0.2,0,60,202,1010,337,13.3537,164,3922.9,23.9201,True
"[2019, 2020, 2021, 2022]",2023,3,Thu,24,12:00,0.4,0.2,0,60,453,2265,501,17.5232,168,3414.1,20.322,True
"[2019, 2020, 2021, 2022, 2023]",2024,3,Thu,24,12:00,0.4,0.2,0,60,453,2265,669,18.226,198,3032.3,15.3146,True
"[2019, 2020, 2021, 2022, 2023, 2024]",2025,3,Thu,24,12:00,0.4,0.2,0,60,453,2265,867,17.5611,180,3325.8,18.4767,True
"[2019, 2020, 2021, 2022, 2023, 2024, 2025]",2026,3,Thu,24,12:00,0.4,0.2,0,60,434,2170,1047,17.7528,37,-232.9,-6.2946,False
[2019],2020,3,Thu,25,12:30,0.4,0.2,10,0,155,775,15,17.48,122,1224.7,10.0385,True
"[2019, 2020]",2021,3,Thu,25,12:30,0.4,0.2,50,0,415,2075,85,16.1459,70,421.5,6.0214,True
"[2019, 2020, 2021]",2022,3,Thu,25,12:30,0.4,0.2,50,0,415,2075,155,11.5735,97,1129.2,11.6412,True
"[2019, 2020, 2021, 2022]",2023,3,Thu,25,12:30,0.4,0.2,0,0,425,2125,440,12.3884,189,2146.3,11.3561,True
"[2019, 2020, 2021, 2022, 2023]",2024,3,Thu,25,12:30,0.4,0.2,0,0,425,2125,629,12.0782,202,1938.4,9.596,True
"[2019, 2020, 2021, 2022, 2023, 2024]",2025,3,Thu,25,12:30,0.4,0.2,0,0,425,2125,831,11.4748,154,1088.8,7.0701,True
"[2019, 2020, 2021, 2022, 2023, 2024, 2025]",2026,3,Thu,25,12:30,0.4,0.2,0,0,425,2125,985,10.7862,19,3.0,0.1579,True
[2019],2020,3,Thu,26,13:00,0.4,0.2,0,0,282,1410,28,12.6714,133,503.6,3.7865,True
"[2019, 2020]",2021,3,Thu,26,13:00,0.4,0.2,0,20,33,165,161,6.9609,127,477.1,3.7567,True
"[2019, 2020, 2021]",2022,3,Thu,26,13:00,0.4,0.2,0,15,33,165,288,5.6455,154,2363.0,15.3442,True
"[2019, 2020, 2021, 2022]",2023,3,Thu,26,13:00,0.4,0.2,0,60,368,1840,442,10.3713,153,2062.4,13.4797,True
"[2019, 2020, 2021, 2022, 2023]",2024,3,Thu,26,13:00,0.4,0.2,0,60,368,1840,595,11.1706,140,194.3,1.3879,True
"[2019, 2020, 2021, 2022, 2023, 2024]",2025,3,Thu,26,13:00,0.4,0.2,0,60,271,1355,735,9.3773,131,558.0,4.2595,True
"[2019, 2020, 2021, 2022, 2023, 2024, 2025]",2026,3,Thu,26,13:00,0.4,0.2,0,0,334,1670,866,8.9986,12,36.8,3.0667,True
"[2019, 2020]",2021,3,Thu,27,13:30,0.4,0.2,30,0,322,1610,94,7.5489,77,212.7,2.7623,True
"[2019, 2020, 2021]",2022,3,Thu,27,13:30,0.4,0.2,0,0,328,1640,278,6.5036,134,2182.3,16.2858,True
"[2019, 2020, 2021, 2022]",2023,3,Thu,27,13:30,0.4,0.2,0,0,319,1595,412,9.7204,125,849.8,6.7984,True
"[2019, 2020, 2021, 2022, 2023]",2024,3,Thu,27,13:30,0.4,0.2,0,0,319,1595,537,9.0402,164,1354.2,8.2573,True
"[2019, 2020, 2021, 2022, 2023, 2024]",2025,3,Thu,27,13:30,0.4,0.2,0,0,319,1595,701,8.8571,124,1117.0,9.0081,True
"[2019, 2020, 2021, 2022, 2023, 2024, 2025]",2026,3,Thu,27,13:30,0.4,0.2,0,0,416,2080,825,8.9208,10,-82.7,-8.27,False
[2019],2020,3,Thu,28,14:00,0.4,0.2,0,0,244,1220,28,8.2786,132,1785.2,13.5242,True
"[2019, 2020]",2021,3,Thu,28,14:00,0.4,0.2,0,0,282,1410,160,12.9662,160,1238.2,7.7388,True
"[2019, 2020, 2021]",2022,3,Thu,28,14:00,0.4,0.2,0,0,306,1530,320,10.4325,116,1734.6,14.9534,True
"[2019, 2020, 2021, 2022]",2023,3,Thu,28,14:00,0.4,0.2,0,0,306,1530,436,11.6353,136,1228.6,9.0338,True
"[2019, 2020, 2021, 2022, 2023]",2024,3,Thu,28,14:00,0.4,0.2,0,0,306,1530,572,11.0168,148,2246.6,15.1797,True
"[2019, 2020, 2021, 2022, 2023, 2024]",2025,3,Thu,28,14:00,0.4,0.2,0,0,306,1530,720,11.8725,149,1196.8,8.0322,True
"[2019, 2020, 2021, 2022, 2023, 2024, 2025]",2026,3,Thu,28,14:00,0.4,0.2,0,0,304,1520,869,11.2199,17,157.2,9.2471,True
[2019],2020,3,Thu,29,14:30,0.4,0.2,15,40,52,260,15,13.2533,105,227.0,2.1619,True
"[2019, 2020]",2021,3,Thu,29,14:30,0.4,0.2,0,0,147,735,145,6.9048,118,573.8,4.8627,True
"[2019, 2020, 2021]",2022,3,Thu,29,14:30,0.4,0.2,0,0,202,1010,263,6.1038,132,868.4,6.5788,True
"[2019, 2020, 2021, 2022]",2023,3,Thu,29,14:30,0.4,0.2,0,0,41,205,395,6.4182,98,386.3,3.9418,True
"[2019, 2020, 2021, 2022, 2023]",2024,3,Thu,29,14:30,0.4,0.2,0,0,41,205,493,5.926,116,685.6,5.9103,True
"[2019, 2020, 2021, 2022, 2023, 2024]",2025,3,Thu,29,14:30,0.4,0.2,0,0,557,2785,609,6.3036,109,410.2,3.7633,True
"[2019, 2020, 2021, 2022, 2023, 2024, 2025]",2026,3,Thu,29,14:30,0.4,0.2,0,0,557,2785,718,5.918,10,115.2,11.52,True
[2019],2020,3,Thu,30,15:00,0.4,0.2,0,0,345,1725,28,8.1607,106,1023.3,9.6538,True
"[2019, 2020]",2021,3,Thu,30,15:00,0.4,0.2,0,0,339,1695,134,9.3575,129,751.5,5.8256,True
"[2019, 2020, 2021]",2022,3,Thu,30,15:00,0.4,0.2,0,0,339,1695,263,7.6251,129,1714.1,13.2876,True
"[2019, 2020, 2021, 2022]",2023,3,Thu,30,15:00,0.4,0.2,0,0,265,1325,392,9.5064,112,1055.3,9.4223,True
"[2019, 2020, 2021, 2022, 2023]",2024,3,Thu,30,15:00,0.4,0.2,0,0,265,1325,504,9.4877,131,1258.4,9.6061,True
"[2019, 2020, 2021, 2022, 2023, 2024]",2025,3,Thu,30,15:00,0.4,0.2,0,0,256,1280,635,9.5238,134,852.3,6.3604,True
"[2019, 2020, 2021, 2022, 2023, 2024, 2025]",2026,3,Thu,30,15:00,0.4,0.2,0,0,256,1280,769,8.9726,26,217.0,8.3462,True
[2019],2020,3,Thu,31,15:30,0.4,0.2,0,0,25,125,17,6.9941,121,606.7,5.014,True
"[2019, 2020]",2021,3,Thu,31,15:30,0.4,0.2,0,30,385,1925,138,6.829,90,262.9,2.9211,True
"[2019, 2020, 2021]",2022,3,Thu,31,15:30,0.4,0.2,0,0,180,900,228,5.6706,85,405.9,4.7753,True
"[2019, 2020, 2021, 2022]",2023,3,Thu,31,15:30,0.4,0.2,0,0,411,2055,313,5.6978,99,798.3,8.0636,True
"[2019, 2020, 2021, 2022, 2023]",2024,3,Thu,31,15:30,0.4,0.2,0,0,411,2055,412,6.2663,99,511.0,5.1616,True
"[2019, 2020, 2021, 2022, 2023, 2024]",2025,3,Thu,31,15:30,0.4,0.2,0,0,411,2055,511,6.0523,99,296.0,2.9899,True
"[2019, 2020, 2021, 2022, 2023, 2024, 2025]",2026,3,Thu,31,15:30,0.4,0.2,0,0,411,2055,610,5.5552,6,18.2,3.0333,True
"[2019, 2020]",2021,3,Thu,32,16:00,0.4,0.2,0,55,563,2815,151,8.0212,141,1261.5,8.9468,True
"[2019, 2020, 2021]",2022,3,Thu,32,16:00,0.4,0.2,0,55,350,1750,292,8.7983,125,1249.9,9.9992,True
"[2019, 2020, 2021, 2022]",2023,3,Thu,32,16:00,0.4,0.2,0,60,563,2815,417,9.6175,142,1856.8,13.0761,True
"[2019, 2020, 2021, 2022, 2023]",2024,3,Thu,32,16:00,0.4,0.2,0,60,345,1725,559,10.5259,126,934.2,7.4143,True
"[2019, 2020, 2021, 2022, 2023, 2024]",2025,3,Thu,32,16:00,0.4,0.2,0,60,416,2080,685,10.2099,106,119.3,1.1255,True
"[2019, 2020, 2021, 2022, 2023, 2024, 2025]",2026,3,Thu,32,16:00,0.4,0.2,0,60,416,2080,791,8.9925,17,7.3,0.4294,True
"[2019, 2020]",2021,3,Thu,33,16:30,0.4,0.2,0,0,47,235,86,3.793,99,509.5,5.1465,True
"[2019, 2020, 2021]",2022,3,Thu,33,16:30,0.4,0.2,30,60,221,1105,128,5.9555,39,-105.2,-2.6974,False
"[2019, 2020, 2021, 2022]",2023,3,Thu,33,16:30,0.4,0.2,15,50,224,1120,201,4.7692,65,264.2,4.0646,True
"[2019, 2020, 2021, 2022, 2023]",2024,3,Thu,33,16:30,0.4,0.2,30,60,134,670,220,5.0395,65,112.8,1.7354,True
"[2019, 2020, 2021, 2022, 2023, 2024]",2025,3,Thu,33,16:30,0.4,0.2,0,0,175,875,430,4.7837,79,-23.3,-0.2949,False
"[2019, 2020, 2021, 2022, 2023, 2024, 2025]",2026,3,Thu,33,16:30,0.4,0.2,0,0,140,700,509,3.9972,5,4.8,0.96,True
"[2019, 2020]",2021,3,Thu,34,17:00,0.4,0.2,0,0,370,1850,122,9.8787,103,491.9,4.7757,True
"[2019, 2020, 2021]",2022,3,Thu,34,17:00,0.4,0.2,0,0,370,1850,225,7.5427,105,946.3,9.0124,True
"[2019, 2020, 2021, 2022]",2023,3,Thu,34,17:00,0.4,0.2,0,0,262,1310,330,8.1485,128,1189.2,9.2906,True
"[2019, 2020, 2021, 2022, 2023]",2024,3,Thu,34,17:00,0.4,0.2,0,0,262,1310,458,8.4677,121,209.7,1.7331,True
"[2019, 2020, 2021, 2022, 2023, 2024]",2025,3,Thu,34,17:00,0.4,0.2,0,0,262,1310,579,7.0603,117,34.0,0.2906,True
"[2019, 2020, 2021, 2022, 2023, 2024, 2025]",2026,3,Thu,34,17:00,0.4,0.2,0,0,262,1310,696,5.9223,12,7.5,0.625,True
"[2019, 2020]",2021,3,Thu,35,17:30,0.4,0.2,45,30,28,140,68,6.3088,49,-68.7,-1.402,False
"[2019, 2020, 2021]",2022,3,Thu,35,17:30,0.4,0.2,0,0,37,185,194,3.6201,80,312.5,3.9063,True
"[2019, 2020, 2021, 2022]",2023,3,Thu,35,17:30,0.4,0.2,0,60,130,650,274,3.7964,89,-55.9,-0.6281,False
"[2019, 2020, 2021, 2022, 2023]",2024,3,Thu,35,17:30,0.4,0.2,0,0,37,185,363,3.2551,94,109.7,1.167,True
"[2019, 2020, 2021, 2022, 2023, 2024]",2025,3,Thu,35,17:30,0.4,0.2,0,5,263,1315,457,2.8698,112,-149.5,-1.3348,False
"[2019, 2020, 2021, 2022, 2023, 2024, 2025]",2026,3,Thu,35,17:30,0.4,0.2,0,0,37,185,569,2.2357,10,15.5,1.55,True
"[2019, 2020]",2021,3,Thu,36,18:00,0.4,0.2,40,15,309,1545,76,17.4382,75,16.6,0.2213,True
"[2019, 2020, 2021]",2022,3,Thu,36,18:00,0.4,0.2,40,15,309,1545,151,8.8868,61,50.7,0.8311,True
"[2019, 2020, 2021, 2022]",2023,3,Thu,36,18:00,0.4,0.2,35,15,310,1550,221,6.7425,78,513.4,6.5821,True
"[2019, 2020, 2021, 2022, 2023]",2024,3,Thu,36,18:00,0.4,0.2,35,15,310,1550,299,6.7007,78,207.4,2.659,True
"[2019, 2020, 2021, 2022, 2023, 2024]",2025,3,Thu,36,18:00,0.4,0.2,0,5,317,1585,547,6.142,93,667.1,7.1731,True
"[2019, 2020, 2021, 2022, 2023, 2024, 2025]",2026,3,Thu,36,18:00,0.4,0.2,0,5,260,1300,640,6.4339,20,240.0,12.0,True
"[2019, 2020]",2021,3,Thu,37,18:30,0.4,0.2,55,0,11,55,49,4.2245,43,-21.6,-0.5023,False
"[2019, 2020, 2021]",2022,3,Thu,37,18:30,0.4,0.2,55,0,11,55,92,2.0152,55,-118.0,-2.1455,False
"[2019, 2020, 2021, 2022]",2023,3,Thu,37,18:30,0.4,0.2,0,0,23,115,290,1.2886,84,243.7,2.9012,True
"[2019, 2020, 2021, 2022, 2023]",2024,3,Thu,37,18:30,0.4,0.2,0,0,23,115,374,1.6508,74,-56.9,-0.7689,False
"[2019, 2020, 2021, 2022, 2023, 2024]",2025,3,Thu,37,18:30,0.4,0.2,0,0,23,115,448,1.2511,74,-106.8,-1.4432,False
"[2019, 2020, 2021, 2022, 2023, 2024, 2025]",2026,3,Thu,37,18:30,0.4,0.2,0,0,23,115,522,0.8692,6,19.6,3.2667,True
"[2019, 2020]",2021,3,Thu,38,19:00,0.4,0.2,0,0,342,1710,120,3.1775,113,31.8,0.2814,True
"[2019, 2020, 2021]",2022,3,Thu,38,19:00,0.4,0.2,0,20,223,1115,233,1.9755,74,315.8,4.2676,True
"[2019, 2020, 2021, 2022]",2023,3,Thu,38,19:00,0.4,0.2,0,20,223,1115,307,2.528,94,324.4,3.4511,True
"[2019, 2020, 2021, 2022, 2023]",2024,3,Thu,38,19:00,0.4,0.2,0,60,272,1360,401,3.5526,112,103.7,0.9259,True
"[2019, 2020, 2021, 2022, 2023, 2024]",2025,3,Thu,38,19:00,0.4,0.2,0,60,170,850,513,3.0914,124,313.1,2.525,True
"[2019, 2020, 2021, 2022, 2023, 2024, 2025]",2026,3,Thu,38,19:00,0.4,0.2,0,60,345,1725,637,3.3369,8,-88.0,-11.0,False
"[2019, 2020]",2021,3,Thu,39,19:30,0.4,0.2,15,20,38,190,87,10.3989,65,-162.1,-2.4938,False
"[2019, 2020, 2021]",2022,3,Thu,39,19:30,0.4,0.2,45,55,32,160,99,4.9626,56,-139.1,-2.4839,False
"[2019, 2020, 2021, 2022]",2023,3,Thu,39,19:30,0.4,0.2,15,20,246,1230,232,3.7517,61,12.8,0.2098,True
"[2019, 2020, 2021, 2022, 2023]",2024,3,Thu,39,19:30,0.4,0.2,15,20,196,980,293,3.0324,68,-332.7,-4.8926,False
"[2019, 2020, 2021, 2022, 2023, 2024]",2025,3,Thu,39,19:30,0.4,0.2,15,20,196,980,361,1.5396,71,-292.2,-4.1155,False
"[2019, 2020, 2021, 2022, 2023, 2024, 2025]",2026,3,Thu,39,19:30,0.4,0.2,15,20,196,980,432,0.6102,11,52.5,4.7727,True
[2019],2020,3,Thu,40,20:00,0.4,0.2,60,55,62,310,21,29.3143,68,-272.5,-4.0074,False
"[2019, 2020]",2021,3,Thu,40,20:00,0.4,0.2,0,60,323,1615,147,10.7912,134,537.1,4.0082,True
"[2019, 2020, 2021]",2022,3,Thu,40,20:00,0.4,0.2,0,60,322,1610,281,7.5865,120,890.6,7.4217,True
"[2019, 2020, 2021, 2022]",2023,3,Thu,40,20:00,0.4,0.2,0,60,521,2605,401,7.7209,126,1308.5,10.3849,True
"[2019, 2020, 2021, 2022, 2023]",2024,3,Thu,40,20:00,0.4,0.2,0,60,518,2590,527,8.4101,119,-234.4,-1.9697,False
"[2019, 2020, 2021, 2022, 2023, 2024]",2025,3,Thu,40,20:00,0.4,0.2,0,60,518,2590,646,6.498,126,31.7,0.2516,True
"[2019, 2020, 2021, 2022, 2023, 2024, 2025]",2026,3,Thu,40,20:00,0.4,0.2,0,60,501,2505,772,5.4823,21,158.6,7.5524,True
"[2019, 2020]",2021,3,Thu,41,20:30,0.4,0.2,25,60,64,320,66,5.0606,63,-338.6,-5.3746,False
"[2019, 2020, 2021]",2022,3,Thu,41,20:30,0.4,0.2,5,60,47,235,190,0.3942,86,-312.2,-3.6302,False
"[2019, 2020, 2021, 2022]",2023,3,Thu,41,20:30,0.4,0.2,5,60,142,710,276,0.3152,71,20.7,0.2915,True
"[2019, 2020, 2021, 2022, 2023]",2024,3,Thu,41,20:30,0.4,0.2,0,60,325,1625,377,0.4928,83,-28.3,-0.341,False
"[2019, 2020, 2021, 2022, 2023, 2024]",2025,3,Thu,41,20:30,0.4,0.2,0,60,71,355,460,0.3935,115,-27.5,-0.2391,False
"[2019, 2020, 2021, 2022, 2023, 2024, 2025]",2026,3,Thu,41,20:30,0.4,0.2,0,60,71,355,575,0.267,4,36.4,9.1,True
[2019],2020,3,Thu,43,21:30,0.4,0.2,0,30,49,245,23,3.6609,116,-876.5,-7.556,False
"[2019, 2020]",2021,3,Thu,43,21:30,0.4,0.2,45,40,89,445,54,1.8333,58,-146.2,-2.5207,False
"[2019, 2020, 2021]",2022,3,Thu,43,21:30,0.4,0.2,50,40,88,440,105,0.0533,36,-55.5,-1.5417,False
"[2019, 2020, 2021, 2022]",2023,3,Thu,43,21:30,0.4,0.2,60,60,164,820,128,2.3523,34,315.3,9.2735,True
"[2019, 2020, 2021, 2022, 2023]",2024,3,Thu,43,21:30,0.4,0.2,60,60,167,835,162,3.9364,36,-48.5,-1.3472,False
"[2019, 2020, 2021, 2022, 2023, 2024]",2025,3,Thu,43,21:30,0.4,0.2,60,60,379,1895,198,3.252,43,-360.9,-8.393,False
"[2019, 2020, 2021, 2022, 2023, 2024, 2025]",2026,3,Thu,43,21:30,0.4,0.2,60,55,167,835,241,1.512,3,-41.6,-13.8667,False
"[2019, 2020, 2021]",2022,3,Thu,44,22:00,0.4,0.2,60,0,229,1145,163,1.9589,72,211.3,2.9347,True
"[2019, 2020, 2021, 2022]",2023,3,Thu,44,22:00,0.4,0.2,60,20,366,1830,235,2.854,59,340.7,5.7746,True
"[2019, 2020, 2021, 2022, 2023]",2024,3,Thu,44,22:00,0.4,0.2,60,20,466,2330,294,3.5476,77,-87.2,-1.1325,False
"[2019, 2020, 2021, 2022, 2023, 2024]",2025,3,Thu,44,22:00,0.4,0.2,60,20,466,2330,371,2.5763,88,256.4,2.9136,True
"[2019, 2020, 2021, 2022, 2023, 2024, 2025]",2026,3,Thu,44,22:00,0.4,0.2,60,0,253,1265,459,3.1941,4,-18.9,-4.725,False
"[2019, 2020]",2021,3,Thu,45,22:30,0.4,0.2,0,40,88,440,132,0.6159,123,-62.9,-0.5114,False
"[2019, 2020, 2021]",2022,3,Thu,45,22:30,0.4,0.2,55,0,251,1255,105,3.7571,51,-162.3,-3.1824,False
"[2019, 2020, 2021, 2022]",2023,3,Thu,45,22:30,0.4,0.2,60,30,305,1525,146,7.9322,48,254.1,5.2937,True
"[2019, 2020, 2021, 2022, 2023]",2024,3,Thu,45,22:30,0.4,0.2,60,30,305,1525,194,7.2794,35,-296.5,-8.4714,False
"[2019, 2020, 2021, 2022, 2023, 2024]",2025,3,Thu,45,22:30,0.4,0.2,60,30,305,1525,229,4.8721,41,-99.3,-2.422,False
"[2019, 2020, 2021, 2022, 2023, 2024, 2025]",2026,3,Thu,45,22:30,0.4,0.2,60,30,305,1525,270,3.7644,6,-99.6,-16.6,False
[2019],2020,3,Thu,46,23:00,0.4,0.2,15,25,10,50,25,1.5,140,-38.1,-0.2721,False
"[2019, 2020]",2021,3,Thu,46,23:00,0.4,0.2,30,0,76,380,130,3.5092,115,97.3,0.8461,True
"[2019, 2020, 2021]",2022,3,Thu,46,23:00,0.4,0.2,35,0,250,1250,232,3.1172,93,558.1,6.0011,True
"[2019, 2020, 2021, 2022]",2023,3,Thu,46,23:00,0.4,0.2,35,0,483,2415,325,4.0298,94,-24.3,-0.2585,False
"[2019, 2020, 2021, 2022, 2023]",2024,3,Thu,46,23:00,0.4,0.2,0,60,218,1090,652,3.0793,160,343.4,2.1463,True
"[2019, 2020, 2021, 2022, 2023, 2024]",2025,3,Thu,46,23:00,0.4,0.2,60,0,238,1190,390,4.0313,71,321.3,4.5254,True
"[2019, 2020, 2021, 2022, 2023, 2024, 2025]",2026,3,Thu,46,23:00,0.4,0.2,60,0,195,975,461,4.1573,9,41.6,4.6222,True
[2019],2020,3,Thu,47,23:30,0.4,0.2,10,10,328,1640,18,3.1833,110,777.0,7.0636,True
"[2019, 2020]",2021,3,Thu,47,23:30,0.4,0.2,60,55,80,400,70,12.51,59,-225.8,-3.8271,False
"[2019, 2020, 2021]",2022,3,Thu,47,23:30,0.4,0.2,25,50,140,700,195,8.0815,71,-180.1,-2.5366,False
"[2019, 2020, 2021, 2022]",2023,3,Thu,47,23:30,0.4,0.2,15,35,299,1495,301,7.8993,86,-126.3,-1.4686,False
"[2019, 2020, 2021, 2022, 2023]",2024,3,Thu,47,23:30,0.4,0.2,15,35,299,1495,387,5.8176,100,-842.8,-8.428,False
"[2019, 2020, 2021, 2022, 2023, 2024]",2025,3,Thu,47,23:30,0.4,0.2,20,30,298,1490,459,2.9636,99,132.6,1.3394,True
"[2019, 2020, 2021, 2022, 2023, 2024, 2025]",2026,3,Thu,47,23:30,0.4,0.2,30,0,231,1155,446,2.8439,15,-21.4,-1.4267,False
[2019],2020,4,Fri,0,00:00,0.4,0.2,25,5,200,1000,25,7.012,174,702.6,4.0379,True
"[2019, 2020]",2021,4,Fri,0,00:00,0.4,0.2,60,60,220,1100,149,6.5678,110,-251.5,-2.2864,False
"[2019, 2020, 2021]",2022,4,Fri,0,00:00,0.4,0.2,0,60,229,1145,477,4.0325,219,2283.1,10.4251,True
"[2019, 2020, 2021, 2022]",2023,4,Fri,0,00:00,0.4,0.2,0,60,229,1145,696,6.044,220,1075.3,4.8877,True
"[2019, 2020, 2021, 2022, 2023]",2024,4,Fri,0,00:00,0.4,0.2,0,60,298,1490,916,5.7878,174,856.1,4.9201,True
"[2019, 2020, 2021, 2022, 2023, 2024]",2025,4,Fri,0,00:00,0.4,0.2,0,0,189,945,1090,5.8888,257,2710.0,10.5447,True
"[2019, 2020, 2021, 2022, 2023, 2024, 2025]",2026,4,Fri,0,00:00,0.4,0.2,0,60,187,935,1347,7.3004,26,668.7,25.7192,True
[2019],2020,4,Fri,1,00:30,0.4,0.2,15,50,353,1765,19,14.3947,98,475.0,4.8469,True
"[2019, 2020]",2021,4,Fri,1,00:30,0.4,0.2,40,0,175,875,80,12.8188,105,96.2,0.9162,True
"[2019, 2020, 2021]",2022,4,Fri,1,00:30,0.4,0.2,60,0,374,1870,162,6.6605,52,1387.7,26.6865,True
"[2019, 2020, 2021, 2022]",2023,4,Fri,1,00:30,0.4,0.2,60,0,280,1400,214,12.6435,66,510.9,7.7409,True
"[2019, 2020, 2021, 2022, 2023]",2024,4,Fri,1,00:30,0.4,0.2,60,0,280,1400,280,11.4879,71,80.7,1.1366,True
"[2019, 2020, 2021, 2022, 2023, 2024]",2025,4,Fri,1,00:30,0.4,0.2,60,0,280,1400,351,9.394,63,552.1,8.7635,True
"[2019, 2020, 2021, 2022, 2023, 2024, 2025]",2026,4,Fri,1,00:30,0.4,0.2,60,0,280,1400,414,9.2981,7,64.0,9.1429,True
[2019],2020,4,Fri,2,01:00,0.4,0.2,0,45,141,705,23,6.4478,159,1329.1,8.3591,True
"[2019, 2020]",2021,4,Fri,2,01:00,0.4,0.2,45,0,87,435,118,8.6805,111,-109.6,-0.9874,False
"[2019, 2020, 2021]",2022,4,Fri,2,01:00,0.4,0.2,0,45,169,845,342,5.5216,165,1659.7,10.0588,True
"[2019, 2020, 2021, 2022]",2023,4,Fri,2,01:00,0.4,0.2,0,0,282,1410,507,8.6393,159,1613.4,10.1472,True
"[2019, 2020, 2021, 2022, 2023]",2024,4,Fri,2,01:00,0.4,0.2,0,0,282,1410,666,8.9992,137,689.0,5.0292,True
"[2019, 2020, 2021, 2022, 2023, 2024]",2025,4,Fri,2,01:00,0.4,0.2,0,0,282,1410,803,8.3219,132,1034.6,7.8379,True
"[2019, 2020, 2021, 2022, 2023, 2024, 2025]",2026,4,Fri,2,01:00,0.4,0.2,0,0,282,1410,935,8.2536,12,66.2,5.5167,True
[2019],2020,4,Fri,3,01:30,0.4,0.2,0,40,216,1080,15,5.6533,137,1492.8,10.8964,True
"[2019, 2020]",2021,4,Fri,3,01:30,0.4,0.2,50,60,210,1050,80,17.4188,80,-111.9,-1.3987,False
"[2019, 2020, 2021]",2022,4,Fri,3,01:30,0.4,0.2,45,0,211,1055,161,9.3224,84,1363.7,16.2345,True
"[2019, 2020, 2021, 2022]",2023,4,Fri,3,01:30,0.4,0.2,45,0,272,1360,245,11.869,64,430.3,6.7234,True
"[2019, 2020, 2021, 2022, 2023]",2024,4,Fri,3,01:30,0.4,0.2,45,60,131,655,309,11.1123,73,132.3,1.8123,True
"[2019, 2020, 2021, 2022, 2023, 2024]",2025,4,Fri,3,01:30,0.4,0.2,55,0,270,1350,364,9.8659,85,335.1,3.9424,True
"[2019, 2020, 2021, 2022, 2023, 2024, 2025]",2026,4,Fri,3,01:30,0.4,0.2,50,0,213,1065,457,8.84,4,-4.8,-1.2,False
[2019],2020,4,Fri,4,02:00,0.4,0.2,0,5,188,940,22,5.4818,109,331.0,3.0367,True
"[2019, 2020]",2021,4,Fri,4,02:00,0.4,0.2,60,0,157,785,68,5.5809,75,232.9,3.1053,True
"[2019, 2020, 2021]",2022,4,Fri,4,02:00,0.4,0.2,60,0,189,945,143,4.3371,68,1397.2,20.5471,True
"[2019, 2020, 2021, 2022]",2023,4,Fri,4,02:00,0.4,0.2,40,60,132,660,257,10.2619,94,-272.1,-2.8947,False
"[2019, 2020, 2021, 2022, 2023]",2024,4,Fri,4,02:00,0.4,0.2,60,0,194,970,286,8.4276,74,20.3,0.2743,True
"[2019, 2020, 2021, 2022, 2023, 2024]",2025,4,Fri,4,02:00,0.4,0.2,60,0,191,955,360,6.7667,77,152.4,1.9792,True
"[2019, 2020, 2021, 2022, 2023, 2024, 2025]",2026,4,Fri,4,02:00,0.4,0.2,0,0,203,1015,758,6.3049,6,48.4,8.0667,True
"[2019, 2020]",2021,4,Fri,5,02:30,0.4,0.2,15,55,150,750,122,3.518,66,-90.5,-1.3712,False
"[2019, 2020, 2021]",2022,4,Fri,5,02:30,0.4,0.2,5,55,152,760,221,1.9814,97,287.0,2.9588,True
"[2019, 2020, 2021, 2022]",2023,4,Fri,5,02:30,0.4,0.2,0,55,142,710,339,2.6791,124,725.5,5.8508,True
"[2019, 2020, 2021, 2022, 2023]",2024,4,Fri,5,02:30,0.4,0.2,60,0,178,890,238,3.7109,68,-20.1,-0.2956,False
"[2019, 2020, 2021, 2022, 2023, 2024]",2025,4,Fri,5,02:30,0.4,0.2,0,0,190,950,571,3.2648,90,1104.2,12.2689,True
"[2019, 2020, 2021, 2022, 2023, 2024, 2025]",2026,4,Fri,5,02:30,0.4,0.2,45,0,137,685,396,4.6674,10,147.1,14.71,True
[2019],2020,4,Fri,6,03:00,0.4,0.2,0,0,96,480,19,1.3632,103,223.3,2.168,True
"[2019, 2020]",2021,4,Fri,6,03:00,0.4,0.2,0,0,71,355,122,2.3377,141,239.0,1.695,True
"[2019, 2020, 2021]",2022,4,Fri,6,03:00,0.4,0.2,0,0,156,780,263,2.435,134,1447.8,10.8045,True
"[2019, 2020, 2021, 2022]",2023,4,Fri,6,03:00,0.4,0.2,45,0,326,1630,243,6.086,61,67.1,1.1,True
"[2019, 2020, 2021, 2022, 2023]",2024,4,Fri,6,03:00,0.4,0.2,60,0,323,1615,261,5.6674,82,1324.8,16.1561,True
"[2019, 2020, 2021, 2022, 2023, 2024]",2025,4,Fri,6,03:00,0.4,0.2,60,0,272,1360,343,9.7359,57,-95.5,-1.6754,False
"[2019, 2020, 2021, 2022, 2023, 2024, 2025]",2026,4,Fri,6,03:00,0.4,0.2,60,0,272,1360,400,8.1097,5,-14.7,-2.94,False
[2019],2020,4,Fri,7,03:30,0.4,0.2,5,50,115,575,15,7.1533,98,-129.0,-1.3163,False
"[2019, 2020]",2021,4,Fri,7,03:30,0.4,0.2,25,60,38,190,83,6.5349,50,-36.2,-0.724,False
"[2019, 2020, 2021]",2022,4,Fri,7,03:30,0.4,0.2,25,60,38,190,133,3.806,93,23.2,0.2495,True
"[2019, 2020, 2021, 2022]",2023,4,Fri,7,03:30,0.4,0.2,15,60,147,735,261,5.8625,72,373.2,5.1833,True
"[2019, 2020, 2021, 2022, 2023]",2024,4,Fri,7,03:30,0.4,0.2,35,60,138,690,252,6.0032,56,-277.8,-4.9607,False
"[2019, 2020, 2021, 2022, 2023, 2024]",2025,4,Fri,7,03:30,0.4,0.2,15,60,143,715,405,4.6891,66,-269.5,-4.0833,False
"[2019, 2020, 2021, 2022, 2023, 2024, 2025]",2026,4,Fri,7,03:30,0.4,0.2,15,60,143,715,471,3.4599,8,47.1,5.8875,True
[2019],2020,4,Fri,8,04:00,0.4,0.2,20,55,32,160,16,0.275,120,-40.4,-0.3367,False
"[2019, 2020]",2021,4,Fri,8,04:00,0.4,0.2,50,60,47,235,101,6.8139,133,709.4,5.3338,True
"[2019, 2020, 2021]",2022,4,Fri,8,04:00,0.4,0.2,0,50,74,370,361,6.5313,132,808.7,6.1265,True
"[2019, 2020, 2021, 2022]",2023,4,Fri,8,04:00,0.4,0.2,0,50,121,605,493,6.8436,177,1248.7,7.0548,True
"[2019, 2020, 2021, 2022, 2023]",2024,4,Fri,8,04:00,0.4,0.2,0,50,120,600,670,6.9337,131,645.0,4.9237,True
"[2019, 2020, 2021, 2022, 2023, 2024]",2025,4,Fri,8,04:00,0.4,0.2,0,45,347,1735,801,7.3509,150,1504.4,10.0293,True
"[2019, 2020, 2021, 2022, 2023, 2024, 2025]",2026,4,Fri,8,04:00,0.4,0.2,0,45,347,1735,951,7.7734,25,153.8,6.152,True
"[2019, 2020]",2021,4,Fri,9,04:30,0.4,0.2,60,20,105,525,62,14.1081,54,206.9,3.8315,True
"[2019, 2020, 2021]",2022,4,Fri,9,04:30,0.4,0.2,60,20,105,525,116,9.3241,46,546.4,11.8783,True
"[2019, 2020, 2021, 2022]",2023,4,Fri,9,04:30,0.4,0.2,50,30,181,905,190,11.83,53,128.9,2.4321,True
"[2019, 2020, 2021, 2022, 2023]",2024,4,Fri,9,04:30,0.4,0.2,25,60,176,880,327,9.878,87,235.2,2.7034,True
"[2019, 2020, 2021, 2022, 2023, 2024]",2025,4,Fri,9,04:30,0.4,0.2,60,20,291,1455,263,8.5331,39,-124.5,-3.1923,False
"[2019, 2020, 2021, 2022, 2023, 2024, 2025]",2026,4,Fri,9,04:30,0.4,0.2,60,0,331,1655,302,7.1301,8,-21.2,-2.65,False
[2019],2020,4,Fri,10,05:00,0.4,0.2,5,40,14,70,27,0.0444,134,447.8,3.3418,True
"[2019, 2020]",2021,4,Fri,10,05:00,0.4,0.2,0,40,26,130,164,6.6683,167,356.9,2.1371,True
"[2019, 2020, 2021]",2022,4,Fri,10,05:00,0.4,0.2,50,0,233,1165,199,7.6834,74,-35.8,-0.4838,False
"[2019, 2020, 2021, 2022]",2023,4,Fri,10,05:00,0.4,0.2,0,0,243,1215,465,5.6166,163,342.3,2.1,True
"[2019, 2020, 2021, 2022, 2023]",2024,4,Fri,10,05:00,0.4,0.2,0,0,251,1255,628,4.7068,128,115.4,0.9016,True
"[2019, 2020, 2021, 2022, 2023, 2024]",2025,4,Fri,10,05:00,0.4,0.2,0,0,251,1255,756,4.0626,137,401.8,2.9328,True
"[2019, 2020, 2021, 2022, 2023, 2024, 2025]",2026,4,Fri,10,05:00,0.4,0.2,0,0,251,1255,893,3.8892,17,209.6,12.3294,True
"[2019, 2020]",2021,4,Fri,11,05:30,0.4,0.2,35,0,110,550,76,3.1816,75,296.8,3.9573,True
"[2019, 2020, 2021]",2022,4,Fri,11,05:30,0.4,0.2,35,0,133,665,151,3.6046,79,226.1,2.862,True
"[2019, 2020, 2021, 2022]",2023,4,Fri,11,05:30,0.4,0.2,0,0,120,600,399,3.8193,142,1232.1,8.6768,True
"[2019, 2020, 2021, 2022, 2023]",2024,4,Fri,11,05:30,0.4,0.2,30,0,140,700,334,5.1958,73,177.2,2.4274,True
"[2019, 2020, 2021, 2022, 2023, 2024]",2025,4,Fri,11,05:30,0.4,0.2,40,0,138,690,367,4.7572,70,216.9,3.0986,True
"[2019, 2020, 2021, 2022, 2023, 2024, 2025]",2026,4,Fri,11,05:30,0.4,0.2,35,0,139,695,455,4.5435,11,102.4,9.3091,True
[2019],2020,4,Fri,12,06:00,0.4,0.2,10,55,104,520,32,2.2406,148,954.8,6.4514,True
"[2019, 2020]",2021,4,Fri,12,06:00,0.4,0.2,60,60,91,455,95,11.2337,93,344.1,3.7,True
"[2019, 2020, 2021]",2022,4,Fri,12,06:00,0.4,0.2,60,60,91,455,188,7.5069,82,288.1,3.5134,True
"[2019, 2020, 2021, 2022]",2023,4,Fri,12,06:00,0.4,0.2,0,60,103,515,531,7.2623,147,643.4,4.3769,True
"[2019, 2020, 2021, 2022, 2023]",2024,4,Fri,12,06:00,0.4,0.2,0,0,174,870,678,6.9953,195,1307.3,6.7041,True
"[2019, 2020, 2021, 2022, 2023, 2024]",2025,4,Fri,12,06:00,0.4,0.2,0,0,174,870,873,6.9302,199,784.0,3.9397,True
"[2019, 2020, 2021, 2022, 2023, 2024, 2025]",2026,4,Fri,12,06:00,0.4,0.2,0,0,174,870,1072,6.3751,14,-14.2,-1.0143,False
[2019],2020,4,Fri,13,06:30,0.4,0.2,0,0,105,525,20,9.595,144,787.8,5.4708,True
"[2019, 2020]",2021,4,Fri,13,06:30,0.4,0.2,20,0,121,605,113,7.1903,97,162.8,1.6784,True
"[2019, 2020, 2021]",2022,4,Fri,13,06:30,0.4,0.2,0,0,124,620,290,5.2,136,1323.9,9.7346,True
"[2019, 2020, 2021, 2022]",2023,4,Fri,13,06:30,0.4,0.2,0,0,124,620,426,6.6477,128,497.7,3.8883,True
"[2019, 2020, 2021, 2022, 2023]",2024,4,Fri,13,06:30,0.4,0.2,60,0,99,495,244,6.3922,82,40.9,0.4988,True
"[2019, 2020, 2021, 2022, 2023, 2024]",2025,4,Fri,13,06:30,0.4,0.2,0,0,101,505,719,6.841,133,778.0,5.8496,True
"[2019, 2020, 2021, 2022, 2023, 2024, 2025]",2026,4,Fri,13,06:30,0.4,0.2,0,0,98,490,852,6.7174,14,24.2,1.7286,True
[2019],2020,4,Fri,14,07:00,0.4,0.2,45,50,113,565,23,9.9957,114,705.0,6.1842,True
"[2019, 2020]",2021,4,Fri,14,07:00,0.4,0.2,0,50,94,470,205,11.0141,167,29.4,0.176,True
"[2019, 2020, 2021]",2022,4,Fri,14,07:00,0.4,0.2,0,0,139,695,372,7.5508,172,1668.9,9.7029,True
"[2019, 2020, 2021, 2022]",2023,4,Fri,14,07:00,0.4,0.2,0,0,150,750,544,8.2575,178,1205.6,6.773,True
"[2019, 2020, 2021, 2022, 2023]",2024,4,Fri,14,07:00,0.4,0.2,0,0,150,750,722,7.8916,165,2184.1,13.237,True
"[2019, 2020, 2021, 2022, 2023, 2024]",2025,4,Fri,14,07:00,0.4,0.2,0,0,275,1375,887,8.9389,178,337.0,1.8933,True
"[2019, 2020, 2021, 2022, 2023, 2024, 2025]",2026,4,Fri,14,07:00,0.4,0.2,0,0,275,1375,1065,7.7613,21,348.1,16.5762,True
[2019],2020,4,Fri,15,07:30,0.4,0.2,55,25,89,445,18,4.8833,57,35.4,0.6211,True
"[2019, 2020]",2021,4,Fri,15,07:30,0.4,0.2,40,0,60,300,86,6.5965,68,324.6,4.7735,True
"[2019, 2020, 2021]",2022,4,Fri,15,07:30,0.4,0.2,40,0,60,300,154,5.7916,57,260.3,4.5667,True
"[2019, 2020, 2021, 2022]",2023,4,Fri,15,07:30,0.4,0.2,40,0,366,1830,211,5.6427,88,637.2,7.2409,True
"[2019, 2020, 2021, 2022, 2023]",2024,4,Fri,15,07:30,0.4,0.2,0,0,112,560,545,6.4363,151,1333.2,8.8291,True
"[2019, 2020, 2021, 2022, 2023, 2024]",2025,4,Fri,15,07:30,0.4,0.2,0,0,113,565,696,6.9647,109,84.6,0.7761,True
"[2019, 2020, 2021, 2022, 2023, 2024, 2025]",2026,4,Fri,15,07:30,0.4,0.2,0,0,113,565,805,6.1267,8,-27.5,-3.4375,False
[2019],2020,4,Fri,16,08:00,0.4,0.2,45,60,83,415,23,15.3652,123,802.8,6.5268,True
"[2019, 2020]",2021,4,Fri,16,08:00,0.4,0.2,0,60,98,490,215,12.3465,183,1478.4,8.0787,True
"[2019, 2020, 2021]",2022,4,Fri,16,08:00,0.4,0.2,0,60,129,645,398,10.4563,178,2164.4,12.1596,True
"[2019, 2020, 2021, 2022]",2023,4,Fri,16,08:00,0.4,0.2,0,60,131,655,576,11.0944,170,1822.6,10.7212,True
"[2019, 2020, 2021, 2022, 2023]",2024,4,Fri,16,08:00,0.4,0.2,0,60,128,640,746,11.0469,161,1314.4,8.164,True
"[2019, 2020, 2021, 2022, 2023, 2024]",2025,4,Fri,16,08:00,0.4,0.2,0,60,128,640,907,10.5352,185,2323.7,12.5605,True
"[2019, 2020, 2021, 2022, 2023, 2024, 2025]",2026,4,Fri,16,08:00,0.4,0.2,0,60,112,560,1092,10.9041,31,158.7,5.1194,True
[2019],2020,4,Fri,17,08:30,0.4,0.2,35,10,99,495,15,26.3267,76,-45.4,-0.5974,False
"[2019, 2020]",2021,4,Fri,17,08:30,0.4,0.2,0,10,106,530,145,7.5124,110,659.3,5.9936,True
"[2019, 2020, 2021]",2022,4,Fri,17,08:30,0.4,0.2,0,0,103,515,255,6.9847,124,1393.5,11.2379,True
"[2019, 2020, 2021, 2022]",2023,4,Fri,17,08:30,0.4,0.2,0,60,69,345,379,8.7074,127,858.4,6.7591,True
"[2019, 2020, 2021, 2022, 2023]",2024,4,Fri,17,08:30,0.4,0.2,0,40,70,350,506,8.5356,108,644.6,5.9685,True
"[2019, 2020, 2021, 2022, 2023, 2024]",2025,4,Fri,17,08:30,0.4,0.2,0,40,70,350,614,8.084,110,438.1,3.9827,True
"[2019, 2020, 2021, 2022, 2023, 2024, 2025]",2026,4,Fri,17,08:30,0.4,0.2,0,0,103,515,724,7.6276,16,131.9,8.2437,True
[2019],2020,4,Fri,18,09:00,0.4,0.2,60,0,286,1430,26,10.5577,86,569.8,6.6256,True
"[2019, 2020]",2021,4,Fri,18,09:00,0.4,0.2,0,0,123,615,166,11.0952,146,1905.1,13.0486,True
"[2019, 2020, 2021]",2022,4,Fri,18,09:00,0.4,0.2,0,15,121,605,312,12.4186,125,1628.9,13.0312,True
"[2019, 2020, 2021, 2022]",2023,4,Fri,18,09:00,0.4,0.2,0,45,122,610,437,13.7986,133,1363.7,10.2534,True
"[2019, 2020, 2021, 2022, 2023]",2024,4,Fri,18,09:00,0.4,0.2,0,45,122,610,570,12.9714,150,993.8,6.6253,True
"[2019, 2020, 2021, 2022, 2023, 2024]",2025,4,Fri,18,09:00,0.4,0.2,0,45,119,595,720,11.6571,138,667.0,4.8333,True
"[2019, 2020, 2021, 2022, 2023, 2024, 2025]",2026,4,Fri,18,09:00,0.4,0.2,0,15,119,595,858,10.695,16,-40.7,-2.5438,False
[2019],2020,4,Fri,19,09:30,0.4,0.2,0,60,98,490,23,6.2261,123,553.3,4.4984,True
"[2019, 2020]",2021,4,Fri,19,09:30,0.4,0.2,0,60,205,1025,146,6.1301,143,1116.2,7.8056,True
"[2019, 2020, 2021]",2022,4,Fri,19,09:30,0.4,0.2,0,60,476,2380,289,7.7824,95,1446.7,15.2284,True
"[2019, 2020, 2021, 2022]",2023,4,Fri,19,09:30,0.4,0.2,0,60,216,1080,384,10.0362,132,-112.8,-0.8545,False
"[2019, 2020, 2021, 2022, 2023]",2024,4,Fri,19,09:30,0.4,0.2,60,0,177,885,262,8.7897,49,212.3,4.3327,True
"[2019, 2020, 2021, 2022, 2023, 2024]",2025,4,Fri,19,09:30,0.4,0.2,60,0,177,885,311,8.0875,47,82.8,1.7617,True
[2019],2020,4,Fri,20,10:00,0.4,0.2,10,45,100,500,15,8.54,99,670.0,6.7677,True
"[2019, 2020]",2021,4,Fri,20,10:00,0.4,0.2,50,0,61,305,74,8.7608,68,318.9,4.6897,True
"[2019, 2020, 2021]",2022,4,Fri,20,10:00,0.4,0.2,50,0,388,1940,142,7.7796,98,133.7,1.3643,True
"[2019, 2020, 2021, 2022]",2023,4,Fri,20,10:00,0.4,0.2,0,60,110,550,393,7.3908,125,824.8,6.5984,True
"[2019, 2020, 2021, 2022, 2023]",2024,4,Fri,20,10:00,0.4,0.2,0,40,107,535,518,7.6033,111,-59.3,-0.5342,False
"[2019, 2020, 2021, 2022, 2023, 2024]",2025,4,Fri,20,10:00,0.4,0.2,0,0,107,535,629,6.3634,157,812.7,5.1764,True
"[2019, 2020, 2021, 2022, 2023, 2024, 2025]",2026,4,Fri,20,10:00,0.4,0.2,0,0,275,1375,786,6.4557,13,153.3,11.7923,True
[2019],2020,4,Fri,21,10:30,0.4,0.2,5,45,94,470,16,2.9375,120,776.5,6.4708,True
"[2019, 2020]",2021,4,Fri,21,10:30,0.4,0.2,45,60,157,785,79,12.3241,67,503.7,7.5179,True
"[2019, 2020, 2021]",2022,4,Fri,21,10:30,0.4,0.2,45,0,92,460,146,11.1342,56,388.7,6.9411,True
"[2019, 2020, 2021, 2022]",2023,4,Fri,21,10:30,0.4,0.2,50,0,91,455,197,9.9807,54,498.2,9.2259,True
"[2019, 2020, 2021, 2022, 2023]",2024,4,Fri,21,10:30,0.4,0.2,45,0,92,460,256,9.9367,52,423.4,8.1423,True
"[2019, 2020, 2021, 2022, 2023, 2024]",2025,4,Fri,21,10:30,0.4,0.2,45,0,92,460,308,9.6338,65,159.9,2.46,True
"[2019, 2020, 2021, 2022, 2023, 2024, 2025]",2026,4,Fri,21,10:30,0.4,0.2,45,0,92,460,373,8.3836,7,15.7,2.2429,True
[2019],2020,4,Fri,22,11:00,0.4,0.2,0,0,276,1380,25,7.804,149,1163.4,7.8081,True
"[2019, 2020]",2021,4,Fri,22,11:00,0.4,0.2,15,0,49,245,142,8.2099,100,581.7,5.817,True
"[2019, 2020, 2021]",2022,4,Fri,22,11:00,0.4,0.2,0,0,50,250,296,7.724,110,831.9,7.5627,True
"[2019, 2020, 2021, 2022]",2023,4,Fri,22,11:00,0.4,0.2,0,0,43,215,406,7.8818,113,752.2,6.6566,True
"[2019, 2020, 2021, 2022, 2023]",2024,4,Fri,22,11:00,0.4,0.2,0,0,43,215,519,7.615,143,745.9,5.2161,True
"[2019, 2020, 2021, 2022, 2023, 2024]",2025,4,Fri,22,11:00,0.4,0.2,0,0,113,565,662,7.3669,126,619.6,4.9175,True
"[2019, 2020, 2021, 2022, 2023, 2024, 2025]",2026,4,Fri,22,11:00,0.4,0.2,0,0,111,555,788,6.9831,18,127.5,7.0833,True
[2019],2020,4,Fri,23,11:30,0.4,0.2,0,25,33,165,18,6.05,98,594.8,6.0694,True
"[2019, 2020]",2021,4,Fri,23,11:30,0.4,0.2,60,0,184,920,53,8.0566,53,170.3,3.2132,True
"[2019, 2020, 2021]",2022,4,Fri,23,11:30,0.4,0.2,60,0,184,920,106,5.6349,53,89.5,1.6887,True
"[2019, 2020, 2021, 2022]",2023,4,Fri,23,11:30,0.4,0.2,0,30,221,1105,358,5.6436,103,-235.7,-2.2883,False
"[2019, 2020, 2021, 2022, 2023]",2024,4,Fri,23,11:30,0.4,0.2,0,15,221,1105,461,4.4716,100,-132.8,-1.328,False
"[2019, 2020, 2021, 2022, 2023, 2024]",2025,4,Fri,23,11:30,0.4,0.2,0,0,227,1135,561,3.5825,115,115.1,1.0009,True
"[2019, 2020, 2021, 2022, 2023, 2024, 2025]",2026,4,Fri,23,11:30,0.4,0.2,0,15,266,1330,676,3.3183,9,38.2,4.2444,True
[2019],2020,4,Fri,24,12:00,0.4,0.2,30,20,82,410,20,11.665,104,1120.1,10.7702,True
"[2019, 2020]",2021,4,Fri,24,12:00,0.4,0.2,0,60,40,200,170,14.46,157,2129.8,13.5656,True
"[2019, 2020, 2021]",2022,4,Fri,24,12:00,0.4,0.2,0,60,335,1675,327,14.578,169,1944.8,11.5077,True
"[2019, 2020, 2021, 2022]",2023,4,Fri,24,12:00,0.4,0.2,0,60,321,1605,496,13.5343,181,3083.0,17.0331,True
"[2019, 2020, 2021, 2022, 2023]",2024,4,Fri,24,12:00,0.4,0.2,0,60,60,300,677,14.8919,202,2386.4,11.8139,True
"[2019, 2020, 2021, 2022, 2023, 2024]",2025,4,Fri,24,12:00,0.4,0.2,0,60,255,1275,879,14.3306,210,2656.6,12.6505,True
"[2019, 2020, 2021, 2022, 2023, 2024, 2025]",2026,4,Fri,24,12:00,0.4,0.2,0,60,60,300,1089,14.3576,18,61.0,3.3889,True
[2019],2020,4,Fri,25,12:30,0.4,0.2,35,0,47,235,15,14.22,86,79.2,0.9209,True
"[2019, 2020]",2021,4,Fri,25,12:30,0.4,0.2,0,0,260,1300,172,5.4122,149,769.4,5.1638,True
"[2019, 2020, 2021]",2022,4,Fri,25,12:30,0.4,0.2,60,0,248,1240,145,6.2186,89,150.1,1.6865,True
"[2019, 2020, 2021, 2022]",2023,4,Fri,25,12:30,0.4,0.2,0,0,260,1300,488,6.5977,157,1533.1,9.765,True
"[2019, 2020, 2021, 2022, 2023]",2024,4,Fri,25,12:30,0.4,0.2,0,0,135,675,645,7.4136,202,346.9,1.7173,True
"[2019, 2020, 2021, 2022, 2023, 2024]",2025,4,Fri,25,12:30,0.4,0.2,50,0,200,1000,496,7.6869,78,441.6,5.6615,True
"[2019, 2020, 2021, 2022, 2023, 2024, 2025]",2026,4,Fri,25,12:30,0.4,0.2,50,0,249,1245,574,7.5547,9,75.9,8.4333,True
[2019],2020,4,Fri,26,13:00,0.4,0.2,45,0,30,150,15,18.4267,92,599.8,6.5196,True
"[2019, 2020]",2021,4,Fri,26,13:00,0.4,0.2,30,0,33,165,120,8.8992,83,235.9,2.8422,True
"[2019, 2020, 2021]",2022,4,Fri,26,13:00,0.4,0.2,60,0,428,2140,149,11.749,88,464.9,5.283,True
"[2019, 2020, 2021, 2022]",2023,4,Fri,26,13:00,0.4,0.2,0,0,440,2200,456,10.6662,137,2243.9,16.3788,True
"[2019, 2020, 2021, 2022, 2023]",2024,4,Fri,26,13:00,0.4,0.2,0,0,440,2200,593,11.986,153,563.3,3.6817,True
"[2019, 2020, 2021, 2022, 2023, 2024]",2025,4,Fri,26,13:00,0.4,0.2,0,0,440,2200,746,10.2828,154,1496.0,9.7143,True
"[2019, 2020, 2021, 2022, 2023, 2024, 2025]",2026,4,Fri,26,13:00,0.4,0.2,0,0,440,2200,900,10.1856,18,177.2,9.8444,True
[2019],2020,4,Fri,27,13:30,0.4,0.2,20,25,30,150,19,15.9421,107,384.2,3.5907,True
"[2019, 2020]",2021,4,Fri,27,13:30,0.4,0.2,60,10,53,265,79,8.9127,95,904.3,9.5189,True
"[2019, 2020, 2021]",2022,4,Fri,27,13:30,0.4,0.2,60,0,344,1720,174,12.0874,69,443.5,6.4275,True
"[2019, 2020, 2021, 2022]",2023,4,Fri,27,13:30,0.4,0.2,40,0,348,1740,283,11.4057,79,428.8,5.4278,True
"[2019, 2020, 2021, 2022, 2023]",2024,4,Fri,27,13:30,0.4,0.2,40,30,347,1735,362,10.7442,101,-13.0,-0.1287,False
"[2019, 2020, 2021, 2022, 2023, 2024]",2025,4,Fri,27,13:30,0.4,0.2,0,0,292,1460,758,9.5714,146,681.0,4.6644,True
"[2019, 2020, 2021, 2022, 2023, 2024, 2025]",2026,4,Fri,27,13:30,0.4,0.2,0,0,276,1380,904,8.8219,23,9.0,0.3913,True
[2019],2020,4,Fri,28,14:00,0.4,0.2,0,60,39,195,24,10.0708,166,1585.0,9.5482,True
"[2019, 2020]",2021,4,Fri,28,14:00,0.4,0.2,0,60,36,180,190,10.4021,151,770.5,5.1026,True
"[2019, 2020, 2021]",2022,4,Fri,28,14:00,0.4,0.2,0,60,36,180,341,8.0554,159,2054.3,12.9201,True
"[2019, 2020, 2021, 2022]",2023,4,Fri,28,14:00,0.4,0.2,0,0,399,1995,500,10.5868,134,1501.2,11.203,True
"[2019, 2020, 2021, 2022, 2023]",2024,4,Fri,28,14:00,0.4,0.2,0,0,76,380,634,11.1462,154,1911.7,12.4136,True
"[2019, 2020, 2021, 2022, 2023, 2024]",2025,4,Fri,28,14:00,0.4,0.2,0,0,76,380,788,11.3939,183,2551.3,13.9415,True
"[2019, 2020, 2021, 2022, 2023, 2024, 2025]",2026,4,Fri,28,14:00,0.4,0.2,0,0,76,380,971,11.874,27,320.6,11.8741,True
[2019],2020,4,Fri,29,14:30,0.4,0.2,0,60,52,260,23,5.9783,129,456.1,3.5357,True
"[2019, 2020]",2021,4,Fri,29,14:30,0.4,0.2,0,0,50,250,152,5.2934,115,786.4,6.8383,True
"[2019, 2020, 2021]",2022,4,Fri,29,14:30,0.4,0.2,0,0,452,2260,267,6.1637,99,1364.4,13.7818,True
"[2019, 2020, 2021, 2022]",2023,4,Fri,29,14:30,0.4,0.2,0,0,55,275,366,9.6148,112,908.5,8.1116,True
"[2019, 2020, 2021, 2022, 2023]",2024,4,Fri,29,14:30,0.4,0.2,0,0,55,275,478,9.2626,114,859.3,7.5377,True
"[2019, 2020, 2021, 2022, 2023, 2024]",2025,4,Fri,29,14:30,0.4,0.2,0,0,55,275,592,8.9304,135,1163.6,8.6193,True
"[2019, 2020, 2021, 2022, 2023, 2024, 2025]",2026,4,Fri,29,14:30,0.4,0.2,0,0,55,275,727,8.8726,8,-35.3,-4.4125,False
[2019],2020,4,Fri,30,15:00,0.4,0.2,0,0,27,135,24,16.8042,141,2255.8,15.9986,True
"[2019, 2020]",2021,4,Fri,30,15:00,0.4,0.2,0,0,47,235,165,17.9291,132,434.7,3.2932,True
"[2019, 2020, 2021]",2022,4,Fri,30,15:00,0.4,0.2,0,0,47,235,297,11.4242,118,954.6,8.0898,True
"[2019, 2020, 2021, 2022]",2023,4,Fri,30,15:00,0.4,0.2,0,0,52,260,415,10.5472,121,1212.6,10.0215,True
"[2019, 2020, 2021, 2022, 2023]",2024,4,Fri,30,15:00,0.4,0.2,0,0,52,260,536,10.4285,138,1272.3,9.2196,True
"[2019, 2020, 2021, 2022, 2023, 2024]",2025,4,Fri,30,15:00,0.4,0.2,0,0,52,260,674,10.181,139,193.1,1.3892,True
"[2019, 2020, 2021, 2022, 2023, 2024, 2025]",2026,4,Fri,30,15:00,0.4,0.2,0,0,302,1510,813,8.7292,19,41.2,2.1684,True
[2019],2020,4,Fri,31,15:30,0.4,0.2,0,0,24,120,18,5.5556,91,325.9,3.5813,True
"[2019, 2020]",2021,4,Fri,31,15:30,0.4,0.2,0,0,13,65,109,5.1523,126,275.0,2.1825,True
"[2019, 2020, 2021]",2022,4,Fri,31,15:30,0.4,0.2,0,0,45,225,235,3.9834,94,505.5,5.3777,True
"[2019, 2020, 2021, 2022]",2023,4,Fri,31,15:30,0.4,0.2,0,0,45,225,329,4.3818,91,299.0,3.2857,True
"[2019, 2020, 2021, 2022, 2023]",2024,4,Fri,31,15:30,0.4,0.2,0,0,45,225,420,4.1443,96,423.7,4.4135,True
"[2019, 2020, 2021, 2022, 2023, 2024]",2025,4,Fri,31,15:30,0.4,0.2,0,0,45,225,516,4.1944,111,324.4,2.9225,True
"[2019, 2020, 2021, 2022, 2023, 2024, 2025]",2026,4,Fri,31,15:30,0.4,0.2,0,0,45,225,627,3.9692,9,259.3,28.8111,True
[2019],2020,4,Fri,32,16:00,0.4,0.2,0,55,208,1040,15,7.3533,142,146.3,1.0303,True
"[2019, 2020]",2021,4,Fri,32,16:00,0.4,0.2,0,35,50,250,157,5.1115,119,615.9,5.1756,True
"[2019, 2020, 2021]",2022,4,Fri,32,16:00,0.4,0.2,0,30,52,260,276,5.208,128,1125.7,8.7945,True
"[2019, 2020, 2021, 2022]",2023,4,Fri,32,16:00,0.4,0.2,0,30,47,235,404,6.4658,113,785.1,6.9478,True
"[2019, 2020, 2021, 2022, 2023]",2024,4,Fri,32,16:00,0.4,0.2,0,30,47,235,517,6.5712,119,409.6,3.442,True
"[2019, 2020, 2021, 2022, 2023, 2024]",2025,4,Fri,32,16:00,0.4,0.2,0,30,44,220,636,6.0329,167,1121.6,6.7162,True
"[2019, 2020, 2021, 2022, 2023, 2024, 2025]",2026,4,Fri,32,16:00,0.4,0.2,0,30,44,220,803,6.175,15,277.2,18.48,True
[2019],2020,4,Fri,33,16:30,0.4,0.2,0,20,53,265,15,8.1467,79,-62.3,-0.7886,False
"[2019, 2020]",2021,4,Fri,33,16:30,0.4,0.2,0,20,47,235,94,2.0255,85,65.2,0.7671,True
"[2019, 2020, 2021]",2022,4,Fri,33,16:30,0.4,0.2,0,0,47,235,179,2.3553,80,283.7,3.5462,True
"[2019, 2020, 2021, 2022]",2023,4,Fri,33,16:30,0.4,0.2,0,0,295,1475,259,3.2035,86,192.0,2.2326,True
"[2019, 2020, 2021, 2022, 2023]",2024,4,Fri,33,16:30,0.4,0.2,0,0,47,235,345,3.0936,84,111.4,1.3262,True
"[2019, 2020, 2021, 2022, 2023, 2024]",2025,4,Fri,33,16:30,0.4,0.2,0,0,47,235,429,2.7476,88,127.7,1.4511,True
"[2019, 2020, 2021, 2022, 2023, 2024, 2025]",2026,4,Fri,33,16:30,0.4,0.2,0,0,475,2375,517,2.6714,9,69.5,7.7222,True
[2019],2020,4,Fri,34,17:00,0.4,0.2,0,40,53,265,17,2.2118,106,-211.4,-1.9943,False
"[2019, 2020]",2021,4,Fri,34,17:00,0.4,0.2,0,0,17,85,123,5.9098,102,231.1,2.2657,True
"[2019, 2020, 2021]",2022,4,Fri,34,17:00,0.4,0.2,0,0,23,115,225,4.3916,111,705.7,6.3577,True
"[2019, 2020, 2021, 2022]",2023,4,Fri,34,17:00,0.4,0.2,0,0,201,1005,336,5.5265,98,321.8,3.2837,True
"[2019, 2020, 2021, 2022, 2023]",2024,4,Fri,34,17:00,0.4,0.2,0,0,200,1000,434,5.0247,111,11.2,0.1009,True
"[2019, 2020, 2021, 2022, 2023, 2024]",2025,4,Fri,34,17:00,0.4,0.2,0,0,23,115,545,4.0565,109,260.1,2.3862,True
"[2019, 2020, 2021, 2022, 2023, 2024, 2025]",2026,4,Fri,34,17:00,0.4,0.2,0,0,23,115,654,3.7781,17,369.0,21.7059,True
"[2019, 2020]",2021,4,Fri,35,17:30,0.4,0.2,35,60,210,1050,43,12.8349,63,-210.1,-3.3349,False
"[2019, 2020, 2021]",2022,4,Fri,35,17:30,0.4,0.2,35,60,139,695,106,3.7528,46,25.6,0.5565,True
"[2019, 2020, 2021, 2022]",2023,4,Fri,35,17:30,0.4,0.2,40,60,360,1800,149,3.6651,47,-14.5,-0.3085,False
"[2019, 2020, 2021, 2022, 2023]",2024,4,Fri,35,17:30,0.4,0.2,35,60,228,1140,201,2.9841,55,-65.5,-1.1909,False
"[2019, 2020, 2021, 2022, 2023, 2024]",2025,4,Fri,35,17:30,0.4,0.2,35,60,182,910,256,2.2703,64,190.8,2.9813,True
"[2019, 2020, 2021, 2022, 2023, 2024, 2025]",2026,4,Fri,35,17:30,0.4,0.2,35,60,184,920,320,2.4884,5,-79.0,-15.8,False
"[2019, 2020]",2021,4,Fri,36,18:00,0.4,0.2,60,45,90,450,56,11.0786,53,-199.6,-3.766,False
"[2019, 2020, 2021]",2022,4,Fri,36,18:00,0.4,0.2,60,55,90,450,109,4.2743,53,-858.6,-16.2,False
"[2019, 2020, 2021, 2022]",2023,4,Fri,36,18:00,0.4,0.2,0,0,23,115,342,0.2874,98,310.9,3.1724,True
"[2019, 2020, 2021, 2022, 2023]",2024,4,Fri,36,18:00,0.4,0.2,0,0,22,110,440,0.9607,119,-33.9,-0.2849,False
"[2019, 2020, 2021, 2022, 2023, 2024]",2025,4,Fri,36,18:00,0.4,0.2,0,0,22,110,559,0.6955,132,222.6,1.6864,True
"[2019, 2020, 2021, 2022, 2023, 2024, 2025]",2026,4,Fri,36,18:00,0.4,0.2,60,60,95,475,347,2.0009,4,-7.1,-1.775,False
"[2019, 2020]",2021,4,Fri,37,18:30,0.4,0.2,0,0,17,85,113,0.2425,76,-10.7,-0.1408,False
"[2019, 2020, 2021]",2022,4,Fri,37,18:30,0.4,0.2,0,0,17,85,189,0.0884,93,388.3,4.1753,True
"[2019, 2020, 2021, 2022]",2023,4,Fri,37,18:30,0.4,0.2,0,0,21,105,282,1.5993,107,-43.7,-0.4084,False
"[2019, 2020, 2021, 2022, 2023]",2024,4,Fri,37,18:30,0.4,0.2,0,0,21,105,389,1.047,112,-167.7,-1.4973,False
"[2019, 2020, 2021, 2022, 2023, 2024]",2025,4,Fri,37,18:30,0.4,0.2,0,0,21,105,501,0.4782,80,47.0,0.5875,True
"[2019, 2020, 2021, 2022, 2023, 2024, 2025]",2026,4,Fri,37,18:30,0.4,0.2,0,0,17,85,581,0.5248,6,-9.0,-1.5,False
[2019],2020,4,Fri,38,19:00,0.4,0.2,0,55,30,150,20,2.38,143,-805.3,-5.6315,False
"[2019, 2020]",2021,4,Fri,38,19:00,0.4,0.2,35,60,88,440,109,7.3771,78,-461.7,-5.9192,False
"[2019, 2020, 2021]",2022,4,Fri,38,19:00,0.4,0.2,35,60,147,735,187,2.1455,74,393.6,5.3189,True
"[2019, 2020, 2021, 2022]",2023,4,Fri,38,19:00,0.4,0.2,25,60,164,820,293,3.2621,55,-223.6,-4.0655,False
"[2019, 2020, 2021, 2022, 2023]",2024,4,Fri,38,19:00,0.4,0.2,35,60,225,1125,309,2.4761,69,-530.6,-7.6899,False
"[2019, 2020, 2021, 2022, 2023, 2024]",2025,4,Fri,38,19:00,0.4,0.2,25,60,227,1135,428,0.6393,91,-140.9,-1.5484,False
"[2019, 2020, 2021, 2022, 2023, 2024, 2025]",2026,4,Fri,38,19:00,0.4,0.2,0,60,169,845,723,0.8927,21,30.3,1.4429,True
"[2019, 2020]",2021,4,Fri,39,19:30,0.4,0.2,0,0,14,70,128,1.6781,114,-182.6,-1.6018,False
"[2019, 2020, 2021]",2022,4,Fri,39,19:30,0.4,0.2,0,0,14,70,242,0.1331,93,-11.0,-0.1183,False
"[2019, 2020, 2021, 2022]",2023,4,Fri,39,19:30,0.4,0.2,0,0,169,845,335,0.5451,96,-578.2,-6.0229,False
"[2019, 2020]",2021,4,Fri,40,20:00,0.4,0.2,60,60,150,750,83,10.847,55,-439.2,-7.9855,False
"[2019, 2020, 2021]",2022,4,Fri,40,20:00,0.4,0.2,60,60,150,750,138,3.3413,58,-816.2,-14.0724,False
"[2019, 2020, 2021, 2022]",2023,4,Fri,40,20:00,0.4,0.2,0,60,81,405,433,0.8751,114,-400.1,-3.5096,False
"[2019, 2020]",2021,4,Fri,41,20:30,0.4,0.2,30,60,191,955,58,6.5121,66,-766.2,-11.6091,False
"[2019, 2020, 2021, 2022, 2023, 2024, 2025]",2026,4,Fri,41,20:30,0.4,0.2,0,60,107,535,727,0.1602,11,-52.5,-4.7727,False
[2019],2020,4,Fri,42,21:00,0.4,0.2,30,60,435,2175,18,13.1333,36,923.4,25.65,True
"[2019, 2020]",2021,4,Fri,42,21:00,0.4,0.2,45,0,64,320,38,35.7737,15,-242.9,-16.1933,False
"[2019, 2020, 2021]",2022,4,Fri,42,21:00,0.4,0.2,50,0,63,315,49,23.5143,23,-369.2,-16.0522,False
"[2019, 2020, 2021, 2022]",2023,4,Fri,42,21:00,0.4,0.2,50,0,63,315,72,10.875,16,-177.4,-11.0875,False
"[2019, 2020, 2021, 2022, 2023]",2024,4,Fri,42,21:00,0.4,0.2,50,0,63,315,88,6.8818,17,-156.8,-9.2235,False
"[2019, 2020, 2021, 2022, 2023, 2024]",2025,4,Fri,42,21:00,0.4,0.2,50,0,63,315,105,4.2743,20,41.9,2.095,True
[2019],2020,4,Fri,43,21:30,0.4,0.2,25,0,483,2415,16,9.15,20,137.7,6.885,True
"[2019, 2020]",2021,4,Fri,43,21:30,0.4,0.2,60,0,476,2380,25,18.384,12,-73.1,-6.0917,False
"[2019, 2020, 2021]",2022,4,Fri,43,21:30,0.4,0.2,60,0,476,2380,37,10.4459,17,60.0,3.5294,True
"[2019, 2020, 2021, 2022]",2023,4,Fri,43,21:30,0.4,0.2,60,0,476,2380,54,8.2685,14,130.9,9.35,True
"[2019, 2020, 2021, 2022, 2023]",2024,4,Fri,43,21:30,0.4,0.2,60,0,200,1000,68,8.8853,19,-92.9,-4.8895,False
"[2019, 2020, 2021, 2022, 2023, 2024]",2025,4,Fri,43,21:30,0.4,0.2,60,0,200,1000,87,5.877,14,-144.0,-10.2857,False
"[2019, 2020, 2021, 2022, 2023, 2024, 2025]",2026,4,Fri,43,21:30,0.4,0.2,60,0,200,1000,101,3.6366,8,-106.1,-13.2625,False
